wafer_id,die_row,die_col,predicted_label
W_F_0014,0,17,1
W_F_0014,0,18,0
W_F_0014,0,19,1
W_F_0014,0,20,1
W_F_0014,0,21,0
W_F_0014,0,22,1
W_F_0014,1,14,0
W_F_0014,1,15,0
W_F_0014,1,16,0
W_F_0014,1,17,0
W_F_0014,1,18,0
W_F_0014,1,19,0
W_F_0014,1,20,0
W_F_0014,1,21,0
W_F_0014,1,22,0
W_F_0014,1,23,0
W_F_0014,1,24,0
W_F_0014,1,25,0
W_F_0014,2,11,0
W_F_0014,2,12,1
W_F_0014,2,13,1
W_F_0014,2,14,1
W_F_0014,2,15,0
W_F_0014,2,16,0
W_F_0014,2,17,0
W_F_0014,2,18,0
W_F_0014,2,19,0
W_F_0014,2,20,0
W_F_0014,2,21,0
W_F_0014,2,22,0
W_F_0014,2,23,0
W_F_0014,2,24,0
W_F_0014,2,25,0
W_F_0014,2,26,0
W_F_0014,2,27,1
W_F_0014,2,28,1
W_F_0014,3,10,1
W_F_0014,3,11,0
W_F_0014,3,12,0
W_F_0014,3,13,1
W_F_0014,3,14,0
W_F_0014,3,15,0
W_F_0014,3,16,0
W_F_0014,3,17,0
W_F_0014,3,18,0
W_F_0014,3,19,0
W_F_0014,3,20,1
W_F_0014,3,21,0
W_F_0014,3,22,0
W_F_0014,3,23,0
W_F_0014,3,24,0
W_F_0014,3,25,0
W_F_0014,3,26,0
W_F_0014,3,27,0
W_F_0014,3,28,0
W_F_0014,3,29,0
W_F_0014,4,8,1
W_F_0014,4,9,0
W_F_0014,4,10,0
W_F_0014,4,11,0
W_F_0014,4,12,1
W_F_0014,4,13,0
W_F_0014,4,14,0
W_F_0014,4,15,0
W_F_0014,4,16,0
W_F_0014,4,17,0
W_F_0014,4,18,0
W_F_0014,4,19,0
W_F_0014,4,20,1
W_F_0014,4,21,0
W_F_0014,4,22,0
W_F_0014,4,23,0
W_F_0014,4,24,0
W_F_0014,4,25,0
W_F_0014,4,26,0
W_F_0014,4,27,0
W_F_0014,4,28,0
W_F_0014,4,29,0
W_F_0014,4,30,0
W_F_0014,4,31,0
W_F_0014,5,7,0
W_F_0014,5,8,0
W_F_0014,5,9,0
W_F_0014,5,10,0
W_F_0014,5,11,0
W_F_0014,5,12,1
W_F_0014,5,13,0
W_F_0014,5,14,0
W_F_0014,5,15,0
W_F_0014,5,16,0
W_F_0014,5,17,0
W_F_0014,5,18,0
W_F_0014,5,19,1
W_F_0014,5,20,0
W_F_0014,5,21,0
W_F_0014,5,22,0
W_F_0014,5,23,0
W_F_0014,5,24,0
W_F_0014,5,25,0
W_F_0014,5,26,0
W_F_0014,5,27,1
W_F_0014,5,28,1
W_F_0014,5,29,1
W_F_0014,5,30,1
W_F_0014,5,31,0
W_F_0014,5,32,0
W_F_0014,6,6,1
W_F_0014,6,7,1
W_F_0014,6,8,1
W_F_0014,6,9,1
W_F_0014,6,10,0
W_F_0014,6,11,1
W_F_0014,6,12,0
W_F_0014,6,13,1
W_F_0014,6,14,1
W_F_0014,6,15,0
W_F_0014,6,16,0
W_F_0014,6,17,0
W_F_0014,6,18,0
W_F_0014,6,19,0
W_F_0014,6,20,0
W_F_0014,6,21,0
W_F_0014,6,22,0
W_F_0014,6,23,0
W_F_0014,6,24,0
W_F_0014,6,25,1
W_F_0014,6,26,0
W_F_0014,6,27,1
W_F_0014,6,28,0
W_F_0014,6,29,0
W_F_0014,6,30,0
W_F_0014,6,31,1
W_F_0014,6,32,0
W_F_0014,6,33,0
W_F_0014,7,5,1
W_F_0014,7,6,1
W_F_0014,7,7,1
W_F_0014,7,8,0
W_F_0014,7,9,0
W_F_0014,7,10,1
W_F_0014,7,11,1
W_F_0014,7,12,0
W_F_0014,7,13,0
W_F_0014,7,14,0
W_F_0014,7,15,0
W_F_0014,7,16,0
W_F_0014,7,17,0
W_F_0014,7,18,0
W_F_0014,7,19,0
W_F_0014,7,20,0
W_F_0014,7,21,0
W_F_0014,7,22,0
W_F_0014,7,23,0
W_F_0014,7,24,1
W_F_0014,7,25,0
W_F_0014,7,26,0
W_F_0014,7,27,0
W_F_0014,7,28,0
W_F_0014,7,29,0
W_F_0014,7,30,0
W_F_0014,7,31,1
W_F_0014,7,32,1
W_F_0014,7,33,0
W_F_0014,7,34,0
W_F_0014,8,4,0
W_F_0014,8,5,1
W_F_0014,8,6,1
W_F_0014,8,7,1
W_F_0014,8,8,1
W_F_0014,8,9,1
W_F_0014,8,10,0
W_F_0014,8,11,0
W_F_0014,8,12,0
W_F_0014,8,13,0
W_F_0014,8,14,0
W_F_0014,8,15,0
W_F_0014,8,16,0
W_F_0014,8,17,0
W_F_0014,8,18,0
W_F_0014,8,19,0
W_F_0014,8,20,0
W_F_0014,8,21,0
W_F_0014,8,22,0
W_F_0014,8,23,0
W_F_0014,8,24,0
W_F_0014,8,25,0
W_F_0014,8,26,0
W_F_0014,8,27,0
W_F_0014,8,28,0
W_F_0014,8,29,0
W_F_0014,8,30,0
W_F_0014,8,31,0
W_F_0014,8,32,1
W_F_0014,8,33,1
W_F_0014,8,34,0
W_F_0014,8,35,0
W_F_0014,9,4,0
W_F_0014,9,5,0
W_F_0014,9,6,1
W_F_0014,9,7,0
W_F_0014,9,8,0
W_F_0014,9,9,0
W_F_0014,9,10,1
W_F_0014,9,11,1
W_F_0014,9,12,1
W_F_0014,9,13,0
W_F_0014,9,14,0
W_F_0014,9,15,0
W_F_0014,9,16,0
W_F_0014,9,17,0
W_F_0014,9,18,0
W_F_0014,9,19,0
W_F_0014,9,20,0
W_F_0014,9,21,0
W_F_0014,9,22,1
W_F_0014,9,23,0
W_F_0014,9,24,0
W_F_0014,9,25,0
W_F_0014,9,26,0
W_F_0014,9,27,0
W_F_0014,9,28,1
W_F_0014,9,29,0
W_F_0014,9,30,0
W_F_0014,9,31,0
W_F_0014,9,32,0
W_F_0014,9,33,0
W_F_0014,9,34,1
W_F_0014,9,35,1
W_F_0014,10,3,0
W_F_0014,10,4,1
W_F_0014,10,5,0
W_F_0014,10,6,0
W_F_0014,10,7,1
W_F_0014,10,8,0
W_F_0014,10,9,0
W_F_0014,10,10,0
W_F_0014,10,11,0
W_F_0014,10,12,1
W_F_0014,10,13,0
W_F_0014,10,14,0
W_F_0014,10,15,0
W_F_0014,10,16,0
W_F_0014,10,17,0
W_F_0014,10,18,0
W_F_0014,10,19,0
W_F_0014,10,20,0
W_F_0014,10,21,0
W_F_0014,10,22,0
W_F_0014,10,23,0
W_F_0014,10,24,1
W_F_0014,10,25,0
W_F_0014,10,26,0
W_F_0014,10,27,0
W_F_0014,10,28,0
W_F_0014,10,29,1
W_F_0014,10,30,0
W_F_0014,10,31,0
W_F_0014,10,32,0
W_F_0014,10,33,0
W_F_0014,10,34,0
W_F_0014,10,35,1
W_F_0014,10,36,0
W_F_0014,11,3,1
W_F_0014,11,4,1
W_F_0014,11,5,0
W_F_0014,11,6,1
W_F_0014,11,7,1
W_F_0014,11,8,0
W_F_0014,11,9,1
W_F_0014,11,10,0
W_F_0014,11,11,0
W_F_0014,11,12,0
W_F_0014,11,13,0
W_F_0014,11,14,1
W_F_0014,11,15,0
W_F_0014,11,16,0
W_F_0014,11,17,0
W_F_0014,11,18,0
W_F_0014,11,19,0
W_F_0014,11,20,0
W_F_0014,11,21,0
W_F_0014,11,22,0
W_F_0014,11,23,0
W_F_0014,11,24,0
W_F_0014,11,25,0
W_F_0014,11,26,0
W_F_0014,11,27,1
W_F_0014,11,28,0
W_F_0014,11,29,0
W_F_0014,11,30,0
W_F_0014,11,31,0
W_F_0014,11,32,0
W_F_0014,11,33,0
W_F_0014,11,34,0
W_F_0014,11,35,0
W_F_0014,11,36,1
W_F_0014,12,2,0
W_F_0014,12,3,0
W_F_0014,12,4,0
W_F_0014,12,5,0
W_F_0014,12,6,1
W_F_0014,12,7,0
W_F_0014,12,8,0
W_F_0014,12,9,0
W_F_0014,12,10,0
W_F_0014,12,11,0
W_F_0014,12,12,0
W_F_0014,12,13,1
W_F_0014,12,14,1
W_F_0014,12,15,1
W_F_0014,12,16,0
W_F_0014,12,17,0
W_F_0014,12,18,0
W_F_0014,12,19,0
W_F_0014,12,20,0
W_F_0014,12,21,0
W_F_0014,12,22,0
W_F_0014,12,23,0
W_F_0014,12,24,0
W_F_0014,12,25,0
W_F_0014,12,26,0
W_F_0014,12,27,0
W_F_0014,12,28,0
W_F_0014,12,29,0
W_F_0014,12,30,0
W_F_0014,12,31,0
W_F_0014,12,32,0
W_F_0014,12,33,1
W_F_0014,12,34,0
W_F_0014,12,35,0
W_F_0014,12,36,1
W_F_0014,12,37,1
W_F_0014,13,2,1
W_F_0014,13,3,0
W_F_0014,13,4,0
W_F_0014,13,5,0
W_F_0014,13,6,1
W_F_0014,13,7,1
W_F_0014,13,8,0
W_F_0014,13,9,0
W_F_0014,13,10,0
W_F_0014,13,11,0
W_F_0014,13,12,1
W_F_0014,13,13,0
W_F_0014,13,14,1
W_F_0014,13,15,0
W_F_0014,13,16,1
W_F_0014,13,17,0
W_F_0014,13,18,0
W_F_0014,13,19,0
W_F_0014,13,20,0
W_F_0014,13,21,0
W_F_0014,13,22,0
W_F_0014,13,23,0
W_F_0014,13,24,0
W_F_0014,13,25,0
W_F_0014,13,26,0
W_F_0014,13,27,0
W_F_0014,13,28,0
W_F_0014,13,29,0
W_F_0014,13,30,0
W_F_0014,13,31,0
W_F_0014,13,32,0
W_F_0014,13,33,0
W_F_0014,13,34,0
W_F_0014,13,35,0
W_F_0014,13,36,0
W_F_0014,13,37,0
W_F_0014,14,1,1
W_F_0014,14,2,1
W_F_0014,14,3,0
W_F_0014,14,4,0
W_F_0014,14,5,0
W_F_0014,14,6,0
W_F_0014,14,7,1
W_F_0014,14,8,0
W_F_0014,14,9,0
W_F_0014,14,10,1
W_F_0014,14,11,0
W_F_0014,14,12,0
W_F_0014,14,13,0
W_F_0014,14,14,0
W_F_0014,14,15,0
W_F_0014,14,16,1
W_F_0014,14,17,1
W_F_0014,14,18,0
W_F_0014,14,19,0
W_F_0014,14,20,0
W_F_0014,14,21,0
W_F_0014,14,22,0
W_F_0014,14,23,0
W_F_0014,14,24,0
W_F_0014,14,25,0
W_F_0014,14,26,0
W_F_0014,14,27,0
W_F_0014,14,28,0
W_F_0014,14,29,0
W_F_0014,14,30,0
W_F_0014,14,31,0
W_F_0014,14,32,0
W_F_0014,14,33,0
W_F_0014,14,34,1
W_F_0014,14,35,0
W_F_0014,14,36,0
W_F_0014,14,37,0
W_F_0014,14,38,1
W_F_0014,15,1,1
W_F_0014,15,2,1
W_F_0014,15,3,0
W_F_0014,15,4,0
W_F_0014,15,5,0
W_F_0014,15,6,0
W_F_0014,15,7,0
W_F_0014,15,8,0
W_F_0014,15,9,0
W_F_0014,15,10,0
W_F_0014,15,11,1
W_F_0014,15,12,0
W_F_0014,15,13,0
W_F_0014,15,14,0
W_F_0014,15,15,0
W_F_0014,15,16,0
W_F_0014,15,17,1
W_F_0014,15,18,1
W_F_0014,15,19,1
W_F_0014,15,20,0
W_F_0014,15,21,0
W_F_0014,15,22,0
W_F_0014,15,23,1
W_F_0014,15,24,0
W_F_0014,15,25,1
W_F_0014,15,26,1
W_F_0014,15,27,0
W_F_0014,15,28,1
W_F_0014,15,29,0
W_F_0014,15,30,0
W_F_0014,15,31,0
W_F_0014,15,32,0
W_F_0014,15,33,0
W_F_0014,15,34,0
W_F_0014,15,35,0
W_F_0014,15,36,0
W_F_0014,15,37,1
W_F_0014,15,38,1
W_F_0014,16,1,0
W_F_0014,16,2,0
W_F_0014,16,3,1
W_F_0014,16,4,0
W_F_0014,16,5,0
W_F_0014,16,6,0
W_F_0014,16,7,0
W_F_0014,16,8,0
W_F_0014,16,9,1
W_F_0014,16,10,0
W_F_0014,16,11,0
W_F_0014,16,12,0
W_F_0014,16,13,0
W_F_0014,16,14,0
W_F_0014,16,15,0
W_F_0014,16,16,0
W_F_0014,16,17,0
W_F_0014,16,18,0
W_F_0014,16,19,1
W_F_0014,16,20,0
W_F_0014,16,21,0
W_F_0014,16,22,0
W_F_0014,16,23,0
W_F_0014,16,24,0
W_F_0014,16,25,0
W_F_0014,16,26,0
W_F_0014,16,27,0
W_F_0014,16,28,0
W_F_0014,16,29,0
W_F_0014,16,30,0
W_F_0014,16,31,0
W_F_0014,16,32,0
W_F_0014,16,33,0
W_F_0014,16,34,0
W_F_0014,16,35,0
W_F_0014,16,36,0
W_F_0014,16,37,0
W_F_0014,16,38,0
W_F_0014,17,1,0
W_F_0014,17,2,0
W_F_0014,17,3,0
W_F_0014,17,4,1
W_F_0014,17,5,1
W_F_0014,17,6,0
W_F_0014,17,7,0
W_F_0014,17,8,0
W_F_0014,17,9,0
W_F_0014,17,10,0
W_F_0014,17,11,0
W_F_0014,17,12,0
W_F_0014,17,13,0
W_F_0014,17,14,0
W_F_0014,17,15,0
W_F_0014,17,16,0
W_F_0014,17,17,1
W_F_0014,17,18,0
W_F_0014,17,19,0
W_F_0014,17,20,1
W_F_0014,17,21,0
W_F_0014,17,22,0
W_F_0014,17,23,1
W_F_0014,17,24,0
W_F_0014,17,25,0
W_F_0014,17,26,0
W_F_0014,17,27,0
W_F_0014,17,28,1
W_F_0014,17,29,0
W_F_0014,17,30,0
W_F_0014,17,31,0
W_F_0014,17,32,0
W_F_0014,17,33,0
W_F_0014,17,34,0
W_F_0014,17,35,0
W_F_0014,17,36,0
W_F_0014,17,37,0
W_F_0014,17,38,0
W_F_0014,18,1,0
W_F_0014,18,2,0
W_F_0014,18,3,0
W_F_0014,18,4,0
W_F_0014,18,5,0
W_F_0014,18,6,0
W_F_0014,18,7,0
W_F_0014,18,8,0
W_F_0014,18,9,0
W_F_0014,18,10,0
W_F_0014,18,11,0
W_F_0014,18,12,0
W_F_0014,18,13,0
W_F_0014,18,14,0
W_F_0014,18,15,0
W_F_0014,18,16,0
W_F_0014,18,17,0
W_F_0014,18,18,0
W_F_0014,18,19,0
W_F_0014,18,20,0
W_F_0014,18,21,0
W_F_0014,18,22,0
W_F_0014,18,23,1
W_F_0014,18,24,1
W_F_0014,18,25,0
W_F_0014,18,26,0
W_F_0014,18,27,1
W_F_0014,18,28,0
W_F_0014,18,29,0
W_F_0014,18,30,0
W_F_0014,18,31,0
W_F_0014,18,32,0
W_F_0014,18,33,0
W_F_0014,18,34,0
W_F_0014,18,35,0
W_F_0014,18,36,0
W_F_0014,18,37,0
W_F_0014,18,38,0
W_F_0014,18,39,0
W_F_0014,19,0,0
W_F_0014,19,1,1
W_F_0014,19,2,1
W_F_0014,19,3,0
W_F_0014,19,4,0
W_F_0014,19,5,0
W_F_0014,19,6,0
W_F_0014,19,7,0
W_F_0014,19,8,0
W_F_0014,19,9,0
W_F_0014,19,10,0
W_F_0014,19,11,1
W_F_0014,19,12,0
W_F_0014,19,13,1
W_F_0014,19,14,0
W_F_0014,19,15,0
W_F_0014,19,16,0
W_F_0014,19,17,0
W_F_0014,19,18,1
W_F_0014,19,19,0
W_F_0014,19,20,0
W_F_0014,19,21,0
W_F_0014,19,22,0
W_F_0014,19,23,0
W_F_0014,19,24,1
W_F_0014,19,25,0
W_F_0014,19,26,0
W_F_0014,19,27,0
W_F_0014,19,28,1
W_F_0014,19,29,0
W_F_0014,19,30,0
W_F_0014,19,31,0
W_F_0014,19,32,0
W_F_0014,19,33,0
W_F_0014,19,34,1
W_F_0014,19,35,0
W_F_0014,19,36,0
W_F_0014,19,37,0
W_F_0014,19,38,0
W_F_0014,19,39,0
W_F_0014,20,0,1
W_F_0014,20,1,0
W_F_0014,20,2,0
W_F_0014,20,3,0
W_F_0014,20,4,1
W_F_0014,20,5,0
W_F_0014,20,6,0
W_F_0014,20,7,0
W_F_0014,20,8,0
W_F_0014,20,9,0
W_F_0014,20,10,0
W_F_0014,20,11,0
W_F_0014,20,12,0
W_F_0014,20,13,0
W_F_0014,20,14,0
W_F_0014,20,15,0
W_F_0014,20,16,0
W_F_0014,20,17,0
W_F_0014,20,18,1
W_F_0014,20,19,0
W_F_0014,20,20,0
W_F_0014,20,21,0
W_F_0014,20,22,0
W_F_0014,20,23,0
W_F_0014,20,24,0
W_F_0014,20,25,0
W_F_0014,20,26,0
W_F_0014,20,27,0
W_F_0014,20,28,1
W_F_0014,20,29,0
W_F_0014,20,30,0
W_F_0014,20,31,0
W_F_0014,20,32,0
W_F_0014,20,33,0
W_F_0014,20,34,0
W_F_0014,20,35,0
W_F_0014,20,36,0
W_F_0014,20,37,0
W_F_0014,20,38,0
W_F_0014,20,39,0
W_F_0014,21,0,1
W_F_0014,21,1,0
W_F_0014,21,2,0
W_F_0014,21,3,1
W_F_0014,21,4,0
W_F_0014,21,5,1
W_F_0014,21,6,1
W_F_0014,21,7,0
W_F_0014,21,8,0
W_F_0014,21,9,0
W_F_0014,21,10,0
W_F_0014,21,11,0
W_F_0014,21,12,0
W_F_0014,21,13,0
W_F_0014,21,14,0
W_F_0014,21,15,0
W_F_0014,21,16,0
W_F_0014,21,17,0
W_F_0014,21,18,0
W_F_0014,21,19,0
W_F_0014,21,20,0
W_F_0014,21,21,0
W_F_0014,21,22,0
W_F_0014,21,23,0
W_F_0014,21,24,0
W_F_0014,21,25,0
W_F_0014,21,26,0
W_F_0014,21,27,0
W_F_0014,21,28,0
W_F_0014,21,29,0
W_F_0014,21,30,0
W_F_0014,21,31,0
W_F_0014,21,32,0
W_F_0014,21,33,0
W_F_0014,21,34,0
W_F_0014,21,35,0
W_F_0014,21,36,0
W_F_0014,21,37,0
W_F_0014,21,38,0
W_F_0014,21,39,0
W_F_0014,22,0,1
W_F_0014,22,1,1
W_F_0014,22,2,0
W_F_0014,22,3,0
W_F_0014,22,4,1
W_F_0014,22,5,0
W_F_0014,22,6,0
W_F_0014,22,7,0
W_F_0014,22,8,0
W_F_0014,22,9,0
W_F_0014,22,10,0
W_F_0014,22,11,0
W_F_0014,22,12,0
W_F_0014,22,13,0
W_F_0014,22,14,1
W_F_0014,22,15,0
W_F_0014,22,16,0
W_F_0014,22,17,0
W_F_0014,22,18,0
W_F_0014,22,19,0
W_F_0014,22,20,1
W_F_0014,22,21,0
W_F_0014,22,22,0
W_F_0014,22,23,0
W_F_0014,22,24,0
W_F_0014,22,25,0
W_F_0014,22,26,0
W_F_0014,22,27,1
W_F_0014,22,28,0
W_F_0014,22,29,0
W_F_0014,22,30,1
W_F_0014,22,31,0
W_F_0014,22,32,0
W_F_0014,22,33,0
W_F_0014,22,34,0
W_F_0014,22,35,0
W_F_0014,22,36,0
W_F_0014,22,37,1
W_F_0014,22,38,0
W_F_0014,22,39,0
W_F_0014,23,1,0
W_F_0014,23,2,0
W_F_0014,23,3,0
W_F_0014,23,4,0
W_F_0014,23,5,0
W_F_0014,23,6,0
W_F_0014,23,7,0
W_F_0014,23,8,0
W_F_0014,23,9,0
W_F_0014,23,10,0
W_F_0014,23,11,0
W_F_0014,23,12,0
W_F_0014,23,13,0
W_F_0014,23,14,0
W_F_0014,23,15,0
W_F_0014,23,16,0
W_F_0014,23,17,0
W_F_0014,23,18,0
W_F_0014,23,19,0
W_F_0014,23,20,1
W_F_0014,23,21,0
W_F_0014,23,22,0
W_F_0014,23,23,0
W_F_0014,23,24,0
W_F_0014,23,25,0
W_F_0014,23,26,0
W_F_0014,23,27,1
W_F_0014,23,28,0
W_F_0014,23,29,0
W_F_0014,23,30,0
W_F_0014,23,31,0
W_F_0014,23,32,0
W_F_0014,23,33,0
W_F_0014,23,34,0
W_F_0014,23,35,1
W_F_0014,23,36,0
W_F_0014,23,37,0
W_F_0014,23,38,0
W_F_0014,23,39,1
W_F_0014,24,1,0
W_F_0014,24,2,0
W_F_0014,24,3,0
W_F_0014,24,4,0
W_F_0014,24,5,0
W_F_0014,24,6,0
W_F_0014,24,7,0
W_F_0014,24,8,0
W_F_0014,24,9,0
W_F_0014,24,10,0
W_F_0014,24,11,0
W_F_0014,24,12,1
W_F_0014,24,13,1
W_F_0014,24,14,0
W_F_0014,24,15,0
W_F_0014,24,16,0
W_F_0014,24,17,0
W_F_0014,24,18,0
W_F_0014,24,19,0
W_F_0014,24,20,1
W_F_0014,24,21,0
W_F_0014,24,22,0
W_F_0014,24,23,0
W_F_0014,24,24,0
W_F_0014,24,25,0
W_F_0014,24,26,0
W_F_0014,24,27,0
W_F_0014,24,28,0
W_F_0014,24,29,0
W_F_0014,24,30,1
W_F_0014,24,31,0
W_F_0014,24,32,1
W_F_0014,24,33,0
W_F_0014,24,34,0
W_F_0014,24,35,0
W_F_0014,24,36,0
W_F_0014,24,37,0
W_F_0014,24,38,0
W_F_0014,25,1,1
W_F_0014,25,2,0
W_F_0014,25,3,1
W_F_0014,25,4,0
W_F_0014,25,5,0
W_F_0014,25,6,0
W_F_0014,25,7,0
W_F_0014,25,8,0
W_F_0014,25,9,0
W_F_0014,25,10,0
W_F_0014,25,11,1
W_F_0014,25,12,0
W_F_0014,25,13,0
W_F_0014,25,14,0
W_F_0014,25,15,0
W_F_0014,25,16,0
W_F_0014,25,17,1
W_F_0014,25,18,0
W_F_0014,25,19,0
W_F_0014,25,20,1
W_F_0014,25,21,0
W_F_0014,25,22,0
W_F_0014,25,23,0
W_F_0014,25,24,0
W_F_0014,25,25,0
W_F_0014,25,26,0
W_F_0014,25,27,0
W_F_0014,25,28,0
W_F_0014,25,29,0
W_F_0014,25,30,1
W_F_0014,25,31,0
W_F_0014,25,32,0
W_F_0014,25,33,0
W_F_0014,25,34,0
W_F_0014,25,35,0
W_F_0014,25,36,0
W_F_0014,25,37,0
W_F_0014,25,38,1
W_F_0014,26,1,0
W_F_0014,26,2,0
W_F_0014,26,3,0
W_F_0014,26,4,0
W_F_0014,26,5,0
W_F_0014,26,6,0
W_F_0014,26,7,0
W_F_0014,26,8,0
W_F_0014,26,9,0
W_F_0014,26,10,0
W_F_0014,26,11,1
W_F_0014,26,12,0
W_F_0014,26,13,0
W_F_0014,26,14,0
W_F_0014,26,15,0
W_F_0014,26,16,0
W_F_0014,26,17,0
W_F_0014,26,18,0
W_F_0014,26,19,1
W_F_0014,26,20,0
W_F_0014,26,21,1
W_F_0014,26,22,0
W_F_0014,26,23,0
W_F_0014,26,24,1
W_F_0014,26,25,0
W_F_0014,26,26,0
W_F_0014,26,27,0
W_F_0014,26,28,0
W_F_0014,26,29,1
W_F_0014,26,30,0
W_F_0014,26,31,1
W_F_0014,26,32,0
W_F_0014,26,33,0
W_F_0014,26,34,0
W_F_0014,26,35,0
W_F_0014,26,36,0
W_F_0014,26,37,1
W_F_0014,26,38,0
W_F_0014,27,2,0
W_F_0014,27,3,1
W_F_0014,27,4,0
W_F_0014,27,5,0
W_F_0014,27,6,0
W_F_0014,27,7,0
W_F_0014,27,8,1
W_F_0014,27,9,0
W_F_0014,27,10,0
W_F_0014,27,11,0
W_F_0014,27,12,0
W_F_0014,27,13,1
W_F_0014,27,14,0
W_F_0014,27,15,0
W_F_0014,27,16,0
W_F_0014,27,17,0
W_F_0014,27,18,0
W_F_0014,27,19,1
W_F_0014,27,20,0
W_F_0014,27,21,0
W_F_0014,27,22,0
W_F_0014,27,23,0
W_F_0014,27,24,1
W_F_0014,27,25,0
W_F_0014,27,26,0
W_F_0014,27,27,0
W_F_0014,27,28,0
W_F_0014,27,29,0
W_F_0014,27,30,0
W_F_0014,27,31,0
W_F_0014,27,32,0
W_F_0014,27,33,0
W_F_0014,27,34,1
W_F_0014,27,35,0
W_F_0014,27,36,0
W_F_0014,27,37,0
W_F_0014,27,38,0
W_F_0014,28,2,0
W_F_0014,28,3,1
W_F_0014,28,4,0
W_F_0014,28,5,1
W_F_0014,28,6,0
W_F_0014,28,7,1
W_F_0014,28,8,0
W_F_0014,28,9,0
W_F_0014,28,10,0
W_F_0014,28,11,0
W_F_0014,28,12,0
W_F_0014,28,13,1
W_F_0014,28,14,1
W_F_0014,28,15,0
W_F_0014,28,16,0
W_F_0014,28,17,0
W_F_0014,28,18,0
W_F_0014,28,19,1
W_F_0014,28,20,0
W_F_0014,28,21,1
W_F_0014,28,22,0
W_F_0014,28,23,1
W_F_0014,28,24,1
W_F_0014,28,25,0
W_F_0014,28,26,0
W_F_0014,28,27,0
W_F_0014,28,28,0
W_F_0014,28,29,0
W_F_0014,28,30,0
W_F_0014,28,31,0
W_F_0014,28,32,0
W_F_0014,28,33,0
W_F_0014,28,34,0
W_F_0014,28,35,0
W_F_0014,28,36,0
W_F_0014,28,37,0
W_F_0014,29,2,0
W_F_0014,29,3,0
W_F_0014,29,4,0
W_F_0014,29,5,0
W_F_0014,29,6,0
W_F_0014,29,7,0
W_F_0014,29,8,0
W_F_0014,29,9,0
W_F_0014,29,10,0
W_F_0014,29,11,0
W_F_0014,29,12,0
W_F_0014,29,13,0
W_F_0014,29,14,0
W_F_0014,29,15,0
W_F_0014,29,16,0
W_F_0014,29,17,0
W_F_0014,29,18,0
W_F_0014,29,19,0
W_F_0014,29,20,0
W_F_0014,29,21,0
W_F_0014,29,22,0
W_F_0014,29,23,0
W_F_0014,29,24,0
W_F_0014,29,25,0
W_F_0014,29,26,0
W_F_0014,29,27,0
W_F_0014,29,28,0
W_F_0014,29,29,0
W_F_0014,29,30,0
W_F_0014,29,31,0
W_F_0014,29,32,1
W_F_0014,29,33,0
W_F_0014,29,34,0
W_F_0014,29,35,0
W_F_0014,29,36,0
W_F_0014,29,37,0
W_F_0014,30,3,0
W_F_0014,30,4,0
W_F_0014,30,5,1
W_F_0014,30,6,1
W_F_0014,30,7,0
W_F_0014,30,8,0
W_F_0014,30,9,0
W_F_0014,30,10,0
W_F_0014,30,11,1
W_F_0014,30,12,1
W_F_0014,30,13,0
W_F_0014,30,14,0
W_F_0014,30,15,0
W_F_0014,30,16,0
W_F_0014,30,17,0
W_F_0014,30,18,0
W_F_0014,30,19,1
W_F_0014,30,20,0
W_F_0014,30,21,0
W_F_0014,30,22,0
W_F_0014,30,23,0
W_F_0014,30,24,0
W_F_0014,30,25,0
W_F_0014,30,26,0
W_F_0014,30,27,0
W_F_0014,30,28,0
W_F_0014,30,29,1
W_F_0014,30,30,0
W_F_0014,30,31,0
W_F_0014,30,32,0
W_F_0014,30,33,0
W_F_0014,30,34,1
W_F_0014,30,35,0
W_F_0014,30,36,0
W_F_0014,31,3,1
W_F_0014,31,4,0
W_F_0014,31,5,0
W_F_0014,31,6,0
W_F_0014,31,7,0
W_F_0014,31,8,0
W_F_0014,31,9,0
W_F_0014,31,10,1
W_F_0014,31,11,0
W_F_0014,31,12,0
W_F_0014,31,13,0
W_F_0014,31,14,0
W_F_0014,31,15,0
W_F_0014,31,16,1
W_F_0014,31,17,0
W_F_0014,31,18,0
W_F_0014,31,19,1
W_F_0014,31,20,0
W_F_0014,31,21,1
W_F_0014,31,22,0
W_F_0014,31,23,0
W_F_0014,31,24,0
W_F_0014,31,25,0
W_F_0014,31,26,0
W_F_0014,31,27,0
W_F_0014,31,28,0
W_F_0014,31,29,1
W_F_0014,31,30,0
W_F_0014,31,31,0
W_F_0014,31,32,0
W_F_0014,31,33,0
W_F_0014,31,34,0
W_F_0014,31,35,0
W_F_0014,31,36,1
W_F_0014,32,4,1
W_F_0014,32,5,0
W_F_0014,32,6,0
W_F_0014,32,7,0
W_F_0014,32,8,0
W_F_0014,32,9,0
W_F_0014,32,10,0
W_F_0014,32,11,0
W_F_0014,32,12,0
W_F_0014,32,13,0
W_F_0014,32,14,0
W_F_0014,32,15,0
W_F_0014,32,16,0
W_F_0014,32,17,0
W_F_0014,32,18,0
W_F_0014,32,19,1
W_F_0014,32,20,0
W_F_0014,32,21,1
W_F_0014,32,22,1
W_F_0014,32,23,0
W_F_0014,32,24,0
W_F_0014,32,25,0
W_F_0014,32,26,0
W_F_0014,32,27,1
W_F_0014,32,28,1
W_F_0014,32,29,0
W_F_0014,32,30,0
W_F_0014,32,31,0
W_F_0014,32,32,0
W_F_0014,32,33,0
W_F_0014,32,34,1
W_F_0014,32,35,0
W_F_0014,33,5,0
W_F_0014,33,6,0
W_F_0014,33,7,0
W_F_0014,33,8,0
W_F_0014,33,9,0
W_F_0014,33,10,0
W_F_0014,33,11,0
W_F_0014,33,12,0
W_F_0014,33,13,0
W_F_0014,33,14,0
W_F_0014,33,15,0
W_F_0014,33,16,0
W_F_0014,33,17,0
W_F_0014,33,18,0
W_F_0014,33,19,1
W_F_0014,33,20,0
W_F_0014,33,21,1
W_F_0014,33,22,0
W_F_0014,33,23,0
W_F_0014,33,24,0
W_F_0014,33,25,0
W_F_0014,33,26,0
W_F_0014,33,27,0
W_F_0014,33,28,0
W_F_0014,33,29,0
W_F_0014,33,30,0
W_F_0014,33,31,0
W_F_0014,33,32,1
W_F_0014,33,33,1
W_F_0014,33,34,1
W_F_0014,34,6,0
W_F_0014,34,7,0
W_F_0014,34,8,0
W_F_0014,34,9,0
W_F_0014,34,10,1
W_F_0014,34,11,0
W_F_0014,34,12,0
W_F_0014,34,13,0
W_F_0014,34,14,0
W_F_0014,34,15,1
W_F_0014,34,16,0
W_F_0014,34,17,1
W_F_0014,34,18,0
W_F_0014,34,19,1
W_F_0014,34,20,0
W_F_0014,34,21,1
W_F_0014,34,22,0
W_F_0014,34,23,0
W_F_0014,34,24,0
W_F_0014,34,25,1
W_F_0014,34,26,0
W_F_0014,34,27,0
W_F_0014,34,28,0
W_F_0014,34,29,0
W_F_0014,34,30,0
W_F_0014,34,31,0
W_F_0014,34,32,0
W_F_0014,34,33,0
W_F_0014,35,7,0
W_F_0014,35,8,0
W_F_0014,35,9,0
W_F_0014,35,10,0
W_F_0014,35,11,0
W_F_0014,35,12,0
W_F_0014,35,13,0
W_F_0014,35,14,0
W_F_0014,35,15,0
W_F_0014,35,16,0
W_F_0014,35,17,0
W_F_0014,35,18,1
W_F_0014,35,19,0
W_F_0014,35,20,1
W_F_0014,35,21,0
W_F_0014,35,22,0
W_F_0014,35,23,0
W_F_0014,35,24,0
W_F_0014,35,25,0
W_F_0014,35,26,1
W_F_0014,35,27,0
W_F_0014,35,28,1
W_F_0014,35,29,0
W_F_0014,35,30,1
W_F_0014,35,31,1
W_F_0014,35,32,0
W_F_0014,36,8,0
W_F_0014,36,9,0
W_F_0014,36,10,0
W_F_0014,36,11,0
W_F_0014,36,12,0
W_F_0014,36,13,0
W_F_0014,36,14,0
W_F_0014,36,15,0
W_F_0014,36,16,1
W_F_0014,36,17,0
W_F_0014,36,18,0
W_F_0014,36,19,0
W_F_0014,36,20,1
W_F_0014,36,21,0
W_F_0014,36,22,0
W_F_0014,36,23,1
W_F_0014,36,24,0
W_F_0014,36,25,0
W_F_0014,36,26,0
W_F_0014,36,27,0
W_F_0014,36,28,1
W_F_0014,36,29,0
W_F_0014,36,30,0
W_F_0014,36,31,0
W_F_0014,37,9,1
W_F_0014,37,10,0
W_F_0014,37,11,1
W_F_0014,37,12,0
W_F_0014,37,13,0
W_F_0014,37,14,0
W_F_0014,37,15,0
W_F_0014,37,16,0
W_F_0014,37,17,1
W_F_0014,37,18,0
W_F_0014,37,19,0
W_F_0014,37,20,1
W_F_0014,37,21,0
W_F_0014,37,22,0
W_F_0014,37,23,0
W_F_0014,37,24,0
W_F_0014,37,25,1
W_F_0014,37,26,1
W_F_0014,37,27,1
W_F_0014,37,28,0
W_F_0014,37,29,1
W_F_0014,37,30,0
W_F_0014,38,11,0
W_F_0014,38,12,1
W_F_0014,38,13,0
W_F_0014,38,14,0
W_F_0014,38,15,0
W_F_0014,38,16,0
W_F_0014,38,17,1
W_F_0014,38,18,0
W_F_0014,38,19,0
W_F_0014,38,20,1
W_F_0014,38,21,0
W_F_0014,38,22,0
W_F_0014,38,23,0
W_F_0014,38,24,0
W_F_0014,38,25,0
W_F_0014,38,26,0
W_F_0014,38,27,0
W_F_0014,38,28,0
W_F_0014,38,29,0
W_F_0014,39,12,1
W_F_0014,39,13,1
W_F_0014,39,14,0
W_F_0014,39,15,0
W_F_0014,39,16,0
W_F_0014,39,17,1
W_F_0014,39,18,0
W_F_0014,39,19,1
W_F_0014,39,20,0
W_F_0014,39,21,0
W_F_0014,39,22,1
W_F_0014,39,23,1
W_F_0014,39,24,0
W_F_0014,39,25,0
W_F_0014,39,26,0
W_F_0014,39,27,1
W_F_0014,40,15,1
W_F_0014,40,16,1
W_F_0014,40,17,0
W_F_0014,40,18,1
W_F_0014,40,19,1
W_F_0014,40,20,0
W_F_0014,40,21,0
W_F_0014,40,22,1
W_F_0014,40,23,1
W_F_0014,40,24,1
W_N_0018,0,10,0
W_N_0018,0,11,0
W_N_0018,0,12,0
W_N_0018,0,14,0
W_N_0018,1,8,0
W_N_0018,1,10,0
W_N_0018,1,11,0
W_N_0018,1,12,0
W_N_0018,1,13,0
W_N_0018,1,14,1
W_N_0018,1,15,0
W_N_0018,1,16,0
W_N_0018,1,17,0
W_N_0018,2,6,0
W_N_0018,2,7,0
W_N_0018,2,8,0
W_N_0018,2,9,0
W_N_0018,2,10,0
W_N_0018,2,11,0
W_N_0018,2,12,0
W_N_0018,2,13,0
W_N_0018,2,14,0
W_N_0018,2,15,0
W_N_0018,2,17,0
W_N_0018,2,18,0
W_N_0018,3,5,0
W_N_0018,3,6,0
W_N_0018,3,7,0
W_N_0018,3,8,0
W_N_0018,3,9,0
W_N_0018,3,10,0
W_N_0018,3,11,0
W_N_0018,3,12,0
W_N_0018,3,13,0
W_N_0018,3,14,0
W_N_0018,3,15,0
W_N_0018,3,16,0
W_N_0018,3,17,0
W_N_0018,3,18,0
W_N_0018,3,19,0
W_N_0018,3,20,1
W_N_0018,4,4,0
W_N_0018,4,5,0
W_N_0018,4,6,0
W_N_0018,4,7,0
W_N_0018,4,8,0
W_N_0018,4,9,0
W_N_0018,4,10,0
W_N_0018,4,11,0
W_N_0018,4,12,0
W_N_0018,4,13,0
W_N_0018,4,14,0
W_N_0018,4,15,0
W_N_0018,4,16,0
W_N_0018,4,17,0
W_N_0018,4,18,0
W_N_0018,4,19,0
W_N_0018,4,20,0
W_N_0018,4,21,0
W_N_0018,5,3,0
W_N_0018,5,4,0
W_N_0018,5,5,0
W_N_0018,5,6,0
W_N_0018,5,7,0
W_N_0018,5,8,0
W_N_0018,5,9,0
W_N_0018,5,10,0
W_N_0018,5,11,0
W_N_0018,5,12,0
W_N_0018,5,13,1
W_N_0018,5,14,0
W_N_0018,5,15,0
W_N_0018,5,16,0
W_N_0018,5,17,0
W_N_0018,5,18,0
W_N_0018,5,19,0
W_N_0018,5,20,0
W_N_0018,5,21,0
W_N_0018,6,2,0
W_N_0018,6,3,0
W_N_0018,6,4,0
W_N_0018,6,5,0
W_N_0018,6,6,0
W_N_0018,6,7,0
W_N_0018,6,8,0
W_N_0018,6,9,0
W_N_0018,6,10,0
W_N_0018,6,11,0
W_N_0018,6,12,0
W_N_0018,6,13,0
W_N_0018,6,14,0
W_N_0018,6,15,0
W_N_0018,6,16,0
W_N_0018,6,17,0
W_N_0018,6,18,0
W_N_0018,6,19,0
W_N_0018,6,20,0
W_N_0018,6,21,0
W_N_0018,6,22,0
W_N_0018,7,2,0
W_N_0018,7,3,0
W_N_0018,7,4,0
W_N_0018,7,5,1
W_N_0018,7,6,0
W_N_0018,7,8,0
W_N_0018,7,9,0
W_N_0018,7,10,0
W_N_0018,7,11,0
W_N_0018,7,12,0
W_N_0018,7,13,0
W_N_0018,7,14,0
W_N_0018,7,15,0
W_N_0018,7,16,1
W_N_0018,7,17,0
W_N_0018,7,18,0
W_N_0018,7,19,0
W_N_0018,7,20,0
W_N_0018,7,21,0
W_N_0018,7,22,0
W_N_0018,7,23,0
W_N_0018,8,1,0
W_N_0018,8,2,0
W_N_0018,8,3,0
W_N_0018,8,4,0
W_N_0018,8,5,0
W_N_0018,8,6,0
W_N_0018,8,7,0
W_N_0018,8,8,0
W_N_0018,8,9,0
W_N_0018,8,10,1
W_N_0018,8,11,0
W_N_0018,8,12,0
W_N_0018,8,13,0
W_N_0018,8,14,0
W_N_0018,8,15,0
W_N_0018,8,16,0
W_N_0018,8,17,0
W_N_0018,8,18,0
W_N_0018,8,19,1
W_N_0018,8,20,0
W_N_0018,8,21,0
W_N_0018,8,22,0
W_N_0018,8,23,0
W_N_0018,9,1,0
W_N_0018,9,2,0
W_N_0018,9,3,0
W_N_0018,9,4,0
W_N_0018,9,5,0
W_N_0018,9,6,0
W_N_0018,9,7,0
W_N_0018,9,8,0
W_N_0018,9,9,0
W_N_0018,9,10,0
W_N_0018,9,11,0
W_N_0018,9,12,0
W_N_0018,9,13,0
W_N_0018,9,14,0
W_N_0018,9,15,0
W_N_0018,9,16,0
W_N_0018,9,17,0
W_N_0018,9,18,0
W_N_0018,9,19,0
W_N_0018,9,20,0
W_N_0018,9,21,0
W_N_0018,9,22,0
W_N_0018,9,23,0
W_N_0018,10,1,1
W_N_0018,10,2,0
W_N_0018,10,3,1
W_N_0018,10,4,0
W_N_0018,10,5,0
W_N_0018,10,6,0
W_N_0018,10,7,0
W_N_0018,10,8,0
W_N_0018,10,9,0
W_N_0018,10,10,0
W_N_0018,10,11,0
W_N_0018,10,12,0
W_N_0018,10,13,0
W_N_0018,10,14,0
W_N_0018,10,15,0
W_N_0018,10,16,0
W_N_0018,10,17,0
W_N_0018,10,18,0
W_N_0018,10,19,0
W_N_0018,10,20,0
W_N_0018,10,21,0
W_N_0018,10,22,0
W_N_0018,10,23,0
W_N_0018,10,24,0
W_N_0018,11,0,1
W_N_0018,11,1,0
W_N_0018,11,2,0
W_N_0018,11,3,0
W_N_0018,11,4,0
W_N_0018,11,5,0
W_N_0018,11,6,0
W_N_0018,11,7,0
W_N_0018,11,8,0
W_N_0018,11,9,0
W_N_0018,11,10,0
W_N_0018,11,11,0
W_N_0018,11,12,0
W_N_0018,11,13,1
W_N_0018,11,14,0
W_N_0018,11,15,0
W_N_0018,11,16,1
W_N_0018,11,17,0
W_N_0018,11,18,1
W_N_0018,11,19,0
W_N_0018,11,20,0
W_N_0018,11,21,0
W_N_0018,11,22,0
W_N_0018,11,23,0
W_N_0018,11,24,0
W_N_0018,12,0,0
W_N_0018,12,1,1
W_N_0018,12,2,0
W_N_0018,12,3,1
W_N_0018,12,5,0
W_N_0018,12,6,0
W_N_0018,12,7,0
W_N_0018,12,8,0
W_N_0018,12,9,0
W_N_0018,12,10,0
W_N_0018,12,11,0
W_N_0018,12,12,0
W_N_0018,12,13,0
W_N_0018,12,14,0
W_N_0018,12,15,0
W_N_0018,12,16,0
W_N_0018,12,17,0
W_N_0018,12,18,0
W_N_0018,12,19,0
W_N_0018,12,20,0
W_N_0018,12,21,0
W_N_0018,12,22,0
W_N_0018,12,23,0
W_N_0018,12,24,1
W_N_0018,13,0,0
W_N_0018,13,2,0
W_N_0018,13,3,0
W_N_0018,13,4,0
W_N_0018,13,5,0
W_N_0018,13,6,0
W_N_0018,13,7,0
W_N_0018,13,8,0
W_N_0018,13,9,0
W_N_0018,13,10,0
W_N_0018,13,11,0
W_N_0018,13,12,1
W_N_0018,13,13,1
W_N_0018,13,14,0
W_N_0018,13,15,0
W_N_0018,13,16,0
W_N_0018,13,17,0
W_N_0018,13,18,0
W_N_0018,13,19,0
W_N_0018,13,20,0
W_N_0018,13,21,0
W_N_0018,13,22,1
W_N_0018,13,23,0
W_N_0018,13,24,0
W_N_0018,14,0,1
W_N_0018,14,1,1
W_N_0018,14,2,0
W_N_0018,14,3,0
W_N_0018,14,4,0
W_N_0018,14,5,1
W_N_0018,14,6,0
W_N_0018,14,7,0
W_N_0018,14,8,0
W_N_0018,14,9,0
W_N_0018,14,10,0
W_N_0018,14,11,0
W_N_0018,14,12,1
W_N_0018,14,13,0
W_N_0018,14,14,0
W_N_0018,14,15,0
W_N_0018,14,16,0
W_N_0018,14,17,0
W_N_0018,14,18,0
W_N_0018,14,19,0
W_N_0018,14,20,0
W_N_0018,14,21,0
W_N_0018,14,22,0
W_N_0018,14,23,0
W_N_0018,14,24,0
W_N_0018,15,0,1
W_N_0018,15,1,1
W_N_0018,15,2,0
W_N_0018,15,3,0
W_N_0018,15,4,0
W_N_0018,15,5,0
W_N_0018,15,6,0
W_N_0018,15,7,0
W_N_0018,15,8,0
W_N_0018,15,9,0
W_N_0018,15,10,1
W_N_0018,15,11,0
W_N_0018,15,12,0
W_N_0018,15,13,0
W_N_0018,15,14,0
W_N_0018,15,15,0
W_N_0018,15,16,0
W_N_0018,15,17,0
W_N_0018,15,18,0
W_N_0018,15,19,0
W_N_0018,15,20,0
W_N_0018,15,21,1
W_N_0018,15,22,0
W_N_0018,15,23,0
W_N_0018,15,24,0
W_N_0018,16,1,0
W_N_0018,16,2,0
W_N_0018,16,3,0
W_N_0018,16,4,0
W_N_0018,16,5,0
W_N_0018,16,6,0
W_N_0018,16,7,0
W_N_0018,16,8,0
W_N_0018,16,9,0
W_N_0018,16,11,0
W_N_0018,16,12,0
W_N_0018,16,13,0
W_N_0018,16,14,0
W_N_0018,16,15,0
W_N_0018,16,16,0
W_N_0018,16,17,0
W_N_0018,16,18,1
W_N_0018,16,19,0
W_N_0018,16,20,0
W_N_0018,16,21,0
W_N_0018,16,22,0
W_N_0018,16,23,0
W_N_0018,16,24,0
W_N_0018,17,1,1
W_N_0018,17,2,0
W_N_0018,17,3,0
W_N_0018,17,4,0
W_N_0018,17,5,0
W_N_0018,17,6,0
W_N_0018,17,7,0
W_N_0018,17,8,0
W_N_0018,17,9,0
W_N_0018,17,10,0
W_N_0018,17,11,0
W_N_0018,17,12,0
W_N_0018,17,14,0
W_N_0018,17,15,0
W_N_0018,17,16,0
W_N_0018,17,17,0
W_N_0018,17,18,0
W_N_0018,17,19,0
W_N_0018,17,20,0
W_N_0018,17,21,1
W_N_0018,17,22,0
W_N_0018,17,23,0
W_N_0018,17,24,1
W_N_0018,18,2,0
W_N_0018,18,3,1
W_N_0018,18,4,0
W_N_0018,18,5,0
W_N_0018,18,6,0
W_N_0018,18,7,0
W_N_0018,18,8,0
W_N_0018,18,9,0
W_N_0018,18,10,0
W_N_0018,18,11,0
W_N_0018,18,12,0
W_N_0018,18,13,0
W_N_0018,18,14,0
W_N_0018,18,15,0
W_N_0018,18,16,0
W_N_0018,18,17,0
W_N_0018,18,18,0
W_N_0018,18,19,0
W_N_0018,18,20,1
W_N_0018,18,21,0
W_N_0018,18,22,0
W_N_0018,19,2,0
W_N_0018,19,3,0
W_N_0018,19,4,0
W_N_0018,19,5,0
W_N_0018,19,6,0
W_N_0018,19,7,0
W_N_0018,19,9,0
W_N_0018,19,10,0
W_N_0018,19,11,0
W_N_0018,19,12,0
W_N_0018,19,13,0
W_N_0018,19,14,0
W_N_0018,19,15,0
W_N_0018,19,16,0
W_N_0018,19,17,0
W_N_0018,19,18,0
W_N_0018,19,19,0
W_N_0018,19,20,0
W_N_0018,19,21,0
W_N_0018,19,22,0
W_N_0018,19,23,0
W_N_0018,20,2,0
W_N_0018,20,3,0
W_N_0018,20,4,0
W_N_0018,20,5,0
W_N_0018,20,6,0
W_N_0018,20,7,0
W_N_0018,20,8,0
W_N_0018,20,9,0
W_N_0018,20,10,0
W_N_0018,20,11,0
W_N_0018,20,12,0
W_N_0018,20,13,0
W_N_0018,20,14,0
W_N_0018,20,15,0
W_N_0018,20,16,1
W_N_0018,20,17,0
W_N_0018,20,18,0
W_N_0018,20,19,1
W_N_0018,20,20,0
W_N_0018,20,21,0
W_N_0018,20,22,0
W_N_0018,21,3,1
W_N_0018,21,4,0
W_N_0018,21,5,0
W_N_0018,21,6,0
W_N_0018,21,7,0
W_N_0018,21,8,1
W_N_0018,21,9,0
W_N_0018,21,10,0
W_N_0018,21,11,0
W_N_0018,21,12,0
W_N_0018,21,13,0
W_N_0018,21,14,0
W_N_0018,21,15,0
W_N_0018,21,16,0
W_N_0018,21,17,0
W_N_0018,21,18,1
W_N_0018,21,19,0
W_N_0018,21,20,0
W_N_0018,21,21,0
W_N_0018,21,22,0
W_N_0018,22,4,0
W_N_0018,22,5,0
W_N_0018,22,6,0
W_N_0018,22,7,0
W_N_0018,22,8,0
W_N_0018,22,9,0
W_N_0018,22,10,0
W_N_0018,22,11,0
W_N_0018,22,12,0
W_N_0018,22,13,0
W_N_0018,22,14,0
W_N_0018,22,15,0
W_N_0018,22,16,0
W_N_0018,22,17,0
W_N_0018,22,18,0
W_N_0018,22,19,0
W_N_0018,22,20,0
W_N_0018,22,21,0
W_N_0018,23,5,0
W_N_0018,23,6,0
W_N_0018,23,7,0
W_N_0018,23,8,0
W_N_0018,23,9,0
W_N_0018,23,10,0
W_N_0018,23,11,0
W_N_0018,23,12,0
W_N_0018,23,13,0
W_N_0018,23,14,0
W_N_0018,23,15,0
W_N_0018,23,16,0
W_N_0018,23,17,0
W_N_0018,23,18,0
W_N_0018,23,19,0
W_N_0018,23,20,0
W_N_0018,24,6,0
W_N_0018,24,8,0
W_N_0018,24,9,1
W_N_0018,24,10,0
W_N_0018,24,11,0
W_N_0018,24,12,0
W_N_0018,24,13,0
W_N_0018,24,14,0
W_N_0018,24,15,0
W_N_0018,24,16,0
W_N_0018,24,17,0
W_N_0018,24,18,0
W_N_0018,24,19,0
W_N_0018,25,8,0
W_N_0018,25,9,1
W_N_0018,25,10,0
W_N_0018,25,11,1
W_N_0018,25,12,1
W_N_0018,25,13,0
W_N_0018,25,14,0
W_N_0018,25,15,1
W_N_0018,25,16,1
W_N_0018,25,17,1
W_N_0018,26,10,0
W_N_0018,26,11,0
W_N_0018,26,12,0
W_N_0018,26,13,0
W_N_0018,26,14,0
W_N_0018,26,15,0
W_N_0108,0,12,1
W_N_0108,0,13,1
W_N_0108,0,14,1
W_N_0108,1,8,1
W_N_0108,1,9,1
W_N_0108,1,10,0
W_N_0108,1,11,1
W_N_0108,1,12,0
W_N_0108,1,13,0
W_N_0108,1,14,0
W_N_0108,1,15,0
W_N_0108,1,16,0
W_N_0108,1,17,1
W_N_0108,1,18,0
W_N_0108,2,6,0
W_N_0108,2,7,0
W_N_0108,2,8,0
W_N_0108,2,9,0
W_N_0108,2,10,0
W_N_0108,2,11,0
W_N_0108,2,12,0
W_N_0108,2,13,1
W_N_0108,2,14,0
W_N_0108,2,15,1
W_N_0108,2,16,0
W_N_0108,2,17,0
W_N_0108,2,18,0
W_N_0108,2,19,0
W_N_0108,2,20,0
W_N_0108,3,5,0
W_N_0108,3,6,1
W_N_0108,3,7,0
W_N_0108,3,8,0
W_N_0108,3,9,0
W_N_0108,3,10,0
W_N_0108,3,11,1
W_N_0108,3,12,1
W_N_0108,3,13,0
W_N_0108,3,14,0
W_N_0108,3,15,1
W_N_0108,3,16,0
W_N_0108,3,17,0
W_N_0108,3,18,0
W_N_0108,3,19,0
W_N_0108,3,20,0
W_N_0108,3,21,1
W_N_0108,4,4,0
W_N_0108,4,5,1
W_N_0108,4,6,0
W_N_0108,4,7,0
W_N_0108,4,8,0
W_N_0108,4,9,0
W_N_0108,4,10,0
W_N_0108,4,11,0
W_N_0108,4,12,0
W_N_0108,4,13,0
W_N_0108,4,14,0
W_N_0108,4,15,0
W_N_0108,4,16,0
W_N_0108,4,17,0
W_N_0108,4,18,0
W_N_0108,4,19,0
W_N_0108,4,20,0
W_N_0108,4,21,0
W_N_0108,4,22,0
W_N_0108,5,3,0
W_N_0108,5,4,0
W_N_0108,5,5,0
W_N_0108,5,6,0
W_N_0108,5,7,1
W_N_0108,5,8,0
W_N_0108,5,9,0
W_N_0108,5,10,0
W_N_0108,5,11,0
W_N_0108,5,12,0
W_N_0108,5,13,0
W_N_0108,5,14,0
W_N_0108,5,15,0
W_N_0108,5,16,0
W_N_0108,5,17,0
W_N_0108,5,18,0
W_N_0108,5,19,0
W_N_0108,5,20,1
W_N_0108,5,21,0
W_N_0108,5,22,0
W_N_0108,5,23,0
W_N_0108,6,2,1
W_N_0108,6,3,1
W_N_0108,6,4,0
W_N_0108,6,5,1
W_N_0108,6,6,0
W_N_0108,6,7,0
W_N_0108,6,8,1
W_N_0108,6,9,0
W_N_0108,6,10,1
W_N_0108,6,11,0
W_N_0108,6,12,0
W_N_0108,6,13,0
W_N_0108,6,14,0
W_N_0108,6,15,0
W_N_0108,6,16,0
W_N_0108,6,17,0
W_N_0108,6,18,1
W_N_0108,6,19,1
W_N_0108,6,20,0
W_N_0108,6,21,0
W_N_0108,6,22,1
W_N_0108,6,23,0
W_N_0108,6,24,0
W_N_0108,7,1,1
W_N_0108,7,2,0
W_N_0108,7,3,0
W_N_0108,7,4,0
W_N_0108,7,5,0
W_N_0108,7,6,0
W_N_0108,7,7,0
W_N_0108,7,8,0
W_N_0108,7,9,0
W_N_0108,7,10,0
W_N_0108,7,11,1
W_N_0108,7,12,0
W_N_0108,7,13,0
W_N_0108,7,14,0
W_N_0108,7,15,0
W_N_0108,7,16,0
W_N_0108,7,17,0
W_N_0108,7,18,0
W_N_0108,7,19,1
W_N_0108,7,20,0
W_N_0108,7,21,0
W_N_0108,7,22,0
W_N_0108,7,23,0
W_N_0108,7,24,0
W_N_0108,7,25,0
W_N_0108,8,1,0
W_N_0108,8,2,0
W_N_0108,8,3,0
W_N_0108,8,4,1
W_N_0108,8,5,1
W_N_0108,8,6,0
W_N_0108,8,7,0
W_N_0108,8,8,0
W_N_0108,8,9,1
W_N_0108,8,10,0
W_N_0108,8,11,0
W_N_0108,8,12,0
W_N_0108,8,13,0
W_N_0108,8,14,0
W_N_0108,8,15,0
W_N_0108,8,16,0
W_N_0108,8,17,0
W_N_0108,8,18,0
W_N_0108,8,19,1
W_N_0108,8,20,0
W_N_0108,8,21,0
W_N_0108,8,22,0
W_N_0108,8,23,0
W_N_0108,8,24,0
W_N_0108,8,25,0
W_N_0108,9,1,0
W_N_0108,9,2,0
W_N_0108,9,3,0
W_N_0108,9,4,0
W_N_0108,9,5,0
W_N_0108,9,6,0
W_N_0108,9,7,1
W_N_0108,9,8,0
W_N_0108,9,9,0
W_N_0108,9,10,0
W_N_0108,9,11,0
W_N_0108,9,12,0
W_N_0108,9,13,0
W_N_0108,9,14,0
W_N_0108,9,15,0
W_N_0108,9,16,1
W_N_0108,9,17,0
W_N_0108,9,18,1
W_N_0108,9,19,1
W_N_0108,9,20,0
W_N_0108,9,21,0
W_N_0108,9,22,0
W_N_0108,9,23,0
W_N_0108,9,24,0
W_N_0108,9,25,0
W_N_0108,10,0,0
W_N_0108,10,1,0
W_N_0108,10,2,0
W_N_0108,10,3,0
W_N_0108,10,4,0
W_N_0108,10,5,0
W_N_0108,10,6,0
W_N_0108,10,7,0
W_N_0108,10,8,0
W_N_0108,10,9,0
W_N_0108,10,10,0
W_N_0108,10,11,0
W_N_0108,10,12,0
W_N_0108,10,13,0
W_N_0108,10,14,0
W_N_0108,10,15,1
W_N_0108,10,16,0
W_N_0108,10,17,0
W_N_0108,10,18,0
W_N_0108,10,19,0
W_N_0108,10,20,0
W_N_0108,10,21,0
W_N_0108,10,22,0
W_N_0108,10,23,0
W_N_0108,10,24,0
W_N_0108,10,25,1
W_N_0108,10,26,1
W_N_0108,11,0,0
W_N_0108,11,1,0
W_N_0108,11,2,0
W_N_0108,11,3,0
W_N_0108,11,4,0
W_N_0108,11,5,0
W_N_0108,11,6,0
W_N_0108,11,7,0
W_N_0108,11,8,0
W_N_0108,11,9,0
W_N_0108,11,10,1
W_N_0108,11,11,0
W_N_0108,11,12,0
W_N_0108,11,13,0
W_N_0108,11,14,1
W_N_0108,11,15,0
W_N_0108,11,16,0
W_N_0108,11,17,0
W_N_0108,11,18,0
W_N_0108,11,19,0
W_N_0108,11,20,0
W_N_0108,11,21,0
W_N_0108,11,22,0
W_N_0108,11,23,0
W_N_0108,11,24,0
W_N_0108,11,25,1
W_N_0108,11,26,0
W_N_0108,12,0,0
W_N_0108,12,1,0
W_N_0108,12,2,0
W_N_0108,12,3,0
W_N_0108,12,4,0
W_N_0108,12,5,0
W_N_0108,12,6,0
W_N_0108,12,7,0
W_N_0108,12,8,0
W_N_0108,12,9,0
W_N_0108,12,10,0
W_N_0108,12,11,0
W_N_0108,12,12,0
W_N_0108,12,13,1
W_N_0108,12,14,0
W_N_0108,12,15,0
W_N_0108,12,16,0
W_N_0108,12,17,0
W_N_0108,12,18,0
W_N_0108,12,19,1
W_N_0108,12,20,0
W_N_0108,12,21,0
W_N_0108,12,22,1
W_N_0108,12,23,0
W_N_0108,12,24,0
W_N_0108,12,25,0
W_N_0108,12,26,0
W_N_0108,13,0,0
W_N_0108,13,1,0
W_N_0108,13,2,0
W_N_0108,13,3,1
W_N_0108,13,4,0
W_N_0108,13,5,1
W_N_0108,13,6,0
W_N_0108,13,7,0
W_N_0108,13,8,1
W_N_0108,13,9,0
W_N_0108,13,10,0
W_N_0108,13,11,0
W_N_0108,13,12,1
W_N_0108,13,13,0
W_N_0108,13,14,0
W_N_0108,13,15,0
W_N_0108,13,16,0
W_N_0108,13,17,0
W_N_0108,13,18,0
W_N_0108,13,19,0
W_N_0108,13,20,0
W_N_0108,13,21,0
W_N_0108,13,22,0
W_N_0108,13,23,0
W_N_0108,13,24,0
W_N_0108,13,25,0
W_N_0108,13,26,1
W_N_0108,14,0,0
W_N_0108,14,1,0
W_N_0108,14,2,0
W_N_0108,14,3,0
W_N_0108,14,4,0
W_N_0108,14,5,0
W_N_0108,14,6,0
W_N_0108,14,7,0
W_N_0108,14,8,0
W_N_0108,14,9,0
W_N_0108,14,10,0
W_N_0108,14,11,0
W_N_0108,14,12,0
W_N_0108,14,13,0
W_N_0108,14,14,1
W_N_0108,14,15,0
W_N_0108,14,16,0
W_N_0108,14,17,0
W_N_0108,14,18,0
W_N_0108,14,19,0
W_N_0108,14,20,0
W_N_0108,14,21,0
W_N_0108,14,22,0
W_N_0108,14,23,0
W_N_0108,14,24,0
W_N_0108,14,25,0
W_N_0108,14,26,1
W_N_0108,15,0,1
W_N_0108,15,1,0
W_N_0108,15,2,0
W_N_0108,15,3,0
W_N_0108,15,4,1
W_N_0108,15,5,0
W_N_0108,15,6,1
W_N_0108,15,7,0
W_N_0108,15,8,0
W_N_0108,15,9,0
W_N_0108,15,10,0
W_N_0108,15,11,0
W_N_0108,15,12,0
W_N_0108,15,13,0
W_N_0108,15,14,0
W_N_0108,15,15,0
W_N_0108,15,16,0
W_N_0108,15,17,0
W_N_0108,15,18,0
W_N_0108,15,19,0
W_N_0108,15,20,0
W_N_0108,15,21,0
W_N_0108,15,22,0
W_N_0108,15,23,1
W_N_0108,15,24,0
W_N_0108,15,25,0
W_N_0108,15,26,0
W_N_0108,16,1,0
W_N_0108,16,2,0
W_N_0108,16,3,0
W_N_0108,16,4,0
W_N_0108,16,5,0
W_N_0108,16,6,0
W_N_0108,16,7,0
W_N_0108,16,8,0
W_N_0108,16,9,1
W_N_0108,16,10,0
W_N_0108,16,11,0
W_N_0108,16,12,0
W_N_0108,16,13,0
W_N_0108,16,14,0
W_N_0108,16,15,0
W_N_0108,16,16,0
W_N_0108,16,17,0
W_N_0108,16,18,0
W_N_0108,16,19,0
W_N_0108,16,20,0
W_N_0108,16,21,1
W_N_0108,16,22,0
W_N_0108,16,23,1
W_N_0108,16,24,0
W_N_0108,16,25,0
W_N_0108,17,1,0
W_N_0108,17,2,0
W_N_0108,17,3,0
W_N_0108,17,4,1
W_N_0108,17,5,0
W_N_0108,17,6,0
W_N_0108,17,7,0
W_N_0108,17,8,0
W_N_0108,17,9,0
W_N_0108,17,10,0
W_N_0108,17,11,0
W_N_0108,17,12,0
W_N_0108,17,13,0
W_N_0108,17,14,0
W_N_0108,17,15,0
W_N_0108,17,16,0
W_N_0108,17,17,0
W_N_0108,17,18,0
W_N_0108,17,19,0
W_N_0108,17,20,0
W_N_0108,17,21,0
W_N_0108,17,22,0
W_N_0108,17,23,0
W_N_0108,17,24,0
W_N_0108,17,25,0
W_N_0108,18,2,0
W_N_0108,18,3,1
W_N_0108,18,4,0
W_N_0108,18,5,0
W_N_0108,18,6,0
W_N_0108,18,7,0
W_N_0108,18,8,0
W_N_0108,18,9,0
W_N_0108,18,10,0
W_N_0108,18,11,0
W_N_0108,18,12,1
W_N_0108,18,13,1
W_N_0108,18,14,0
W_N_0108,18,15,0
W_N_0108,18,16,0
W_N_0108,18,17,0
W_N_0108,18,18,0
W_N_0108,18,19,0
W_N_0108,18,20,0
W_N_0108,18,21,0
W_N_0108,18,22,0
W_N_0108,18,23,0
W_N_0108,18,24,0
W_N_0108,19,2,1
W_N_0108,19,3,0
W_N_0108,19,4,0
W_N_0108,19,5,0
W_N_0108,19,6,0
W_N_0108,19,7,0
W_N_0108,19,8,0
W_N_0108,19,9,0
W_N_0108,19,10,0
W_N_0108,19,11,0
W_N_0108,19,12,0
W_N_0108,19,13,0
W_N_0108,19,14,0
W_N_0108,19,15,0
W_N_0108,19,16,0
W_N_0108,19,17,0
W_N_0108,19,18,0
W_N_0108,19,19,0
W_N_0108,19,20,0
W_N_0108,19,21,0
W_N_0108,19,22,1
W_N_0108,19,23,1
W_N_0108,20,3,0
W_N_0108,20,4,0
W_N_0108,20,5,0
W_N_0108,20,6,0
W_N_0108,20,7,0
W_N_0108,20,8,0
W_N_0108,20,9,0
W_N_0108,20,10,0
W_N_0108,20,11,0
W_N_0108,20,12,0
W_N_0108,20,13,0
W_N_0108,20,14,0
W_N_0108,20,15,0
W_N_0108,20,16,0
W_N_0108,20,17,0
W_N_0108,20,18,0
W_N_0108,20,19,0
W_N_0108,20,20,0
W_N_0108,20,21,0
W_N_0108,20,22,0
W_N_0108,20,23,1
W_N_0108,21,4,1
W_N_0108,21,5,1
W_N_0108,21,6,1
W_N_0108,21,7,0
W_N_0108,21,8,1
W_N_0108,21,9,0
W_N_0108,21,10,0
W_N_0108,21,11,0
W_N_0108,21,12,0
W_N_0108,21,13,0
W_N_0108,21,14,0
W_N_0108,21,15,1
W_N_0108,21,16,0
W_N_0108,21,17,0
W_N_0108,21,18,0
W_N_0108,21,19,0
W_N_0108,21,20,0
W_N_0108,21,21,0
W_N_0108,21,22,1
W_N_0108,22,6,1
W_N_0108,22,7,1
W_N_0108,22,8,0
W_N_0108,22,9,0
W_N_0108,22,10,0
W_N_0108,22,11,0
W_N_0108,22,12,1
W_N_0108,22,13,0
W_N_0108,22,14,0
W_N_0108,22,15,1
W_N_0108,22,16,1
W_N_0108,22,17,0
W_N_0108,22,18,0
W_N_0108,22,19,0
W_N_0108,22,20,1
W_N_0108,23,7,1
W_N_0108,23,8,1
W_N_0108,23,9,0
W_N_0108,23,10,0
W_N_0108,23,11,1
W_N_0108,23,12,0
W_N_0108,23,13,0
W_N_0108,23,14,0
W_N_0108,23,15,0
W_N_0108,23,16,0
W_N_0108,23,17,0
W_N_0108,23,18,0
W_N_0108,23,19,0
W_N_0108,24,10,0
W_N_0108,24,11,1
W_N_0108,24,12,1
W_N_0108,24,13,0
W_N_0108,24,14,1
W_N_0108,24,15,1
W_N_0108,24,16,0
W_N_0006,0,12,1
W_N_0006,0,13,0
W_N_0006,0,14,1
W_N_0006,1,8,1
W_N_0006,1,9,0
W_N_0006,1,10,0
W_N_0006,1,11,0
W_N_0006,1,12,0
W_N_0006,1,13,0
W_N_0006,1,14,0
W_N_0006,1,15,0
W_N_0006,1,16,1
W_N_0006,1,17,1
W_N_0006,1,18,1
W_N_0006,2,6,1
W_N_0006,2,7,0
W_N_0006,2,8,0
W_N_0006,2,9,0
W_N_0006,2,10,0
W_N_0006,2,11,0
W_N_0006,2,12,0
W_N_0006,2,13,0
W_N_0006,2,14,1
W_N_0006,2,15,1
W_N_0006,2,16,1
W_N_0006,2,17,0
W_N_0006,2,18,0
W_N_0006,2,19,1
W_N_0006,2,20,0
W_N_0006,3,5,1
W_N_0006,3,6,1
W_N_0006,3,7,1
W_N_0006,3,8,0
W_N_0006,3,9,0
W_N_0006,3,10,0
W_N_0006,3,11,0
W_N_0006,3,12,0
W_N_0006,3,13,1
W_N_0006,3,14,0
W_N_0006,3,15,0
W_N_0006,3,16,0
W_N_0006,3,17,0
W_N_0006,3,18,0
W_N_0006,3,19,0
W_N_0006,3,20,0
W_N_0006,3,21,1
W_N_0006,4,4,0
W_N_0006,4,5,1
W_N_0006,4,6,1
W_N_0006,4,7,0
W_N_0006,4,8,0
W_N_0006,4,9,0
W_N_0006,4,10,0
W_N_0006,4,11,0
W_N_0006,4,12,1
W_N_0006,4,13,1
W_N_0006,4,14,0
W_N_0006,4,15,0
W_N_0006,4,16,0
W_N_0006,4,17,0
W_N_0006,4,18,0
W_N_0006,4,19,0
W_N_0006,4,20,0
W_N_0006,4,21,0
W_N_0006,4,22,0
W_N_0006,5,3,1
W_N_0006,5,4,0
W_N_0006,5,5,0
W_N_0006,5,6,0
W_N_0006,5,7,0
W_N_0006,5,8,1
W_N_0006,5,9,1
W_N_0006,5,10,0
W_N_0006,5,11,0
W_N_0006,5,12,0
W_N_0006,5,13,1
W_N_0006,5,14,1
W_N_0006,5,15,0
W_N_0006,5,16,1
W_N_0006,5,17,0
W_N_0006,5,18,1
W_N_0006,5,19,0
W_N_0006,5,20,1
W_N_0006,5,21,0
W_N_0006,5,22,0
W_N_0006,5,23,0
W_N_0006,6,2,0
W_N_0006,6,3,0
W_N_0006,6,4,0
W_N_0006,6,5,1
W_N_0006,6,6,0
W_N_0006,6,7,0
W_N_0006,6,8,0
W_N_0006,6,9,0
W_N_0006,6,10,1
W_N_0006,6,11,0
W_N_0006,6,12,0
W_N_0006,6,13,0
W_N_0006,6,14,0
W_N_0006,6,15,0
W_N_0006,6,16,0
W_N_0006,6,17,0
W_N_0006,6,18,0
W_N_0006,6,19,0
W_N_0006,6,20,0
W_N_0006,6,21,0
W_N_0006,6,22,0
W_N_0006,6,23,0
W_N_0006,6,24,1
W_N_0006,7,1,1
W_N_0006,7,2,0
W_N_0006,7,3,1
W_N_0006,7,4,0
W_N_0006,7,5,0
W_N_0006,7,6,0
W_N_0006,7,7,0
W_N_0006,7,8,0
W_N_0006,7,9,0
W_N_0006,7,10,0
W_N_0006,7,11,0
W_N_0006,7,12,0
W_N_0006,7,13,0
W_N_0006,7,14,0
W_N_0006,7,15,0
W_N_0006,7,16,0
W_N_0006,7,17,0
W_N_0006,7,18,0
W_N_0006,7,19,0
W_N_0006,7,20,1
W_N_0006,7,21,0
W_N_0006,7,22,0
W_N_0006,7,23,0
W_N_0006,7,24,0
W_N_0006,7,25,0
W_N_0006,8,1,1
W_N_0006,8,2,0
W_N_0006,8,3,0
W_N_0006,8,4,0
W_N_0006,8,5,0
W_N_0006,8,6,0
W_N_0006,8,7,0
W_N_0006,8,8,0
W_N_0006,8,9,0
W_N_0006,8,10,0
W_N_0006,8,11,0
W_N_0006,8,12,0
W_N_0006,8,13,0
W_N_0006,8,14,0
W_N_0006,8,15,0
W_N_0006,8,16,0
W_N_0006,8,17,1
W_N_0006,8,18,0
W_N_0006,8,19,0
W_N_0006,8,20,0
W_N_0006,8,21,0
W_N_0006,8,22,1
W_N_0006,8,23,0
W_N_0006,8,24,1
W_N_0006,8,25,0
W_N_0006,9,1,1
W_N_0006,9,2,0
W_N_0006,9,3,1
W_N_0006,9,4,0
W_N_0006,9,5,0
W_N_0006,9,6,0
W_N_0006,9,7,0
W_N_0006,9,8,0
W_N_0006,9,9,0
W_N_0006,9,10,0
W_N_0006,9,11,0
W_N_0006,9,12,0
W_N_0006,9,13,1
W_N_0006,9,14,1
W_N_0006,9,15,0
W_N_0006,9,16,1
W_N_0006,9,17,0
W_N_0006,9,18,1
W_N_0006,9,19,0
W_N_0006,9,20,0
W_N_0006,9,21,0
W_N_0006,9,22,0
W_N_0006,9,23,0
W_N_0006,9,24,0
W_N_0006,9,25,0
W_N_0006,10,0,1
W_N_0006,10,1,1
W_N_0006,10,2,0
W_N_0006,10,3,0
W_N_0006,10,4,0
W_N_0006,10,5,0
W_N_0006,10,6,0
W_N_0006,10,7,0
W_N_0006,10,8,1
W_N_0006,10,9,1
W_N_0006,10,10,0
W_N_0006,10,11,0
W_N_0006,10,12,0
W_N_0006,10,13,0
W_N_0006,10,14,0
W_N_0006,10,15,0
W_N_0006,10,16,0
W_N_0006,10,17,0
W_N_0006,10,18,0
W_N_0006,10,19,1
W_N_0006,10,20,0
W_N_0006,10,21,0
W_N_0006,10,22,1
W_N_0006,10,23,0
W_N_0006,10,24,0
W_N_0006,10,25,0
W_N_0006,10,26,1
W_N_0006,11,0,0
W_N_0006,11,1,0
W_N_0006,11,2,0
W_N_0006,11,3,0
W_N_0006,11,4,0
W_N_0006,11,5,1
W_N_0006,11,6,0
W_N_0006,11,7,0
W_N_0006,11,8,0
W_N_0006,11,9,0
W_N_0006,11,10,0
W_N_0006,11,11,1
W_N_0006,11,12,1
W_N_0006,11,13,0
W_N_0006,11,14,1
W_N_0006,11,15,0
W_N_0006,11,16,1
W_N_0006,11,17,1
W_N_0006,11,18,0
W_N_0006,11,19,0
W_N_0006,11,20,0
W_N_0006,11,21,0
W_N_0006,11,22,0
W_N_0006,11,23,0
W_N_0006,11,24,0
W_N_0006,11,25,0
W_N_0006,11,26,0
W_N_0006,12,0,1
W_N_0006,12,1,1
W_N_0006,12,2,1
W_N_0006,12,3,1
W_N_0006,12,4,0
W_N_0006,12,5,0
W_N_0006,12,6,0
W_N_0006,12,7,1
W_N_0006,12,8,0
W_N_0006,12,9,0
W_N_0006,12,10,0
W_N_0006,12,11,0
W_N_0006,12,12,0
W_N_0006,12,13,1
W_N_0006,12,14,1
W_N_0006,12,15,0
W_N_0006,12,16,1
W_N_0006,12,17,0
W_N_0006,12,18,0
W_N_0006,12,19,0
W_N_0006,12,20,0
W_N_0006,12,21,0
W_N_0006,12,22,0
W_N_0006,12,23,1
W_N_0006,12,24,1
W_N_0006,12,25,0
W_N_0006,12,26,0
W_N_0006,13,0,0
W_N_0006,13,1,0
W_N_0006,13,2,0
W_N_0006,13,3,0
W_N_0006,13,4,0
W_N_0006,13,5,1
W_N_0006,13,6,0
W_N_0006,13,7,0
W_N_0006,13,8,0
W_N_0006,13,9,0
W_N_0006,13,10,0
W_N_0006,13,11,1
W_N_0006,13,12,0
W_N_0006,13,13,1
W_N_0006,13,14,1
W_N_0006,13,15,0
W_N_0006,13,16,0
W_N_0006,13,17,0
W_N_0006,13,18,0
W_N_0006,13,19,0
W_N_0006,13,20,0
W_N_0006,13,21,1
W_N_0006,13,22,0
W_N_0006,13,23,0
W_N_0006,13,24,0
W_N_0006,13,25,0
W_N_0006,13,26,0
W_N_0006,14,0,1
W_N_0006,14,1,0
W_N_0006,14,2,1
W_N_0006,14,3,1
W_N_0006,14,4,0
W_N_0006,14,5,0
W_N_0006,14,6,0
W_N_0006,14,7,0
W_N_0006,14,8,0
W_N_0006,14,9,1
W_N_0006,14,10,0
W_N_0006,14,11,0
W_N_0006,14,12,0
W_N_0006,14,13,0
W_N_0006,14,14,0
W_N_0006,14,15,1
W_N_0006,14,16,0
W_N_0006,14,17,0
W_N_0006,14,18,0
W_N_0006,14,19,0
W_N_0006,14,20,0
W_N_0006,14,21,0
W_N_0006,14,22,0
W_N_0006,14,23,1
W_N_0006,14,24,0
W_N_0006,14,25,0
W_N_0006,14,26,1
W_N_0006,15,0,1
W_N_0006,15,1,0
W_N_0006,15,2,1
W_N_0006,15,3,1
W_N_0006,15,4,0
W_N_0006,15,5,1
W_N_0006,15,6,0
W_N_0006,15,7,0
W_N_0006,15,8,1
W_N_0006,15,9,0
W_N_0006,15,10,0
W_N_0006,15,11,0
W_N_0006,15,12,0
W_N_0006,15,13,0
W_N_0006,15,14,1
W_N_0006,15,15,1
W_N_0006,15,16,0
W_N_0006,15,17,1
W_N_0006,15,18,0
W_N_0006,15,19,0
W_N_0006,15,20,0
W_N_0006,15,21,0
W_N_0006,15,22,0
W_N_0006,15,23,1
W_N_0006,15,24,0
W_N_0006,15,25,0
W_N_0006,15,26,1
W_N_0006,16,1,1
W_N_0006,16,2,0
W_N_0006,16,3,0
W_N_0006,16,4,0
W_N_0006,16,5,0
W_N_0006,16,6,0
W_N_0006,16,7,0
W_N_0006,16,8,0
W_N_0006,16,9,0
W_N_0006,16,10,1
W_N_0006,16,11,0
W_N_0006,16,12,0
W_N_0006,16,13,1
W_N_0006,16,14,0
W_N_0006,16,15,0
W_N_0006,16,16,0
W_N_0006,16,17,0
W_N_0006,16,18,0
W_N_0006,16,19,0
W_N_0006,16,20,1
W_N_0006,16,21,1
W_N_0006,16,22,0
W_N_0006,16,23,0
W_N_0006,16,24,0
W_N_0006,16,25,0
W_N_0006,17,1,0
W_N_0006,17,2,1
W_N_0006,17,3,0
W_N_0006,17,4,0
W_N_0006,17,5,0
W_N_0006,17,6,0
W_N_0006,17,7,0
W_N_0006,17,8,1
W_N_0006,17,9,0
W_N_0006,17,10,0
W_N_0006,17,11,0
W_N_0006,17,12,1
W_N_0006,17,13,0
W_N_0006,17,14,1
W_N_0006,17,15,0
W_N_0006,17,16,1
W_N_0006,17,17,1
W_N_0006,17,18,0
W_N_0006,17,19,1
W_N_0006,17,20,0
W_N_0006,17,21,0
W_N_0006,17,22,0
W_N_0006,17,23,0
W_N_0006,17,24,0
W_N_0006,17,25,0
W_N_0006,18,2,0
W_N_0006,18,3,0
W_N_0006,18,4,0
W_N_0006,18,5,1
W_N_0006,18,6,0
W_N_0006,18,7,0
W_N_0006,18,8,0
W_N_0006,18,9,0
W_N_0006,18,10,0
W_N_0006,18,11,0
W_N_0006,18,12,0
W_N_0006,18,13,0
W_N_0006,18,14,0
W_N_0006,18,15,0
W_N_0006,18,16,0
W_N_0006,18,17,0
W_N_0006,18,18,1
W_N_0006,18,19,0
W_N_0006,18,20,0
W_N_0006,18,21,0
W_N_0006,18,22,0
W_N_0006,18,23,1
W_N_0006,18,24,1
W_N_0006,19,2,1
W_N_0006,19,3,0
W_N_0006,19,4,0
W_N_0006,19,5,1
W_N_0006,19,6,1
W_N_0006,19,7,1
W_N_0006,19,8,0
W_N_0006,19,9,0
W_N_0006,19,10,0
W_N_0006,19,11,0
W_N_0006,19,12,0
W_N_0006,19,13,1
W_N_0006,19,14,0
W_N_0006,19,15,0
W_N_0006,19,16,0
W_N_0006,19,17,0
W_N_0006,19,18,0
W_N_0006,19,19,0
W_N_0006,19,20,0
W_N_0006,19,21,1
W_N_0006,19,22,0
W_N_0006,19,23,1
W_N_0006,20,3,1
W_N_0006,20,4,0
W_N_0006,20,5,0
W_N_0006,20,6,0
W_N_0006,20,7,0
W_N_0006,20,8,0
W_N_0006,20,9,1
W_N_0006,20,10,1
W_N_0006,20,11,1
W_N_0006,20,12,0
W_N_0006,20,13,1
W_N_0006,20,14,0
W_N_0006,20,15,0
W_N_0006,20,16,0
W_N_0006,20,17,1
W_N_0006,20,18,1
W_N_0006,20,19,1
W_N_0006,20,20,0
W_N_0006,20,21,0
W_N_0006,20,22,0
W_N_0006,20,23,1
W_N_0006,21,4,1
W_N_0006,21,5,0
W_N_0006,21,6,1
W_N_0006,21,7,0
W_N_0006,21,8,0
W_N_0006,21,9,0
W_N_0006,21,10,0
W_N_0006,21,11,1
W_N_0006,21,12,0
W_N_0006,21,13,0
W_N_0006,21,14,0
W_N_0006,21,15,0
W_N_0006,21,16,0
W_N_0006,21,17,0
W_N_0006,21,18,0
W_N_0006,21,19,0
W_N_0006,21,20,0
W_N_0006,21,21,0
W_N_0006,21,22,1
W_N_0006,22,6,1
W_N_0006,22,7,0
W_N_0006,22,8,1
W_N_0006,22,9,0
W_N_0006,22,10,0
W_N_0006,22,11,0
W_N_0006,22,12,0
W_N_0006,22,13,0
W_N_0006,22,14,1
W_N_0006,22,15,1
W_N_0006,22,16,0
W_N_0006,22,17,0
W_N_0006,22,18,0
W_N_0006,22,19,1
W_N_0006,22,20,0
W_N_0006,23,7,1
W_N_0006,23,8,0
W_N_0006,23,9,1
W_N_0006,23,10,0
W_N_0006,23,11,0
W_N_0006,23,12,0
W_N_0006,23,13,0
W_N_0006,23,14,0
W_N_0006,23,15,0
W_N_0006,23,16,0
W_N_0006,23,17,0
W_N_0006,23,18,1
W_N_0006,23,19,1
W_N_0006,24,10,0
W_N_0006,24,11,0
W_N_0006,24,12,0
W_N_0006,24,13,0
W_N_0006,24,14,0
W_N_0006,24,15,1
W_N_0006,24,16,0
W_N_0145,0,12,1
W_N_0145,0,13,0
W_N_0145,0,14,0
W_N_0145,0,15,0
W_N_0145,0,16,0
W_N_0145,0,17,1
W_N_0145,0,18,0
W_N_0145,1,9,1
W_N_0145,1,10,1
W_N_0145,1,11,0
W_N_0145,1,12,0
W_N_0145,1,13,0
W_N_0145,1,14,0
W_N_0145,1,15,0
W_N_0145,1,16,0
W_N_0145,1,17,0
W_N_0145,1,18,0
W_N_0145,1,19,0
W_N_0145,1,20,1
W_N_0145,1,21,1
W_N_0145,2,8,1
W_N_0145,2,9,0
W_N_0145,2,10,0
W_N_0145,2,11,0
W_N_0145,2,12,0
W_N_0145,2,13,0
W_N_0145,2,14,0
W_N_0145,2,15,0
W_N_0145,2,16,0
W_N_0145,2,17,0
W_N_0145,2,18,0
W_N_0145,2,19,0
W_N_0145,2,20,0
W_N_0145,2,21,0
W_N_0145,2,22,1
W_N_0145,3,6,0
W_N_0145,3,7,0
W_N_0145,3,8,0
W_N_0145,3,9,0
W_N_0145,3,10,0
W_N_0145,3,11,0
W_N_0145,3,12,0
W_N_0145,3,13,0
W_N_0145,3,14,1
W_N_0145,3,15,0
W_N_0145,3,16,0
W_N_0145,3,17,0
W_N_0145,3,18,0
W_N_0145,3,19,0
W_N_0145,3,20,0
W_N_0145,3,21,0
W_N_0145,3,22,0
W_N_0145,3,23,0
W_N_0145,3,24,0
W_N_0145,4,5,1
W_N_0145,4,6,0
W_N_0145,4,7,0
W_N_0145,4,8,0
W_N_0145,4,9,0
W_N_0145,4,10,0
W_N_0145,4,11,0
W_N_0145,4,12,0
W_N_0145,4,13,0
W_N_0145,4,14,0
W_N_0145,4,15,0
W_N_0145,4,16,0
W_N_0145,4,17,0
W_N_0145,4,18,0
W_N_0145,4,19,0
W_N_0145,4,20,0
W_N_0145,4,21,0
W_N_0145,4,22,0
W_N_0145,4,23,1
W_N_0145,4,24,1
W_N_0145,4,25,0
W_N_0145,5,4,0
W_N_0145,5,5,1
W_N_0145,5,6,0
W_N_0145,5,7,0
W_N_0145,5,8,0
W_N_0145,5,9,0
W_N_0145,5,10,0
W_N_0145,5,11,1
W_N_0145,5,12,0
W_N_0145,5,13,0
W_N_0145,5,14,0
W_N_0145,5,15,0
W_N_0145,5,16,1
W_N_0145,5,17,0
W_N_0145,5,18,0
W_N_0145,5,19,0
W_N_0145,5,20,0
W_N_0145,5,21,1
W_N_0145,5,22,0
W_N_0145,5,23,0
W_N_0145,5,24,0
W_N_0145,5,25,0
W_N_0145,5,26,1
W_N_0145,6,4,0
W_N_0145,6,5,0
W_N_0145,6,6,0
W_N_0145,6,7,0
W_N_0145,6,8,0
W_N_0145,6,9,0
W_N_0145,6,10,0
W_N_0145,6,11,0
W_N_0145,6,12,0
W_N_0145,6,13,0
W_N_0145,6,14,0
W_N_0145,6,15,0
W_N_0145,6,16,0
W_N_0145,6,17,0
W_N_0145,6,18,0
W_N_0145,6,19,1
W_N_0145,6,20,0
W_N_0145,6,21,1
W_N_0145,6,22,0
W_N_0145,6,23,0
W_N_0145,6,24,0
W_N_0145,6,25,0
W_N_0145,6,26,0
W_N_0145,7,4,0
W_N_0145,7,5,0
W_N_0145,7,6,1
W_N_0145,7,7,0
W_N_0145,7,8,0
W_N_0145,7,9,0
W_N_0145,7,10,0
W_N_0145,7,11,0
W_N_0145,7,12,0
W_N_0145,7,13,0
W_N_0145,7,14,0
W_N_0145,7,15,0
W_N_0145,7,16,0
W_N_0145,7,17,0
W_N_0145,7,18,1
W_N_0145,7,19,0
W_N_0145,7,20,0
W_N_0145,7,21,0
W_N_0145,7,22,0
W_N_0145,7,23,0
W_N_0145,7,24,0
W_N_0145,7,25,0
W_N_0145,7,26,0
W_N_0145,7,27,0
W_N_0145,8,2,0
W_N_0145,8,3,0
W_N_0145,8,4,0
W_N_0145,8,5,0
W_N_0145,8,6,1
W_N_0145,8,7,0
W_N_0145,8,8,0
W_N_0145,8,9,0
W_N_0145,8,10,0
W_N_0145,8,11,0
W_N_0145,8,12,0
W_N_0145,8,13,0
W_N_0145,8,14,0
W_N_0145,8,15,0
W_N_0145,8,16,0
W_N_0145,8,17,0
W_N_0145,8,18,0
W_N_0145,8,19,0
W_N_0145,8,20,0
W_N_0145,8,21,0
W_N_0145,8,22,0
W_N_0145,8,23,0
W_N_0145,8,24,0
W_N_0145,8,25,1
W_N_0145,8,26,0
W_N_0145,8,27,0
W_N_0145,8,28,0
W_N_0145,9,2,1
W_N_0145,9,3,0
W_N_0145,9,4,0
W_N_0145,9,5,0
W_N_0145,9,6,0
W_N_0145,9,7,0
W_N_0145,9,8,0
W_N_0145,9,9,0
W_N_0145,9,10,1
W_N_0145,9,11,0
W_N_0145,9,12,0
W_N_0145,9,13,0
W_N_0145,9,14,0
W_N_0145,9,15,1
W_N_0145,9,16,0
W_N_0145,9,17,0
W_N_0145,9,18,0
W_N_0145,9,19,0
W_N_0145,9,20,0
W_N_0145,9,21,0
W_N_0145,9,22,0
W_N_0145,9,23,0
W_N_0145,9,24,0
W_N_0145,9,25,0
W_N_0145,9,26,0
W_N_0145,9,27,0
W_N_0145,9,28,0
W_N_0145,10,2,0
W_N_0145,10,3,0
W_N_0145,10,4,0
W_N_0145,10,5,0
W_N_0145,10,6,1
W_N_0145,10,7,0
W_N_0145,10,8,0
W_N_0145,10,9,0
W_N_0145,10,10,0
W_N_0145,10,11,0
W_N_0145,10,12,0
W_N_0145,10,13,0
W_N_0145,10,14,1
W_N_0145,10,15,0
W_N_0145,10,16,1
W_N_0145,10,17,0
W_N_0145,10,18,0
W_N_0145,10,19,0
W_N_0145,10,20,0
W_N_0145,10,21,0
W_N_0145,10,22,0
W_N_0145,10,23,0
W_N_0145,10,24,0
W_N_0145,10,25,0
W_N_0145,10,26,0
W_N_0145,10,27,0
W_N_0145,10,28,0
W_N_0145,11,1,0
W_N_0145,11,2,0
W_N_0145,11,3,1
W_N_0145,11,4,0
W_N_0145,11,5,0
W_N_0145,11,6,1
W_N_0145,11,7,0
W_N_0145,11,8,0
W_N_0145,11,9,0
W_N_0145,11,10,0
W_N_0145,11,11,0
W_N_0145,11,12,0
W_N_0145,11,13,1
W_N_0145,11,14,0
W_N_0145,11,15,0
W_N_0145,11,16,0
W_N_0145,11,17,0
W_N_0145,11,18,0
W_N_0145,11,19,1
W_N_0145,11,20,0
W_N_0145,11,21,0
W_N_0145,11,22,0
W_N_0145,11,23,0
W_N_0145,11,24,0
W_N_0145,11,25,0
W_N_0145,11,26,0
W_N_0145,11,27,0
W_N_0145,11,28,1
W_N_0145,11,29,1
W_N_0145,12,1,0
W_N_0145,12,2,1
W_N_0145,12,3,0
W_N_0145,12,4,0
W_N_0145,12,5,0
W_N_0145,12,6,1
W_N_0145,12,7,0
W_N_0145,12,8,0
W_N_0145,12,9,0
W_N_0145,12,10,0
W_N_0145,12,11,0
W_N_0145,12,12,1
W_N_0145,12,13,1
W_N_0145,12,14,0
W_N_0145,12,15,0
W_N_0145,12,16,0
W_N_0145,12,17,0
W_N_0145,12,18,0
W_N_0145,12,19,0
W_N_0145,12,20,0
W_N_0145,12,21,0
W_N_0145,12,22,0
W_N_0145,12,23,0
W_N_0145,12,24,0
W_N_0145,12,25,1
W_N_0145,12,26,0
W_N_0145,12,27,0
W_N_0145,12,28,0
W_N_0145,12,29,0
W_N_0145,13,1,0
W_N_0145,13,2,0
W_N_0145,13,3,0
W_N_0145,13,4,1
W_N_0145,13,5,0
W_N_0145,13,6,0
W_N_0145,13,7,0
W_N_0145,13,8,0
W_N_0145,13,9,0
W_N_0145,13,10,1
W_N_0145,13,11,1
W_N_0145,13,12,0
W_N_0145,13,13,0
W_N_0145,13,14,0
W_N_0145,13,15,0
W_N_0145,13,16,0
W_N_0145,13,17,0
W_N_0145,13,18,1
W_N_0145,13,19,0
W_N_0145,13,20,0
W_N_0145,13,21,0
W_N_0145,13,22,0
W_N_0145,13,23,0
W_N_0145,13,24,0
W_N_0145,13,25,0
W_N_0145,13,26,0
W_N_0145,13,27,0
W_N_0145,13,28,0
W_N_0145,13,29,1
W_N_0145,14,0,0
W_N_0145,14,1,0
W_N_0145,14,2,0
W_N_0145,14,3,0
W_N_0145,14,4,0
W_N_0145,14,5,0
W_N_0145,14,6,0
W_N_0145,14,7,0
W_N_0145,14,8,0
W_N_0145,14,9,0
W_N_0145,14,10,0
W_N_0145,14,11,0
W_N_0145,14,12,0
W_N_0145,14,13,0
W_N_0145,14,14,0
W_N_0145,14,15,0
W_N_0145,14,16,0
W_N_0145,14,17,1
W_N_0145,14,18,0
W_N_0145,14,19,0
W_N_0145,14,20,0
W_N_0145,14,21,0
W_N_0145,14,22,0
W_N_0145,14,23,0
W_N_0145,14,24,0
W_N_0145,14,25,0
W_N_0145,14,26,0
W_N_0145,14,27,0
W_N_0145,14,28,0
W_N_0145,14,29,0
W_N_0145,14,30,1
W_N_0145,15,0,1
W_N_0145,15,1,0
W_N_0145,15,2,0
W_N_0145,15,3,0
W_N_0145,15,4,0
W_N_0145,15,5,0
W_N_0145,15,6,0
W_N_0145,15,7,0
W_N_0145,15,8,0
W_N_0145,15,9,0
W_N_0145,15,10,1
W_N_0145,15,11,0
W_N_0145,15,12,0
W_N_0145,15,13,1
W_N_0145,15,14,0
W_N_0145,15,15,0
W_N_0145,15,16,0
W_N_0145,15,17,0
W_N_0145,15,18,0
W_N_0145,15,19,0
W_N_0145,15,20,1
W_N_0145,15,21,0
W_N_0145,15,22,0
W_N_0145,15,23,0
W_N_0145,15,24,0
W_N_0145,15,25,0
W_N_0145,15,26,0
W_N_0145,15,27,0
W_N_0145,15,28,0
W_N_0145,15,29,0
W_N_0145,15,30,0
W_N_0145,16,0,0
W_N_0145,16,1,0
W_N_0145,16,2,0
W_N_0145,16,3,0
W_N_0145,16,4,0
W_N_0145,16,5,0
W_N_0145,16,6,0
W_N_0145,16,7,0
W_N_0145,16,8,0
W_N_0145,16,9,0
W_N_0145,16,10,0
W_N_0145,16,11,0
W_N_0145,16,12,0
W_N_0145,16,13,0
W_N_0145,16,14,1
W_N_0145,16,15,0
W_N_0145,16,16,0
W_N_0145,16,17,1
W_N_0145,16,18,0
W_N_0145,16,19,0
W_N_0145,16,20,1
W_N_0145,16,21,0
W_N_0145,16,22,0
W_N_0145,16,23,0
W_N_0145,16,24,1
W_N_0145,16,25,1
W_N_0145,16,26,0
W_N_0145,16,27,0
W_N_0145,16,28,0
W_N_0145,16,29,0
W_N_0145,16,30,1
W_N_0145,17,0,0
W_N_0145,17,1,0
W_N_0145,17,2,0
W_N_0145,17,3,0
W_N_0145,17,4,0
W_N_0145,17,5,0
W_N_0145,17,6,0
W_N_0145,17,7,0
W_N_0145,17,8,1
W_N_0145,17,9,0
W_N_0145,17,10,0
W_N_0145,17,11,0
W_N_0145,17,12,0
W_N_0145,17,13,0
W_N_0145,17,14,0
W_N_0145,17,15,1
W_N_0145,17,16,0
W_N_0145,17,17,1
W_N_0145,17,18,0
W_N_0145,17,19,0
W_N_0145,17,20,1
W_N_0145,17,21,0
W_N_0145,17,22,0
W_N_0145,17,23,0
W_N_0145,17,24,0
W_N_0145,17,25,0
W_N_0145,17,26,0
W_N_0145,17,27,0
W_N_0145,17,28,0
W_N_0145,17,29,0
W_N_0145,17,30,1
W_N_0145,18,0,0
W_N_0145,18,1,0
W_N_0145,18,2,0
W_N_0145,18,3,0
W_N_0145,18,4,0
W_N_0145,18,5,0
W_N_0145,18,6,0
W_N_0145,18,7,1
W_N_0145,18,8,0
W_N_0145,18,9,0
W_N_0145,18,10,0
W_N_0145,18,11,0
W_N_0145,18,12,0
W_N_0145,18,13,1
W_N_0145,18,14,0
W_N_0145,18,15,0
W_N_0145,18,16,0
W_N_0145,18,17,0
W_N_0145,18,18,0
W_N_0145,18,19,0
W_N_0145,18,20,0
W_N_0145,18,21,0
W_N_0145,18,22,0
W_N_0145,18,23,0
W_N_0145,18,24,0
W_N_0145,18,25,1
W_N_0145,18,26,0
W_N_0145,18,27,0
W_N_0145,18,28,0
W_N_0145,18,29,0
W_N_0145,18,30,0
W_N_0145,19,0,0
W_N_0145,19,1,1
W_N_0145,19,2,0
W_N_0145,19,3,0
W_N_0145,19,4,0
W_N_0145,19,5,0
W_N_0145,19,6,0
W_N_0145,19,7,0
W_N_0145,19,8,0
W_N_0145,19,9,0
W_N_0145,19,10,0
W_N_0145,19,11,0
W_N_0145,19,12,0
W_N_0145,19,13,0
W_N_0145,19,14,0
W_N_0145,19,15,0
W_N_0145,19,16,0
W_N_0145,19,17,0
W_N_0145,19,18,0
W_N_0145,19,19,0
W_N_0145,19,20,0
W_N_0145,19,21,0
W_N_0145,19,22,0
W_N_0145,19,23,0
W_N_0145,19,24,0
W_N_0145,19,25,0
W_N_0145,19,26,0
W_N_0145,19,27,0
W_N_0145,19,28,0
W_N_0145,19,29,0
W_N_0145,19,30,0
W_N_0145,20,0,1
W_N_0145,20,1,0
W_N_0145,20,2,0
W_N_0145,20,3,0
W_N_0145,20,4,0
W_N_0145,20,5,0
W_N_0145,20,6,0
W_N_0145,20,7,0
W_N_0145,20,8,1
W_N_0145,20,9,1
W_N_0145,20,10,0
W_N_0145,20,11,1
W_N_0145,20,12,0
W_N_0145,20,13,0
W_N_0145,20,14,0
W_N_0145,20,15,0
W_N_0145,20,16,0
W_N_0145,20,17,0
W_N_0145,20,18,0
W_N_0145,20,19,0
W_N_0145,20,20,0
W_N_0145,20,21,0
W_N_0145,20,22,0
W_N_0145,20,23,0
W_N_0145,20,24,0
W_N_0145,20,25,0
W_N_0145,20,26,0
W_N_0145,20,27,0
W_N_0145,20,28,0
W_N_0145,20,29,0
W_N_0145,20,30,0
W_N_0145,21,1,0
W_N_0145,21,2,0
W_N_0145,21,3,1
W_N_0145,21,4,0
W_N_0145,21,5,0
W_N_0145,21,6,0
W_N_0145,21,7,0
W_N_0145,21,8,0
W_N_0145,21,9,0
W_N_0145,21,10,0
W_N_0145,21,11,0
W_N_0145,21,12,0
W_N_0145,21,13,0
W_N_0145,21,14,0
W_N_0145,21,15,1
W_N_0145,21,16,0
W_N_0145,21,17,0
W_N_0145,21,18,1
W_N_0145,21,19,0
W_N_0145,21,20,1
W_N_0145,21,21,0
W_N_0145,21,22,1
W_N_0145,21,23,0
W_N_0145,21,24,0
W_N_0145,21,25,0
W_N_0145,21,26,0
W_N_0145,21,27,0
W_N_0145,21,28,0
W_N_0145,21,29,0
W_N_0145,22,1,0
W_N_0145,22,2,0
W_N_0145,22,3,0
W_N_0145,22,4,0
W_N_0145,22,5,0
W_N_0145,22,6,0
W_N_0145,22,7,0
W_N_0145,22,8,0
W_N_0145,22,9,1
W_N_0145,22,10,0
W_N_0145,22,11,0
W_N_0145,22,12,0
W_N_0145,22,13,0
W_N_0145,22,14,0
W_N_0145,22,15,0
W_N_0145,22,16,0
W_N_0145,22,17,0
W_N_0145,22,18,0
W_N_0145,22,19,0
W_N_0145,22,20,1
W_N_0145,22,21,0
W_N_0145,22,22,0
W_N_0145,22,23,0
W_N_0145,22,24,0
W_N_0145,22,25,0
W_N_0145,22,26,0
W_N_0145,22,27,0
W_N_0145,22,28,0
W_N_0145,22,29,1
W_N_0145,23,1,0
W_N_0145,23,2,0
W_N_0145,23,3,1
W_N_0145,23,4,0
W_N_0145,23,5,0
W_N_0145,23,6,0
W_N_0145,23,7,0
W_N_0145,23,8,0
W_N_0145,23,9,0
W_N_0145,23,10,0
W_N_0145,23,11,0
W_N_0145,23,12,0
W_N_0145,23,13,0
W_N_0145,23,14,0
W_N_0145,23,15,0
W_N_0145,23,16,0
W_N_0145,23,17,1
W_N_0145,23,18,0
W_N_0145,23,19,0
W_N_0145,23,20,0
W_N_0145,23,21,0
W_N_0145,23,22,0
W_N_0145,23,23,0
W_N_0145,23,24,0
W_N_0145,23,25,0
W_N_0145,23,26,0
W_N_0145,23,27,0
W_N_0145,23,28,0
W_N_0145,23,29,0
W_N_0145,24,2,0
W_N_0145,24,3,0
W_N_0145,24,4,0
W_N_0145,24,5,0
W_N_0145,24,6,0
W_N_0145,24,7,0
W_N_0145,24,8,0
W_N_0145,24,9,0
W_N_0145,24,10,0
W_N_0145,24,11,0
W_N_0145,24,12,0
W_N_0145,24,13,0
W_N_0145,24,14,0
W_N_0145,24,15,0
W_N_0145,24,16,0
W_N_0145,24,17,1
W_N_0145,24,18,0
W_N_0145,24,19,0
W_N_0145,24,20,0
W_N_0145,24,21,0
W_N_0145,24,22,0
W_N_0145,24,23,0
W_N_0145,24,24,0
W_N_0145,24,25,0
W_N_0145,24,26,0
W_N_0145,24,27,0
W_N_0145,24,28,0
W_N_0145,25,2,1
W_N_0145,25,3,0
W_N_0145,25,4,0
W_N_0145,25,5,0
W_N_0145,25,6,0
W_N_0145,25,7,0
W_N_0145,25,8,0
W_N_0145,25,9,0
W_N_0145,25,10,0
W_N_0145,25,11,0
W_N_0145,25,12,0
W_N_0145,25,13,0
W_N_0145,25,14,0
W_N_0145,25,15,1
W_N_0145,25,16,0
W_N_0145,25,17,1
W_N_0145,25,18,0
W_N_0145,25,19,0
W_N_0145,25,20,0
W_N_0145,25,21,0
W_N_0145,25,22,0
W_N_0145,25,23,0
W_N_0145,25,24,0
W_N_0145,25,25,0
W_N_0145,25,26,0
W_N_0145,25,27,0
W_N_0145,25,28,0
W_N_0145,26,2,0
W_N_0145,26,3,0
W_N_0145,26,4,0
W_N_0145,26,5,0
W_N_0145,26,6,0
W_N_0145,26,7,1
W_N_0145,26,8,0
W_N_0145,26,9,0
W_N_0145,26,10,0
W_N_0145,26,11,0
W_N_0145,26,12,0
W_N_0145,26,13,0
W_N_0145,26,14,0
W_N_0145,26,15,0
W_N_0145,26,16,0
W_N_0145,26,17,0
W_N_0145,26,18,0
W_N_0145,26,19,1
W_N_0145,26,20,0
W_N_0145,26,21,0
W_N_0145,26,22,0
W_N_0145,26,23,0
W_N_0145,26,24,0
W_N_0145,26,25,1
W_N_0145,26,26,0
W_N_0145,26,27,1
W_N_0145,26,28,1
W_N_0145,27,3,0
W_N_0145,27,4,0
W_N_0145,27,5,0
W_N_0145,27,6,0
W_N_0145,27,7,0
W_N_0145,27,8,0
W_N_0145,27,9,0
W_N_0145,27,10,0
W_N_0145,27,11,0
W_N_0145,27,12,0
W_N_0145,27,13,0
W_N_0145,27,14,0
W_N_0145,27,15,0
W_N_0145,27,16,0
W_N_0145,27,17,0
W_N_0145,27,18,0
W_N_0145,27,19,0
W_N_0145,27,20,0
W_N_0145,27,21,0
W_N_0145,27,22,0
W_N_0145,27,23,0
W_N_0145,27,24,0
W_N_0145,27,25,0
W_N_0145,27,26,0
W_N_0145,27,27,0
W_N_0145,28,4,1
W_N_0145,28,5,0
W_N_0145,28,6,0
W_N_0145,28,7,0
W_N_0145,28,8,1
W_N_0145,28,9,0
W_N_0145,28,10,0
W_N_0145,28,11,0
W_N_0145,28,12,0
W_N_0145,28,13,0
W_N_0145,28,14,0
W_N_0145,28,15,0
W_N_0145,28,16,0
W_N_0145,28,17,0
W_N_0145,28,18,0
W_N_0145,28,19,0
W_N_0145,28,20,0
W_N_0145,28,21,0
W_N_0145,28,22,0
W_N_0145,28,23,0
W_N_0145,28,24,0
W_N_0145,28,25,0
W_N_0145,28,26,0
W_N_0145,29,4,1
W_N_0145,29,5,0
W_N_0145,29,6,0
W_N_0145,29,7,0
W_N_0145,29,8,0
W_N_0145,29,9,0
W_N_0145,29,10,0
W_N_0145,29,11,0
W_N_0145,29,12,0
W_N_0145,29,13,0
W_N_0145,29,14,0
W_N_0145,29,15,0
W_N_0145,29,16,0
W_N_0145,29,17,0
W_N_0145,29,18,0
W_N_0145,29,19,0
W_N_0145,29,20,0
W_N_0145,29,21,0
W_N_0145,29,22,0
W_N_0145,29,23,1
W_N_0145,29,24,0
W_N_0145,29,25,0
W_N_0145,29,26,0
W_N_0145,30,5,0
W_N_0145,30,6,0
W_N_0145,30,7,0
W_N_0145,30,8,0
W_N_0145,30,9,0
W_N_0145,30,10,0
W_N_0145,30,11,1
W_N_0145,30,12,1
W_N_0145,30,13,1
W_N_0145,30,14,0
W_N_0145,30,15,0
W_N_0145,30,16,0
W_N_0145,30,17,0
W_N_0145,30,18,0
W_N_0145,30,19,0
W_N_0145,30,20,0
W_N_0145,30,21,0
W_N_0145,30,22,0
W_N_0145,30,23,0
W_N_0145,30,24,0
W_N_0145,30,25,1
W_N_0145,31,6,0
W_N_0145,31,7,1
W_N_0145,31,8,0
W_N_0145,31,9,1
W_N_0145,31,10,0
W_N_0145,31,11,0
W_N_0145,31,12,0
W_N_0145,31,13,0
W_N_0145,31,14,0
W_N_0145,31,15,0
W_N_0145,31,16,1
W_N_0145,31,17,1
W_N_0145,31,18,1
W_N_0145,31,19,0
W_N_0145,31,20,0
W_N_0145,31,21,0
W_N_0145,31,22,1
W_N_0145,31,23,0
W_N_0145,31,24,1
W_N_0145,32,8,0
W_N_0145,32,9,1
W_N_0145,32,10,0
W_N_0145,32,11,0
W_N_0145,32,12,0
W_N_0145,32,13,0
W_N_0145,32,14,0
W_N_0145,32,15,0
W_N_0145,32,16,0
W_N_0145,32,17,0
W_N_0145,32,18,0
W_N_0145,32,19,0
W_N_0145,32,20,0
W_N_0145,32,21,0
W_N_0145,32,22,0
W_N_0145,33,9,0
W_N_0145,33,10,0
W_N_0145,33,11,0
W_N_0145,33,12,0
W_N_0145,33,13,0
W_N_0145,33,14,0
W_N_0145,33,15,0
W_N_0145,33,16,0
W_N_0145,33,17,0
W_N_0145,33,18,0
W_N_0145,33,19,1
W_N_0145,33,20,0
W_N_0145,33,21,1
W_N_0145,34,12,1
W_N_0145,34,13,1
W_N_0145,34,14,1
W_N_0145,34,15,0
W_N_0145,34,16,1
W_N_0145,34,17,0
W_N_0145,34,18,0
W_F_0019,0,16,1
W_F_0019,0,17,1
W_F_0019,0,18,1
W_F_0019,0,19,1
W_F_0019,0,20,0
W_F_0019,0,21,1
W_F_0019,0,22,1
W_F_0019,0,23,1
W_F_0019,0,24,1
W_F_0019,0,25,1
W_F_0019,1,13,1
W_F_0019,1,14,1
W_F_0019,1,15,1
W_F_0019,1,16,1
W_F_0019,1,17,1
W_F_0019,1,18,1
W_F_0019,1,19,0
W_F_0019,1,20,1
W_F_0019,1,21,1
W_F_0019,1,22,1
W_F_0019,1,23,1
W_F_0019,1,24,0
W_F_0019,1,25,1
W_F_0019,1,26,1
W_F_0019,1,27,1
W_F_0019,1,28,1
W_F_0019,2,11,1
W_F_0019,2,12,1
W_F_0019,2,13,1
W_F_0019,2,14,0
W_F_0019,2,15,1
W_F_0019,2,16,0
W_F_0019,2,17,0
W_F_0019,2,18,0
W_F_0019,2,19,0
W_F_0019,2,20,0
W_F_0019,2,21,1
W_F_0019,2,22,0
W_F_0019,2,23,0
W_F_0019,2,24,1
W_F_0019,2,25,0
W_F_0019,2,26,0
W_F_0019,2,27,1
W_F_0019,2,28,1
W_F_0019,2,29,1
W_F_0019,2,30,1
W_F_0019,3,10,1
W_F_0019,3,11,1
W_F_0019,3,12,1
W_F_0019,3,13,1
W_F_0019,3,14,0
W_F_0019,3,15,1
W_F_0019,3,16,0
W_F_0019,3,17,0
W_F_0019,3,18,0
W_F_0019,3,19,1
W_F_0019,3,20,1
W_F_0019,3,21,1
W_F_0019,3,22,1
W_F_0019,3,23,1
W_F_0019,3,24,0
W_F_0019,3,25,1
W_F_0019,3,26,1
W_F_0019,3,27,1
W_F_0019,3,28,0
W_F_0019,3,29,0
W_F_0019,3,30,0
W_F_0019,3,31,1
W_F_0019,3,32,1
W_F_0019,4,8,1
W_F_0019,4,9,1
W_F_0019,4,10,0
W_F_0019,4,11,0
W_F_0019,4,12,0
W_F_0019,4,13,0
W_F_0019,4,14,0
W_F_0019,4,15,0
W_F_0019,4,16,0
W_F_0019,4,17,0
W_F_0019,4,18,1
W_F_0019,4,19,0
W_F_0019,4,20,0
W_F_0019,4,21,0
W_F_0019,4,22,0
W_F_0019,4,23,0
W_F_0019,4,24,1
W_F_0019,4,25,0
W_F_0019,4,26,0
W_F_0019,4,27,0
W_F_0019,4,28,1
W_F_0019,4,29,1
W_F_0019,4,30,0
W_F_0019,4,31,0
W_F_0019,4,32,0
W_F_0019,4,33,1
W_F_0019,5,7,1
W_F_0019,5,8,1
W_F_0019,5,9,1
W_F_0019,5,10,0
W_F_0019,5,11,0
W_F_0019,5,12,0
W_F_0019,5,13,1
W_F_0019,5,14,1
W_F_0019,5,15,1
W_F_0019,5,16,0
W_F_0019,5,17,0
W_F_0019,5,18,0
W_F_0019,5,19,1
W_F_0019,5,20,1
W_F_0019,5,21,0
W_F_0019,5,22,0
W_F_0019,5,23,0
W_F_0019,5,24,0
W_F_0019,5,25,1
W_F_0019,5,26,1
W_F_0019,5,27,0
W_F_0019,5,28,1
W_F_0019,5,29,1
W_F_0019,5,30,0
W_F_0019,5,31,1
W_F_0019,5,32,0
W_F_0019,5,33,1
W_F_0019,5,34,1
W_F_0019,6,6,1
W_F_0019,6,7,1
W_F_0019,6,8,1
W_F_0019,6,9,1
W_F_0019,6,10,0
W_F_0019,6,11,1
W_F_0019,6,12,0
W_F_0019,6,13,0
W_F_0019,6,14,0
W_F_0019,6,15,1
W_F_0019,6,16,0
W_F_0019,6,17,0
W_F_0019,6,18,0
W_F_0019,6,19,0
W_F_0019,6,20,0
W_F_0019,6,21,0
W_F_0019,6,22,1
W_F_0019,6,23,0
W_F_0019,6,24,0
W_F_0019,6,25,0
W_F_0019,6,26,0
W_F_0019,6,27,0
W_F_0019,6,28,0
W_F_0019,6,29,0
W_F_0019,6,30,0
W_F_0019,6,31,1
W_F_0019,6,32,0
W_F_0019,6,33,0
W_F_0019,6,34,0
W_F_0019,6,35,1
W_F_0019,7,5,1
W_F_0019,7,6,1
W_F_0019,7,7,0
W_F_0019,7,8,1
W_F_0019,7,9,1
W_F_0019,7,10,0
W_F_0019,7,11,0
W_F_0019,7,12,0
W_F_0019,7,13,0
W_F_0019,7,14,0
W_F_0019,7,15,0
W_F_0019,7,16,0
W_F_0019,7,17,0
W_F_0019,7,18,0
W_F_0019,7,19,0
W_F_0019,7,20,0
W_F_0019,7,21,0
W_F_0019,7,22,0
W_F_0019,7,23,0
W_F_0019,7,24,0
W_F_0019,7,25,0
W_F_0019,7,26,0
W_F_0019,7,27,0
W_F_0019,7,28,0
W_F_0019,7,29,0
W_F_0019,7,30,1
W_F_0019,7,31,0
W_F_0019,7,32,0
W_F_0019,7,33,0
W_F_0019,7,34,0
W_F_0019,7,35,0
W_F_0019,7,36,1
W_F_0019,8,5,1
W_F_0019,8,6,1
W_F_0019,8,7,1
W_F_0019,8,8,0
W_F_0019,8,9,0
W_F_0019,8,10,0
W_F_0019,8,11,0
W_F_0019,8,12,0
W_F_0019,8,13,1
W_F_0019,8,14,0
W_F_0019,8,15,1
W_F_0019,8,16,0
W_F_0019,8,17,0
W_F_0019,8,18,0
W_F_0019,8,19,0
W_F_0019,8,20,0
W_F_0019,8,21,0
W_F_0019,8,22,0
W_F_0019,8,23,0
W_F_0019,8,24,0
W_F_0019,8,25,0
W_F_0019,8,26,0
W_F_0019,8,27,0
W_F_0019,8,28,0
W_F_0019,8,29,0
W_F_0019,8,30,0
W_F_0019,8,31,0
W_F_0019,8,32,0
W_F_0019,8,33,0
W_F_0019,8,34,0
W_F_0019,8,35,0
W_F_0019,8,36,0
W_F_0019,8,37,1
W_F_0019,9,4,1
W_F_0019,9,5,0
W_F_0019,9,6,0
W_F_0019,9,7,1
W_F_0019,9,8,0
W_F_0019,9,9,0
W_F_0019,9,10,1
W_F_0019,9,11,0
W_F_0019,9,12,0
W_F_0019,9,13,0
W_F_0019,9,14,0
W_F_0019,9,15,0
W_F_0019,9,16,0
W_F_0019,9,17,0
W_F_0019,9,18,0
W_F_0019,9,19,0
W_F_0019,9,20,0
W_F_0019,9,21,1
W_F_0019,9,22,0
W_F_0019,9,23,0
W_F_0019,9,24,0
W_F_0019,9,25,0
W_F_0019,9,26,0
W_F_0019,9,27,0
W_F_0019,9,28,0
W_F_0019,9,29,0
W_F_0019,9,30,0
W_F_0019,9,31,0
W_F_0019,9,32,0
W_F_0019,9,33,0
W_F_0019,9,34,0
W_F_0019,9,35,0
W_F_0019,9,36,0
W_F_0019,9,37,1
W_F_0019,10,3,1
W_F_0019,10,4,1
W_F_0019,10,5,0
W_F_0019,10,6,0
W_F_0019,10,7,0
W_F_0019,10,8,1
W_F_0019,10,9,0
W_F_0019,10,10,0
W_F_0019,10,11,0
W_F_0019,10,12,0
W_F_0019,10,13,0
W_F_0019,10,14,0
W_F_0019,10,15,0
W_F_0019,10,16,0
W_F_0019,10,17,0
W_F_0019,10,18,0
W_F_0019,10,19,0
W_F_0019,10,20,1
W_F_0019,10,21,0
W_F_0019,10,22,0
W_F_0019,10,23,0
W_F_0019,10,24,0
W_F_0019,10,25,0
W_F_0019,10,26,0
W_F_0019,10,27,0
W_F_0019,10,28,1
W_F_0019,10,29,0
W_F_0019,10,30,0
W_F_0019,10,31,0
W_F_0019,10,32,0
W_F_0019,10,33,0
W_F_0019,10,34,0
W_F_0019,10,35,0
W_F_0019,10,36,1
W_F_0019,10,37,0
W_F_0019,10,38,1
W_F_0019,11,3,1
W_F_0019,11,4,0
W_F_0019,11,5,1
W_F_0019,11,6,1
W_F_0019,11,7,0
W_F_0019,11,8,0
W_F_0019,11,9,0
W_F_0019,11,10,1
W_F_0019,11,11,0
W_F_0019,11,12,0
W_F_0019,11,13,0
W_F_0019,11,14,0
W_F_0019,11,15,0
W_F_0019,11,16,0
W_F_0019,11,17,0
W_F_0019,11,18,0
W_F_0019,11,19,0
W_F_0019,11,20,0
W_F_0019,11,21,0
W_F_0019,11,22,0
W_F_0019,11,23,0
W_F_0019,11,24,0
W_F_0019,11,25,0
W_F_0019,11,26,0
W_F_0019,11,27,0
W_F_0019,11,28,1
W_F_0019,11,29,0
W_F_0019,11,30,0
W_F_0019,11,31,0
W_F_0019,11,32,1
W_F_0019,11,33,0
W_F_0019,11,34,0
W_F_0019,11,35,0
W_F_0019,11,36,0
W_F_0019,11,37,0
W_F_0019,11,38,0
W_F_0019,12,2,1
W_F_0019,12,3,1
W_F_0019,12,4,0
W_F_0019,12,5,0
W_F_0019,12,6,1
W_F_0019,12,7,0
W_F_0019,12,8,0
W_F_0019,12,9,0
W_F_0019,12,10,0
W_F_0019,12,11,1
W_F_0019,12,12,0
W_F_0019,12,13,0
W_F_0019,12,14,1
W_F_0019,12,15,0
W_F_0019,12,16,0
W_F_0019,12,17,0
W_F_0019,12,18,0
W_F_0019,12,19,1
W_F_0019,12,20,0
W_F_0019,12,21,0
W_F_0019,12,22,0
W_F_0019,12,23,0
W_F_0019,12,24,0
W_F_0019,12,25,0
W_F_0019,12,26,1
W_F_0019,12,27,0
W_F_0019,12,28,0
W_F_0019,12,29,0
W_F_0019,12,30,0
W_F_0019,12,31,0
W_F_0019,12,32,0
W_F_0019,12,33,0
W_F_0019,12,34,0
W_F_0019,12,35,1
W_F_0019,12,36,0
W_F_0019,12,37,0
W_F_0019,12,38,0
W_F_0019,12,39,1
W_F_0019,13,2,1
W_F_0019,13,3,1
W_F_0019,13,4,1
W_F_0019,13,5,0
W_F_0019,13,6,0
W_F_0019,13,7,0
W_F_0019,13,8,0
W_F_0019,13,9,0
W_F_0019,13,10,0
W_F_0019,13,11,1
W_F_0019,13,12,0
W_F_0019,13,13,0
W_F_0019,13,14,0
W_F_0019,13,15,0
W_F_0019,13,16,1
W_F_0019,13,17,0
W_F_0019,13,18,1
W_F_0019,13,19,0
W_F_0019,13,20,0
W_F_0019,13,21,0
W_F_0019,13,22,0
W_F_0019,13,23,0
W_F_0019,13,24,0
W_F_0019,13,25,0
W_F_0019,13,26,1
W_F_0019,13,27,0
W_F_0019,13,28,0
W_F_0019,13,29,1
W_F_0019,13,30,0
W_F_0019,13,31,0
W_F_0019,13,32,0
W_F_0019,13,33,0
W_F_0019,13,34,0
W_F_0019,13,35,0
W_F_0019,13,36,0
W_F_0019,13,37,0
W_F_0019,13,38,0
W_F_0019,13,39,0
W_F_0019,14,1,1
W_F_0019,14,2,1
W_F_0019,14,3,0
W_F_0019,14,4,1
W_F_0019,14,5,0
W_F_0019,14,6,0
W_F_0019,14,7,0
W_F_0019,14,8,0
W_F_0019,14,9,0
W_F_0019,14,10,0
W_F_0019,14,11,0
W_F_0019,14,12,0
W_F_0019,14,13,0
W_F_0019,14,14,0
W_F_0019,14,15,0
W_F_0019,14,16,0
W_F_0019,14,17,0
W_F_0019,14,18,0
W_F_0019,14,19,0
W_F_0019,14,20,0
W_F_0019,14,21,1
W_F_0019,14,22,0
W_F_0019,14,23,0
W_F_0019,14,24,1
W_F_0019,14,25,0
W_F_0019,14,26,0
W_F_0019,14,27,0
W_F_0019,14,28,1
W_F_0019,14,29,0
W_F_0019,14,30,0
W_F_0019,14,31,0
W_F_0019,14,32,0
W_F_0019,14,33,0
W_F_0019,14,34,0
W_F_0019,14,35,0
W_F_0019,14,36,0
W_F_0019,14,37,0
W_F_0019,14,38,0
W_F_0019,14,39,1
W_F_0019,14,40,1
W_F_0019,15,1,1
W_F_0019,15,2,1
W_F_0019,15,3,0
W_F_0019,15,4,0
W_F_0019,15,5,0
W_F_0019,15,6,0
W_F_0019,15,7,0
W_F_0019,15,8,1
W_F_0019,15,9,1
W_F_0019,15,10,0
W_F_0019,15,11,0
W_F_0019,15,12,0
W_F_0019,15,13,1
W_F_0019,15,14,0
W_F_0019,15,15,0
W_F_0019,15,16,0
W_F_0019,15,17,0
W_F_0019,15,18,0
W_F_0019,15,19,0
W_F_0019,15,20,1
W_F_0019,15,21,0
W_F_0019,15,22,1
W_F_0019,15,23,0
W_F_0019,15,24,0
W_F_0019,15,25,0
W_F_0019,15,26,0
W_F_0019,15,27,0
W_F_0019,15,28,0
W_F_0019,15,29,0
W_F_0019,15,30,0
W_F_0019,15,31,0
W_F_0019,15,32,0
W_F_0019,15,33,0
W_F_0019,15,34,0
W_F_0019,15,35,0
W_F_0019,15,36,0
W_F_0019,15,37,0
W_F_0019,15,38,1
W_F_0019,15,39,0
W_F_0019,15,40,1
W_F_0019,16,1,1
W_F_0019,16,2,1
W_F_0019,16,3,1
W_F_0019,16,4,0
W_F_0019,16,5,0
W_F_0019,16,6,0
W_F_0019,16,7,0
W_F_0019,16,8,0
W_F_0019,16,9,1
W_F_0019,16,10,0
W_F_0019,16,11,0
W_F_0019,16,12,1
W_F_0019,16,13,0
W_F_0019,16,14,0
W_F_0019,16,15,0
W_F_0019,16,16,0
W_F_0019,16,17,0
W_F_0019,16,18,0
W_F_0019,16,19,0
W_F_0019,16,20,0
W_F_0019,16,21,0
W_F_0019,16,22,0
W_F_0019,16,23,1
W_F_0019,16,24,0
W_F_0019,16,25,1
W_F_0019,16,26,0
W_F_0019,16,27,0
W_F_0019,16,28,0
W_F_0019,16,29,0
W_F_0019,16,30,0
W_F_0019,16,31,0
W_F_0019,16,32,0
W_F_0019,16,33,0
W_F_0019,16,34,0
W_F_0019,16,35,0
W_F_0019,16,36,0
W_F_0019,16,37,0
W_F_0019,16,38,0
W_F_0019,16,39,0
W_F_0019,16,40,1
W_F_0019,17,1,1
W_F_0019,17,2,0
W_F_0019,17,3,0
W_F_0019,17,4,0
W_F_0019,17,5,0
W_F_0019,17,6,0
W_F_0019,17,7,0
W_F_0019,17,8,0
W_F_0019,17,9,1
W_F_0019,17,10,0
W_F_0019,17,11,0
W_F_0019,17,12,0
W_F_0019,17,13,1
W_F_0019,17,14,0
W_F_0019,17,15,0
W_F_0019,17,16,0
W_F_0019,17,17,0
W_F_0019,17,18,0
W_F_0019,17,19,0
W_F_0019,17,20,0
W_F_0019,17,21,0
W_F_0019,17,22,0
W_F_0019,17,23,1
W_F_0019,17,24,0
W_F_0019,17,25,1
W_F_0019,17,26,0
W_F_0019,17,27,0
W_F_0019,17,28,0
W_F_0019,17,29,0
W_F_0019,17,30,0
W_F_0019,17,31,0
W_F_0019,17,32,0
W_F_0019,17,33,0
W_F_0019,17,34,0
W_F_0019,17,35,1
W_F_0019,17,36,0
W_F_0019,17,37,0
W_F_0019,17,38,0
W_F_0019,17,39,1
W_F_0019,17,40,0
W_F_0019,17,41,1
W_F_0019,18,0,1
W_F_0019,18,1,0
W_F_0019,18,2,0
W_F_0019,18,3,0
W_F_0019,18,4,0
W_F_0019,18,5,0
W_F_0019,18,6,0
W_F_0019,18,7,0
W_F_0019,18,8,0
W_F_0019,18,9,0
W_F_0019,18,10,0
W_F_0019,18,11,1
W_F_0019,18,12,0
W_F_0019,18,13,0
W_F_0019,18,14,0
W_F_0019,18,15,0
W_F_0019,18,16,1
W_F_0019,18,17,0
W_F_0019,18,18,0
W_F_0019,18,19,0
W_F_0019,18,20,0
W_F_0019,18,21,0
W_F_0019,18,22,1
W_F_0019,18,23,0
W_F_0019,18,24,0
W_F_0019,18,25,0
W_F_0019,18,26,0
W_F_0019,18,27,0
W_F_0019,18,28,0
W_F_0019,18,29,0
W_F_0019,18,30,0
W_F_0019,18,31,0
W_F_0019,18,32,0
W_F_0019,18,33,0
W_F_0019,18,34,1
W_F_0019,18,35,0
W_F_0019,18,36,0
W_F_0019,18,37,1
W_F_0019,18,38,0
W_F_0019,18,39,0
W_F_0019,18,40,1
W_F_0019,18,41,1
W_F_0019,19,0,1
W_F_0019,19,1,1
W_F_0019,19,2,0
W_F_0019,19,3,1
W_F_0019,19,4,1
W_F_0019,19,5,0
W_F_0019,19,6,0
W_F_0019,19,7,0
W_F_0019,19,8,0
W_F_0019,19,9,0
W_F_0019,19,10,0
W_F_0019,19,11,0
W_F_0019,19,12,0
W_F_0019,19,13,1
W_F_0019,19,14,0
W_F_0019,19,15,0
W_F_0019,19,16,0
W_F_0019,19,17,0
W_F_0019,19,18,0
W_F_0019,19,19,0
W_F_0019,19,20,0
W_F_0019,19,21,0
W_F_0019,19,22,0
W_F_0019,19,23,0
W_F_0019,19,24,1
W_F_0019,19,25,0
W_F_0019,19,26,0
W_F_0019,19,27,0
W_F_0019,19,28,0
W_F_0019,19,29,1
W_F_0019,19,30,0
W_F_0019,19,31,0
W_F_0019,19,32,0
W_F_0019,19,33,0
W_F_0019,19,34,0
W_F_0019,19,35,0
W_F_0019,19,36,1
W_F_0019,19,37,0
W_F_0019,19,38,0
W_F_0019,19,39,0
W_F_0019,19,40,0
W_F_0019,19,41,1
W_F_0019,20,0,1
W_F_0019,20,1,1
W_F_0019,20,2,1
W_F_0019,20,3,0
W_F_0019,20,4,0
W_F_0019,20,5,0
W_F_0019,20,6,0
W_F_0019,20,7,0
W_F_0019,20,8,0
W_F_0019,20,9,0
W_F_0019,20,10,0
W_F_0019,20,11,0
W_F_0019,20,12,0
W_F_0019,20,13,0
W_F_0019,20,14,0
W_F_0019,20,15,0
W_F_0019,20,16,0
W_F_0019,20,17,0
W_F_0019,20,18,0
W_F_0019,20,19,0
W_F_0019,20,20,0
W_F_0019,20,21,0
W_F_0019,20,22,0
W_F_0019,20,23,0
W_F_0019,20,24,0
W_F_0019,20,25,0
W_F_0019,20,26,0
W_F_0019,20,27,0
W_F_0019,20,28,1
W_F_0019,20,29,1
W_F_0019,20,30,0
W_F_0019,20,31,0
W_F_0019,20,32,0
W_F_0019,20,33,0
W_F_0019,20,34,0
W_F_0019,20,35,0
W_F_0019,20,36,0
W_F_0019,20,37,0
W_F_0019,20,38,0
W_F_0019,20,39,0
W_F_0019,20,40,0
W_F_0019,20,41,1
W_F_0019,21,0,1
W_F_0019,21,1,1
W_F_0019,21,2,0
W_F_0019,21,3,1
W_F_0019,21,4,0
W_F_0019,21,5,0
W_F_0019,21,6,0
W_F_0019,21,7,0
W_F_0019,21,8,0
W_F_0019,21,9,0
W_F_0019,21,10,0
W_F_0019,21,11,0
W_F_0019,21,12,0
W_F_0019,21,13,0
W_F_0019,21,14,0
W_F_0019,21,15,1
W_F_0019,21,16,0
W_F_0019,21,17,0
W_F_0019,21,18,0
W_F_0019,21,19,1
W_F_0019,21,20,1
W_F_0019,21,21,0
W_F_0019,21,22,1
W_F_0019,21,23,0
W_F_0019,21,24,0
W_F_0019,21,25,0
W_F_0019,21,26,0
W_F_0019,21,27,0
W_F_0019,21,28,0
W_F_0019,21,29,0
W_F_0019,21,30,0
W_F_0019,21,31,0
W_F_0019,21,32,0
W_F_0019,21,33,0
W_F_0019,21,34,0
W_F_0019,21,35,1
W_F_0019,21,36,0
W_F_0019,21,37,0
W_F_0019,21,38,0
W_F_0019,21,39,1
W_F_0019,21,40,0
W_F_0019,21,41,1
W_F_0019,22,0,1
W_F_0019,22,1,1
W_F_0019,22,2,1
W_F_0019,22,3,1
W_F_0019,22,4,0
W_F_0019,22,5,0
W_F_0019,22,6,0
W_F_0019,22,7,0
W_F_0019,22,8,0
W_F_0019,22,9,0
W_F_0019,22,10,0
W_F_0019,22,11,0
W_F_0019,22,12,0
W_F_0019,22,13,0
W_F_0019,22,14,0
W_F_0019,22,15,0
W_F_0019,22,16,0
W_F_0019,22,17,0
W_F_0019,22,18,0
W_F_0019,22,19,0
W_F_0019,22,20,0
W_F_0019,22,21,0
W_F_0019,22,22,1
W_F_0019,22,23,0
W_F_0019,22,24,0
W_F_0019,22,25,0
W_F_0019,22,26,0
W_F_0019,22,27,0
W_F_0019,22,28,0
W_F_0019,22,29,0
W_F_0019,22,30,0
W_F_0019,22,31,0
W_F_0019,22,32,0
W_F_0019,22,33,0
W_F_0019,22,34,0
W_F_0019,22,35,0
W_F_0019,22,36,0
W_F_0019,22,37,0
W_F_0019,22,38,0
W_F_0019,22,39,1
W_F_0019,22,40,0
W_F_0019,22,41,1
W_F_0019,23,0,1
W_F_0019,23,1,1
W_F_0019,23,2,1
W_F_0019,23,3,0
W_F_0019,23,4,0
W_F_0019,23,5,0
W_F_0019,23,6,0
W_F_0019,23,7,0
W_F_0019,23,8,0
W_F_0019,23,9,0
W_F_0019,23,10,0
W_F_0019,23,11,0
W_F_0019,23,12,0
W_F_0019,23,13,0
W_F_0019,23,14,0
W_F_0019,23,15,0
W_F_0019,23,16,0
W_F_0019,23,17,0
W_F_0019,23,18,0
W_F_0019,23,19,0
W_F_0019,23,20,0
W_F_0019,23,21,0
W_F_0019,23,22,0
W_F_0019,23,23,0
W_F_0019,23,24,0
W_F_0019,23,25,0
W_F_0019,23,26,0
W_F_0019,23,27,1
W_F_0019,23,28,0
W_F_0019,23,29,0
W_F_0019,23,30,0
W_F_0019,23,31,0
W_F_0019,23,32,0
W_F_0019,23,33,0
W_F_0019,23,34,0
W_F_0019,23,35,0
W_F_0019,23,36,0
W_F_0019,23,37,0
W_F_0019,23,38,0
W_F_0019,23,39,0
W_F_0019,23,40,0
W_F_0019,23,41,1
W_F_0019,24,0,1
W_F_0019,24,1,1
W_F_0019,24,2,0
W_F_0019,24,3,1
W_F_0019,24,4,0
W_F_0019,24,5,1
W_F_0019,24,6,0
W_F_0019,24,7,0
W_F_0019,24,8,1
W_F_0019,24,9,0
W_F_0019,24,10,0
W_F_0019,24,11,0
W_F_0019,24,12,0
W_F_0019,24,13,0
W_F_0019,24,14,1
W_F_0019,24,15,0
W_F_0019,24,16,1
W_F_0019,24,17,0
W_F_0019,24,18,1
W_F_0019,24,19,0
W_F_0019,24,20,1
W_F_0019,24,21,0
W_F_0019,24,22,0
W_F_0019,24,23,0
W_F_0019,24,24,0
W_F_0019,24,25,0
W_F_0019,24,26,0
W_F_0019,24,27,0
W_F_0019,24,28,0
W_F_0019,24,29,0
W_F_0019,24,30,0
W_F_0019,24,31,0
W_F_0019,24,32,0
W_F_0019,24,33,1
W_F_0019,24,34,0
W_F_0019,24,35,1
W_F_0019,24,36,0
W_F_0019,24,37,0
W_F_0019,24,38,0
W_F_0019,24,39,0
W_F_0019,24,40,0
W_F_0019,24,41,1
W_F_0019,25,1,1
W_F_0019,25,2,1
W_F_0019,25,3,0
W_F_0019,25,4,1
W_F_0019,25,5,0
W_F_0019,25,6,0
W_F_0019,25,7,0
W_F_0019,25,8,0
W_F_0019,25,9,1
W_F_0019,25,10,1
W_F_0019,25,11,0
W_F_0019,25,12,0
W_F_0019,25,13,0
W_F_0019,25,14,0
W_F_0019,25,15,0
W_F_0019,25,16,0
W_F_0019,25,17,1
W_F_0019,25,18,0
W_F_0019,25,19,0
W_F_0019,25,20,0
W_F_0019,25,21,0
W_F_0019,25,22,0
W_F_0019,25,23,1
W_F_0019,25,24,0
W_F_0019,25,25,0
W_F_0019,25,26,0
W_F_0019,25,27,1
W_F_0019,25,28,0
W_F_0019,25,29,1
W_F_0019,25,30,0
W_F_0019,25,31,0
W_F_0019,25,32,0
W_F_0019,25,33,0
W_F_0019,25,34,0
W_F_0019,25,35,0
W_F_0019,25,36,0
W_F_0019,25,37,0
W_F_0019,25,38,0
W_F_0019,25,39,0
W_F_0019,25,40,0
W_F_0019,25,41,1
W_F_0019,26,1,1
W_F_0019,26,2,1
W_F_0019,26,3,1
W_F_0019,26,4,1
W_F_0019,26,5,0
W_F_0019,26,6,0
W_F_0019,26,7,0
W_F_0019,26,8,0
W_F_0019,26,9,0
W_F_0019,26,10,1
W_F_0019,26,11,1
W_F_0019,26,12,0
W_F_0019,26,13,0
W_F_0019,26,14,0
W_F_0019,26,15,0
W_F_0019,26,16,0
W_F_0019,26,17,1
W_F_0019,26,18,0
W_F_0019,26,19,0
W_F_0019,26,20,0
W_F_0019,26,21,0
W_F_0019,26,22,0
W_F_0019,26,23,0
W_F_0019,26,24,0
W_F_0019,26,25,0
W_F_0019,26,26,1
W_F_0019,26,27,0
W_F_0019,26,28,0
W_F_0019,26,29,0
W_F_0019,26,30,0
W_F_0019,26,31,0
W_F_0019,26,32,0
W_F_0019,26,33,0
W_F_0019,26,34,0
W_F_0019,26,35,1
W_F_0019,26,36,0
W_F_0019,26,37,0
W_F_0019,26,38,1
W_F_0019,26,39,0
W_F_0019,26,40,0
W_F_0019,27,1,1
W_F_0019,27,2,0
W_F_0019,27,3,0
W_F_0019,27,4,1
W_F_0019,27,5,0
W_F_0019,27,6,1
W_F_0019,27,7,0
W_F_0019,27,8,1
W_F_0019,27,9,0
W_F_0019,27,10,0
W_F_0019,27,11,0
W_F_0019,27,12,0
W_F_0019,27,13,1
W_F_0019,27,14,0
W_F_0019,27,15,1
W_F_0019,27,16,0
W_F_0019,27,17,0
W_F_0019,27,18,0
W_F_0019,27,19,0
W_F_0019,27,20,0
W_F_0019,27,21,0
W_F_0019,27,22,0
W_F_0019,27,23,0
W_F_0019,27,24,0
W_F_0019,27,25,0
W_F_0019,27,26,1
W_F_0019,27,27,0
W_F_0019,27,28,1
W_F_0019,27,29,0
W_F_0019,27,30,1
W_F_0019,27,31,0
W_F_0019,27,32,0
W_F_0019,27,33,0
W_F_0019,27,34,0
W_F_0019,27,35,0
W_F_0019,27,36,0
W_F_0019,27,37,0
W_F_0019,27,38,0
W_F_0019,27,39,1
W_F_0019,27,40,1
W_F_0019,28,1,1
W_F_0019,28,2,1
W_F_0019,28,3,0
W_F_0019,28,4,1
W_F_0019,28,5,0
W_F_0019,28,6,0
W_F_0019,28,7,0
W_F_0019,28,8,0
W_F_0019,28,9,1
W_F_0019,28,10,0
W_F_0019,28,11,0
W_F_0019,28,12,0
W_F_0019,28,13,0
W_F_0019,28,14,0
W_F_0019,28,15,0
W_F_0019,28,16,0
W_F_0019,28,17,0
W_F_0019,28,18,0
W_F_0019,28,19,0
W_F_0019,28,20,0
W_F_0019,28,21,0
W_F_0019,28,22,0
W_F_0019,28,23,0
W_F_0019,28,24,0
W_F_0019,28,25,0
W_F_0019,28,26,0
W_F_0019,28,27,0
W_F_0019,28,28,0
W_F_0019,28,29,0
W_F_0019,28,30,0
W_F_0019,28,31,0
W_F_0019,28,32,0
W_F_0019,28,33,0
W_F_0019,28,34,0
W_F_0019,28,35,0
W_F_0019,28,36,0
W_F_0019,28,37,0
W_F_0019,28,38,0
W_F_0019,28,39,0
W_F_0019,28,40,1
W_F_0019,29,2,1
W_F_0019,29,3,1
W_F_0019,29,4,0
W_F_0019,29,5,1
W_F_0019,29,6,0
W_F_0019,29,7,0
W_F_0019,29,8,0
W_F_0019,29,9,0
W_F_0019,29,10,0
W_F_0019,29,11,0
W_F_0019,29,12,0
W_F_0019,29,13,0
W_F_0019,29,14,1
W_F_0019,29,15,1
W_F_0019,29,16,0
W_F_0019,29,17,0
W_F_0019,29,18,0
W_F_0019,29,19,0
W_F_0019,29,20,0
W_F_0019,29,21,0
W_F_0019,29,22,1
W_F_0019,29,23,0
W_F_0019,29,24,0
W_F_0019,29,25,0
W_F_0019,29,26,0
W_F_0019,29,27,0
W_F_0019,29,28,0
W_F_0019,29,29,0
W_F_0019,29,30,0
W_F_0019,29,31,0
W_F_0019,29,32,0
W_F_0019,29,33,0
W_F_0019,29,34,0
W_F_0019,29,35,1
W_F_0019,29,36,0
W_F_0019,29,37,0
W_F_0019,29,38,0
W_F_0019,29,39,1
W_F_0019,30,2,1
W_F_0019,30,3,1
W_F_0019,30,4,1
W_F_0019,30,5,0
W_F_0019,30,6,1
W_F_0019,30,7,0
W_F_0019,30,8,0
W_F_0019,30,9,0
W_F_0019,30,10,0
W_F_0019,30,11,0
W_F_0019,30,12,0
W_F_0019,30,13,0
W_F_0019,30,14,0
W_F_0019,30,15,0
W_F_0019,30,16,0
W_F_0019,30,17,0
W_F_0019,30,18,0
W_F_0019,30,19,0
W_F_0019,30,20,0
W_F_0019,30,21,0
W_F_0019,30,22,0
W_F_0019,30,23,0
W_F_0019,30,24,0
W_F_0019,30,25,0
W_F_0019,30,26,0
W_F_0019,30,27,0
W_F_0019,30,28,1
W_F_0019,30,29,0
W_F_0019,30,30,0
W_F_0019,30,31,0
W_F_0019,30,32,0
W_F_0019,30,33,0
W_F_0019,30,34,0
W_F_0019,30,35,0
W_F_0019,30,36,0
W_F_0019,30,37,1
W_F_0019,30,38,0
W_F_0019,30,39,1
W_F_0019,31,3,1
W_F_0019,31,4,0
W_F_0019,31,5,0
W_F_0019,31,6,0
W_F_0019,31,7,0
W_F_0019,31,8,1
W_F_0019,31,9,0
W_F_0019,31,10,0
W_F_0019,31,11,0
W_F_0019,31,12,0
W_F_0019,31,13,0
W_F_0019,31,14,0
W_F_0019,31,15,0
W_F_0019,31,16,0
W_F_0019,31,17,0
W_F_0019,31,18,0
W_F_0019,31,19,0
W_F_0019,31,20,0
W_F_0019,31,21,0
W_F_0019,31,22,0
W_F_0019,31,23,0
W_F_0019,31,24,1
W_F_0019,31,25,0
W_F_0019,31,26,0
W_F_0019,31,27,0
W_F_0019,31,28,0
W_F_0019,31,29,0
W_F_0019,31,30,0
W_F_0019,31,31,0
W_F_0019,31,32,0
W_F_0019,31,33,0
W_F_0019,31,34,1
W_F_0019,31,35,0
W_F_0019,31,36,0
W_F_0019,31,37,0
W_F_0019,31,38,0
W_F_0019,31,39,1
W_F_0019,32,3,1
W_F_0019,32,4,0
W_F_0019,32,5,0
W_F_0019,32,6,1
W_F_0019,32,7,0
W_F_0019,32,8,1
W_F_0019,32,9,0
W_F_0019,32,10,0
W_F_0019,32,11,0
W_F_0019,32,12,1
W_F_0019,32,13,0
W_F_0019,32,14,0
W_F_0019,32,15,0
W_F_0019,32,16,0
W_F_0019,32,17,0
W_F_0019,32,18,1
W_F_0019,32,19,1
W_F_0019,32,20,0
W_F_0019,32,21,1
W_F_0019,32,22,0
W_F_0019,32,23,0
W_F_0019,32,24,0
W_F_0019,32,25,0
W_F_0019,32,26,1
W_F_0019,32,27,0
W_F_0019,32,28,0
W_F_0019,32,29,0
W_F_0019,32,30,0
W_F_0019,32,31,0
W_F_0019,32,32,0
W_F_0019,32,33,1
W_F_0019,32,34,0
W_F_0019,32,35,1
W_F_0019,32,36,0
W_F_0019,32,37,0
W_F_0019,32,38,1
W_F_0019,33,4,1
W_F_0019,33,5,1
W_F_0019,33,6,0
W_F_0019,33,7,1
W_F_0019,33,8,0
W_F_0019,33,9,0
W_F_0019,33,10,0
W_F_0019,33,11,0
W_F_0019,33,12,0
W_F_0019,33,13,0
W_F_0019,33,14,0
W_F_0019,33,15,0
W_F_0019,33,16,0
W_F_0019,33,17,1
W_F_0019,33,18,0
W_F_0019,33,19,0
W_F_0019,33,20,0
W_F_0019,33,21,0
W_F_0019,33,22,0
W_F_0019,33,23,0
W_F_0019,33,24,1
W_F_0019,33,25,0
W_F_0019,33,26,0
W_F_0019,33,27,0
W_F_0019,33,28,0
W_F_0019,33,29,0
W_F_0019,33,30,0
W_F_0019,33,31,1
W_F_0019,33,32,0
W_F_0019,33,33,0
W_F_0019,33,34,0
W_F_0019,33,35,0
W_F_0019,33,36,0
W_F_0019,33,37,0
W_F_0019,34,4,1
W_F_0019,34,5,1
W_F_0019,34,6,1
W_F_0019,34,7,1
W_F_0019,34,8,0
W_F_0019,34,9,0
W_F_0019,34,10,0
W_F_0019,34,11,0
W_F_0019,34,12,0
W_F_0019,34,13,0
W_F_0019,34,14,0
W_F_0019,34,15,0
W_F_0019,34,16,0
W_F_0019,34,17,0
W_F_0019,34,18,0
W_F_0019,34,19,0
W_F_0019,34,20,0
W_F_0019,34,21,0
W_F_0019,34,22,0
W_F_0019,34,23,0
W_F_0019,34,24,0
W_F_0019,34,25,0
W_F_0019,34,26,0
W_F_0019,34,27,0
W_F_0019,34,28,0
W_F_0019,34,29,0
W_F_0019,34,30,0
W_F_0019,34,31,1
W_F_0019,34,32,0
W_F_0019,34,33,0
W_F_0019,34,34,1
W_F_0019,34,35,0
W_F_0019,34,36,1
W_F_0019,34,37,1
W_F_0019,35,5,1
W_F_0019,35,6,1
W_F_0019,35,7,0
W_F_0019,35,8,1
W_F_0019,35,9,0
W_F_0019,35,10,0
W_F_0019,35,11,1
W_F_0019,35,12,0
W_F_0019,35,13,0
W_F_0019,35,14,1
W_F_0019,35,15,0
W_F_0019,35,16,0
W_F_0019,35,17,0
W_F_0019,35,18,0
W_F_0019,35,19,1
W_F_0019,35,20,0
W_F_0019,35,21,0
W_F_0019,35,22,0
W_F_0019,35,23,0
W_F_0019,35,24,0
W_F_0019,35,25,0
W_F_0019,35,26,0
W_F_0019,35,27,0
W_F_0019,35,28,0
W_F_0019,35,29,0
W_F_0019,35,30,0
W_F_0019,35,31,1
W_F_0019,35,32,0
W_F_0019,35,33,0
W_F_0019,35,34,1
W_F_0019,35,35,1
W_F_0019,35,36,1
W_F_0019,36,6,1
W_F_0019,36,7,1
W_F_0019,36,8,0
W_F_0019,36,9,1
W_F_0019,36,10,1
W_F_0019,36,11,0
W_F_0019,36,12,0
W_F_0019,36,13,0
W_F_0019,36,14,0
W_F_0019,36,15,0
W_F_0019,36,16,1
W_F_0019,36,17,0
W_F_0019,36,18,0
W_F_0019,36,19,0
W_F_0019,36,20,0
W_F_0019,36,21,0
W_F_0019,36,22,0
W_F_0019,36,23,1
W_F_0019,36,24,0
W_F_0019,36,25,0
W_F_0019,36,26,1
W_F_0019,36,27,0
W_F_0019,36,28,0
W_F_0019,36,29,0
W_F_0019,36,30,0
W_F_0019,36,31,1
W_F_0019,36,32,1
W_F_0019,36,33,0
W_F_0019,36,34,1
W_F_0019,36,35,1
W_F_0019,37,7,1
W_F_0019,37,8,1
W_F_0019,37,9,1
W_F_0019,37,10,0
W_F_0019,37,11,0
W_F_0019,37,12,0
W_F_0019,37,13,1
W_F_0019,37,14,0
W_F_0019,37,15,0
W_F_0019,37,16,0
W_F_0019,37,17,1
W_F_0019,37,18,0
W_F_0019,37,19,1
W_F_0019,37,20,0
W_F_0019,37,21,0
W_F_0019,37,22,0
W_F_0019,37,23,0
W_F_0019,37,24,0
W_F_0019,37,25,0
W_F_0019,37,26,0
W_F_0019,37,27,1
W_F_0019,37,28,0
W_F_0019,37,29,0
W_F_0019,37,30,1
W_F_0019,37,31,0
W_F_0019,37,32,0
W_F_0019,37,33,1
W_F_0019,37,34,1
W_F_0019,38,8,1
W_F_0019,38,9,1
W_F_0019,38,10,1
W_F_0019,38,11,0
W_F_0019,38,12,1
W_F_0019,38,13,1
W_F_0019,38,14,0
W_F_0019,38,15,0
W_F_0019,38,16,0
W_F_0019,38,17,1
W_F_0019,38,18,0
W_F_0019,38,19,0
W_F_0019,38,20,1
W_F_0019,38,21,0
W_F_0019,38,22,0
W_F_0019,38,23,0
W_F_0019,38,24,0
W_F_0019,38,25,0
W_F_0019,38,26,0
W_F_0019,38,27,0
W_F_0019,38,28,0
W_F_0019,38,29,0
W_F_0019,38,30,0
W_F_0019,38,31,1
W_F_0019,38,32,1
W_F_0019,38,33,1
W_F_0019,39,9,1
W_F_0019,39,10,1
W_F_0019,39,11,1
W_F_0019,39,12,1
W_F_0019,39,13,0
W_F_0019,39,14,0
W_F_0019,39,15,0
W_F_0019,39,16,0
W_F_0019,39,17,0
W_F_0019,39,18,1
W_F_0019,39,19,0
W_F_0019,39,20,1
W_F_0019,39,21,0
W_F_0019,39,22,0
W_F_0019,39,23,1
W_F_0019,39,24,1
W_F_0019,39,25,0
W_F_0019,39,26,0
W_F_0019,39,27,0
W_F_0019,39,28,0
W_F_0019,39,29,0
W_F_0019,39,30,1
W_F_0019,39,31,1
W_F_0019,39,32,1
W_F_0019,40,11,1
W_F_0019,40,12,1
W_F_0019,40,13,1
W_F_0019,40,14,1
W_F_0019,40,15,1
W_F_0019,40,16,0
W_F_0019,40,17,0
W_F_0019,40,18,0
W_F_0019,40,19,1
W_F_0019,40,20,0
W_F_0019,40,21,1
W_F_0019,40,22,0
W_F_0019,40,23,0
W_F_0019,40,24,0
W_F_0019,40,25,1
W_F_0019,40,26,0
W_F_0019,40,27,1
W_F_0019,40,28,1
W_F_0019,40,29,1
W_F_0019,40,30,1
W_F_0019,41,13,1
W_F_0019,41,14,1
W_F_0019,41,15,1
W_F_0019,41,16,1
W_F_0019,41,17,1
W_F_0019,41,18,1
W_F_0019,41,19,1
W_F_0019,41,20,1
W_F_0019,41,21,0
W_F_0019,41,22,0
W_F_0019,41,23,1
W_F_0019,41,24,1
W_F_0019,41,25,0
W_F_0019,41,26,1
W_F_0019,41,27,1
W_F_0019,41,28,1
W_F_0019,42,15,1
W_F_0019,42,16,1
W_F_0019,42,17,1
W_F_0019,42,18,1
W_F_0019,42,19,1
W_F_0019,42,20,1
W_F_0019,42,21,1
W_F_0019,42,22,1
W_F_0019,42,23,1
W_F_0019,42,24,1
W_F_0019,42,25,1
W_F_0019,42,26,1
W_N_0112,0,16,1
W_N_0112,0,17,1
W_N_0112,1,11,1
W_N_0112,1,12,1
W_N_0112,1,13,0
W_N_0112,1,14,0
W_N_0112,1,15,0
W_N_0112,1,16,1
W_N_0112,1,17,0
W_N_0112,1,18,0
W_N_0112,1,19,1
W_N_0112,1,20,0
W_N_0112,1,21,1
W_N_0112,1,22,1
W_N_0112,2,9,0
W_N_0112,2,10,1
W_N_0112,2,11,1
W_N_0112,2,12,0
W_N_0112,2,13,0
W_N_0112,2,14,0
W_N_0112,2,15,1
W_N_0112,2,16,1
W_N_0112,2,17,0
W_N_0112,2,18,0
W_N_0112,2,19,1
W_N_0112,2,20,1
W_N_0112,2,21,0
W_N_0112,2,22,1
W_N_0112,2,23,0
W_N_0112,2,24,0
W_N_0112,3,7,1
W_N_0112,3,8,0
W_N_0112,3,9,0
W_N_0112,3,10,0
W_N_0112,3,11,0
W_N_0112,3,12,0
W_N_0112,3,13,0
W_N_0112,3,14,0
W_N_0112,3,15,0
W_N_0112,3,16,1
W_N_0112,3,17,0
W_N_0112,3,18,0
W_N_0112,3,19,0
W_N_0112,3,20,0
W_N_0112,3,21,0
W_N_0112,3,22,0
W_N_0112,3,23,0
W_N_0112,3,24,0
W_N_0112,3,25,1
W_N_0112,3,26,0
W_N_0112,4,6,0
W_N_0112,4,7,0
W_N_0112,4,8,0
W_N_0112,4,9,0
W_N_0112,4,10,0
W_N_0112,4,11,1
W_N_0112,4,12,0
W_N_0112,4,13,0
W_N_0112,4,14,0
W_N_0112,4,15,0
W_N_0112,4,16,0
W_N_0112,4,17,0
W_N_0112,4,18,0
W_N_0112,4,19,0
W_N_0112,4,20,0
W_N_0112,4,21,0
W_N_0112,4,22,1
W_N_0112,4,23,0
W_N_0112,4,24,1
W_N_0112,4,25,0
W_N_0112,4,26,0
W_N_0112,4,27,0
W_N_0112,5,4,0
W_N_0112,5,5,0
W_N_0112,5,6,0
W_N_0112,5,7,0
W_N_0112,5,8,0
W_N_0112,5,9,0
W_N_0112,5,10,0
W_N_0112,5,11,0
W_N_0112,5,12,0
W_N_0112,5,13,0
W_N_0112,5,14,0
W_N_0112,5,15,0
W_N_0112,5,16,0
W_N_0112,5,17,0
W_N_0112,5,18,0
W_N_0112,5,19,0
W_N_0112,5,20,0
W_N_0112,5,21,0
W_N_0112,5,22,0
W_N_0112,5,23,0
W_N_0112,5,24,0
W_N_0112,5,25,1
W_N_0112,5,26,0
W_N_0112,5,27,0
W_N_0112,5,28,0
W_N_0112,6,3,0
W_N_0112,6,4,1
W_N_0112,6,5,0
W_N_0112,6,6,0
W_N_0112,6,7,0
W_N_0112,6,8,0
W_N_0112,6,9,0
W_N_0112,6,10,0
W_N_0112,6,11,0
W_N_0112,6,12,0
W_N_0112,6,13,0
W_N_0112,6,14,0
W_N_0112,6,15,0
W_N_0112,6,16,0
W_N_0112,6,17,1
W_N_0112,6,18,0
W_N_0112,6,19,0
W_N_0112,6,20,0
W_N_0112,6,21,0
W_N_0112,6,22,0
W_N_0112,6,23,1
W_N_0112,6,24,0
W_N_0112,6,25,1
W_N_0112,6,26,0
W_N_0112,6,27,0
W_N_0112,6,28,0
W_N_0112,6,29,0
W_N_0112,7,3,0
W_N_0112,7,4,0
W_N_0112,7,5,0
W_N_0112,7,6,0
W_N_0112,7,7,0
W_N_0112,7,8,0
W_N_0112,7,9,0
W_N_0112,7,10,1
W_N_0112,7,11,0
W_N_0112,7,12,0
W_N_0112,7,13,0
W_N_0112,7,14,0
W_N_0112,7,15,0
W_N_0112,7,16,0
W_N_0112,7,17,0
W_N_0112,7,18,0
W_N_0112,7,19,0
W_N_0112,7,20,0
W_N_0112,7,21,0
W_N_0112,7,22,0
W_N_0112,7,23,0
W_N_0112,7,24,0
W_N_0112,7,25,0
W_N_0112,7,26,0
W_N_0112,7,27,0
W_N_0112,7,28,0
W_N_0112,7,29,0
W_N_0112,7,30,1
W_N_0112,8,2,1
W_N_0112,8,3,0
W_N_0112,8,4,1
W_N_0112,8,5,0
W_N_0112,8,6,0
W_N_0112,8,7,0
W_N_0112,8,8,0
W_N_0112,8,9,0
W_N_0112,8,10,0
W_N_0112,8,11,0
W_N_0112,8,12,0
W_N_0112,8,13,0
W_N_0112,8,14,0
W_N_0112,8,15,0
W_N_0112,8,16,0
W_N_0112,8,17,0
W_N_0112,8,18,0
W_N_0112,8,19,0
W_N_0112,8,20,0
W_N_0112,8,21,0
W_N_0112,8,22,0
W_N_0112,8,23,0
W_N_0112,8,24,1
W_N_0112,8,25,0
W_N_0112,8,26,0
W_N_0112,8,27,0
W_N_0112,8,28,0
W_N_0112,8,29,0
W_N_0112,8,30,0
W_N_0112,8,31,1
W_N_0112,9,1,0
W_N_0112,9,2,0
W_N_0112,9,3,0
W_N_0112,9,4,1
W_N_0112,9,5,0
W_N_0112,9,6,0
W_N_0112,9,7,0
W_N_0112,9,8,0
W_N_0112,9,9,0
W_N_0112,9,10,0
W_N_0112,9,11,0
W_N_0112,9,12,0
W_N_0112,9,13,0
W_N_0112,9,14,0
W_N_0112,9,15,1
W_N_0112,9,16,1
W_N_0112,9,17,0
W_N_0112,9,18,0
W_N_0112,9,19,0
W_N_0112,9,20,0
W_N_0112,9,21,0
W_N_0112,9,22,1
W_N_0112,9,23,0
W_N_0112,9,24,0
W_N_0112,9,25,0
W_N_0112,9,26,0
W_N_0112,9,27,0
W_N_0112,9,28,0
W_N_0112,9,29,0
W_N_0112,9,30,0
W_N_0112,9,31,0
W_N_0112,10,1,1
W_N_0112,10,2,0
W_N_0112,10,3,0
W_N_0112,10,4,0
W_N_0112,10,5,0
W_N_0112,10,6,0
W_N_0112,10,7,0
W_N_0112,10,8,0
W_N_0112,10,9,0
W_N_0112,10,10,0
W_N_0112,10,11,0
W_N_0112,10,12,0
W_N_0112,10,13,0
W_N_0112,10,14,1
W_N_0112,10,15,0
W_N_0112,10,16,0
W_N_0112,10,17,0
W_N_0112,10,18,0
W_N_0112,10,19,0
W_N_0112,10,20,0
W_N_0112,10,21,0
W_N_0112,10,22,0
W_N_0112,10,23,0
W_N_0112,10,24,0
W_N_0112,10,25,0
W_N_0112,10,26,0
W_N_0112,10,27,0
W_N_0112,10,28,0
W_N_0112,10,29,0
W_N_0112,10,30,1
W_N_0112,10,31,0
W_N_0112,10,32,0
W_N_0112,11,1,0
W_N_0112,11,2,0
W_N_0112,11,3,1
W_N_0112,11,4,0
W_N_0112,11,5,0
W_N_0112,11,6,0
W_N_0112,11,7,0
W_N_0112,11,8,0
W_N_0112,11,9,0
W_N_0112,11,10,0
W_N_0112,11,11,0
W_N_0112,11,12,1
W_N_0112,11,13,0
W_N_0112,11,14,0
W_N_0112,11,15,0
W_N_0112,11,16,0
W_N_0112,11,17,0
W_N_0112,11,18,0
W_N_0112,11,19,0
W_N_0112,11,20,0
W_N_0112,11,21,0
W_N_0112,11,22,0
W_N_0112,11,23,0
W_N_0112,11,24,0
W_N_0112,11,25,0
W_N_0112,11,26,0
W_N_0112,11,27,0
W_N_0112,11,28,1
W_N_0112,11,29,0
W_N_0112,11,30,1
W_N_0112,11,31,0
W_N_0112,11,32,0
W_N_0112,12,0,0
W_N_0112,12,1,0
W_N_0112,12,2,0
W_N_0112,12,3,1
W_N_0112,12,4,0
W_N_0112,12,5,0
W_N_0112,12,6,0
W_N_0112,12,7,0
W_N_0112,12,8,0
W_N_0112,12,9,0
W_N_0112,12,10,0
W_N_0112,12,11,0
W_N_0112,12,12,0
W_N_0112,12,13,0
W_N_0112,12,14,0
W_N_0112,12,15,0
W_N_0112,12,16,0
W_N_0112,12,17,0
W_N_0112,12,18,0
W_N_0112,12,19,0
W_N_0112,12,20,0
W_N_0112,12,21,0
W_N_0112,12,22,0
W_N_0112,12,23,0
W_N_0112,12,24,0
W_N_0112,12,25,0
W_N_0112,12,26,0
W_N_0112,12,27,0
W_N_0112,12,28,0
W_N_0112,12,29,1
W_N_0112,12,30,0
W_N_0112,12,31,0
W_N_0112,12,32,0
W_N_0112,13,0,0
W_N_0112,13,1,0
W_N_0112,13,2,0
W_N_0112,13,3,1
W_N_0112,13,4,0
W_N_0112,13,5,0
W_N_0112,13,6,0
W_N_0112,13,7,0
W_N_0112,13,8,0
W_N_0112,13,9,0
W_N_0112,13,10,0
W_N_0112,13,11,0
W_N_0112,13,12,0
W_N_0112,13,13,0
W_N_0112,13,14,0
W_N_0112,13,15,0
W_N_0112,13,16,0
W_N_0112,13,17,0
W_N_0112,13,18,0
W_N_0112,13,19,0
W_N_0112,13,20,1
W_N_0112,13,21,0
W_N_0112,13,22,0
W_N_0112,13,23,0
W_N_0112,13,24,0
W_N_0112,13,25,0
W_N_0112,13,26,0
W_N_0112,13,27,0
W_N_0112,13,28,1
W_N_0112,13,29,0
W_N_0112,13,30,0
W_N_0112,13,31,0
W_N_0112,13,32,0
W_N_0112,13,33,1
W_N_0112,14,0,0
W_N_0112,14,1,0
W_N_0112,14,2,0
W_N_0112,14,3,0
W_N_0112,14,4,0
W_N_0112,14,5,0
W_N_0112,14,6,0
W_N_0112,14,7,0
W_N_0112,14,8,0
W_N_0112,14,9,0
W_N_0112,14,10,0
W_N_0112,14,11,0
W_N_0112,14,12,0
W_N_0112,14,13,0
W_N_0112,14,14,0
W_N_0112,14,15,0
W_N_0112,14,16,0
W_N_0112,14,17,1
W_N_0112,14,18,0
W_N_0112,14,19,0
W_N_0112,14,20,0
W_N_0112,14,21,0
W_N_0112,14,22,0
W_N_0112,14,23,0
W_N_0112,14,24,0
W_N_0112,14,25,0
W_N_0112,14,26,0
W_N_0112,14,27,0
W_N_0112,14,28,0
W_N_0112,14,29,0
W_N_0112,14,30,0
W_N_0112,14,31,0
W_N_0112,14,32,0
W_N_0112,14,33,0
W_N_0112,15,0,0
W_N_0112,15,1,0
W_N_0112,15,2,0
W_N_0112,15,3,0
W_N_0112,15,4,0
W_N_0112,15,5,0
W_N_0112,15,6,0
W_N_0112,15,7,0
W_N_0112,15,8,0
W_N_0112,15,9,0
W_N_0112,15,10,0
W_N_0112,15,11,0
W_N_0112,15,12,1
W_N_0112,15,13,0
W_N_0112,15,14,0
W_N_0112,15,15,0
W_N_0112,15,16,1
W_N_0112,15,17,1
W_N_0112,15,18,0
W_N_0112,15,19,0
W_N_0112,15,20,0
W_N_0112,15,21,0
W_N_0112,15,22,0
W_N_0112,15,23,0
W_N_0112,15,24,0
W_N_0112,15,25,0
W_N_0112,15,26,0
W_N_0112,15,27,0
W_N_0112,15,28,0
W_N_0112,15,29,0
W_N_0112,15,30,0
W_N_0112,15,31,0
W_N_0112,15,32,1
W_N_0112,15,33,0
W_N_0112,16,0,0
W_N_0112,16,1,0
W_N_0112,16,2,0
W_N_0112,16,3,0
W_N_0112,16,4,0
W_N_0112,16,5,0
W_N_0112,16,6,1
W_N_0112,16,7,0
W_N_0112,16,8,0
W_N_0112,16,9,0
W_N_0112,16,10,0
W_N_0112,16,11,0
W_N_0112,16,12,0
W_N_0112,16,13,0
W_N_0112,16,14,0
W_N_0112,16,15,0
W_N_0112,16,16,0
W_N_0112,16,17,0
W_N_0112,16,18,0
W_N_0112,16,19,0
W_N_0112,16,20,1
W_N_0112,16,21,0
W_N_0112,16,22,0
W_N_0112,16,23,0
W_N_0112,16,24,0
W_N_0112,16,25,0
W_N_0112,16,26,0
W_N_0112,16,27,1
W_N_0112,16,28,0
W_N_0112,16,29,0
W_N_0112,16,30,1
W_N_0112,16,31,1
W_N_0112,16,32,0
W_N_0112,16,33,0
W_N_0112,17,0,1
W_N_0112,17,1,0
W_N_0112,17,2,0
W_N_0112,17,3,0
W_N_0112,17,4,0
W_N_0112,17,5,0
W_N_0112,17,6,0
W_N_0112,17,7,0
W_N_0112,17,8,0
W_N_0112,17,9,0
W_N_0112,17,10,0
W_N_0112,17,11,1
W_N_0112,17,12,0
W_N_0112,17,13,0
W_N_0112,17,14,0
W_N_0112,17,15,0
W_N_0112,17,16,0
W_N_0112,17,17,1
W_N_0112,17,18,0
W_N_0112,17,19,0
W_N_0112,17,20,0
W_N_0112,17,21,0
W_N_0112,17,22,0
W_N_0112,17,23,0
W_N_0112,17,24,1
W_N_0112,17,25,0
W_N_0112,17,26,0
W_N_0112,17,27,0
W_N_0112,17,28,0
W_N_0112,17,29,0
W_N_0112,17,30,0
W_N_0112,17,31,1
W_N_0112,17,32,0
W_N_0112,17,33,1
W_N_0112,18,0,1
W_N_0112,18,1,0
W_N_0112,18,2,0
W_N_0112,18,3,0
W_N_0112,18,4,0
W_N_0112,18,5,1
W_N_0112,18,6,0
W_N_0112,18,7,0
W_N_0112,18,8,0
W_N_0112,18,9,0
W_N_0112,18,10,0
W_N_0112,18,11,0
W_N_0112,18,12,0
W_N_0112,18,13,0
W_N_0112,18,14,0
W_N_0112,18,15,0
W_N_0112,18,16,1
W_N_0112,18,17,0
W_N_0112,18,18,1
W_N_0112,18,19,0
W_N_0112,18,20,0
W_N_0112,18,21,0
W_N_0112,18,22,0
W_N_0112,18,23,0
W_N_0112,18,24,0
W_N_0112,18,25,0
W_N_0112,18,26,0
W_N_0112,18,27,0
W_N_0112,18,28,0
W_N_0112,18,29,0
W_N_0112,18,30,0
W_N_0112,18,31,0
W_N_0112,18,32,0
W_N_0112,19,1,1
W_N_0112,19,2,0
W_N_0112,19,3,0
W_N_0112,19,4,0
W_N_0112,19,5,0
W_N_0112,19,6,0
W_N_0112,19,7,1
W_N_0112,19,8,0
W_N_0112,19,9,0
W_N_0112,19,10,0
W_N_0112,19,11,0
W_N_0112,19,12,0
W_N_0112,19,13,0
W_N_0112,19,14,0
W_N_0112,19,15,0
W_N_0112,19,16,0
W_N_0112,19,17,0
W_N_0112,19,18,0
W_N_0112,19,19,0
W_N_0112,19,20,0
W_N_0112,19,21,0
W_N_0112,19,22,0
W_N_0112,19,23,0
W_N_0112,19,24,0
W_N_0112,19,25,0
W_N_0112,19,26,0
W_N_0112,19,27,1
W_N_0112,19,28,0
W_N_0112,19,29,0
W_N_0112,19,30,0
W_N_0112,19,31,1
W_N_0112,19,32,1
W_N_0112,20,1,1
W_N_0112,20,2,0
W_N_0112,20,3,1
W_N_0112,20,4,0
W_N_0112,20,5,0
W_N_0112,20,6,0
W_N_0112,20,7,1
W_N_0112,20,8,0
W_N_0112,20,9,0
W_N_0112,20,10,0
W_N_0112,20,11,0
W_N_0112,20,12,0
W_N_0112,20,13,0
W_N_0112,20,14,1
W_N_0112,20,15,0
W_N_0112,20,16,0
W_N_0112,20,17,0
W_N_0112,20,18,0
W_N_0112,20,19,0
W_N_0112,20,20,0
W_N_0112,20,21,0
W_N_0112,20,22,0
W_N_0112,20,23,1
W_N_0112,20,24,0
W_N_0112,20,25,0
W_N_0112,20,26,0
W_N_0112,20,27,1
W_N_0112,20,28,0
W_N_0112,20,29,0
W_N_0112,20,30,1
W_N_0112,20,31,0
W_N_0112,20,32,1
W_N_0112,21,2,0
W_N_0112,21,3,0
W_N_0112,21,4,1
W_N_0112,21,5,1
W_N_0112,21,6,0
W_N_0112,21,7,0
W_N_0112,21,8,0
W_N_0112,21,9,0
W_N_0112,21,10,0
W_N_0112,21,11,0
W_N_0112,21,12,0
W_N_0112,21,13,0
W_N_0112,21,14,0
W_N_0112,21,15,0
W_N_0112,21,16,0
W_N_0112,21,17,0
W_N_0112,21,18,1
W_N_0112,21,19,0
W_N_0112,21,20,0
W_N_0112,21,21,1
W_N_0112,21,22,0
W_N_0112,21,23,1
W_N_0112,21,24,0
W_N_0112,21,25,0
W_N_0112,21,26,0
W_N_0112,21,27,1
W_N_0112,21,28,0
W_N_0112,21,29,0
W_N_0112,21,30,0
W_N_0112,21,31,0
W_N_0112,22,2,1
W_N_0112,22,3,0
W_N_0112,22,4,0
W_N_0112,22,5,0
W_N_0112,22,6,0
W_N_0112,22,7,0
W_N_0112,22,8,0
W_N_0112,22,9,0
W_N_0112,22,10,0
W_N_0112,22,11,0
W_N_0112,22,12,0
W_N_0112,22,13,0
W_N_0112,22,14,1
W_N_0112,22,15,1
W_N_0112,22,16,0
W_N_0112,22,17,0
W_N_0112,22,18,0
W_N_0112,22,19,0
W_N_0112,22,20,0
W_N_0112,22,21,0
W_N_0112,22,22,0
W_N_0112,22,23,0
W_N_0112,22,24,0
W_N_0112,22,25,1
W_N_0112,22,26,0
W_N_0112,22,27,0
W_N_0112,22,28,0
W_N_0112,22,29,1
W_N_0112,22,30,1
W_N_0112,23,3,1
W_N_0112,23,4,0
W_N_0112,23,5,0
W_N_0112,23,6,0
W_N_0112,23,7,0
W_N_0112,23,8,0
W_N_0112,23,9,0
W_N_0112,23,10,0
W_N_0112,23,11,0
W_N_0112,23,12,1
W_N_0112,23,13,0
W_N_0112,23,14,0
W_N_0112,23,15,0
W_N_0112,23,16,0
W_N_0112,23,17,0
W_N_0112,23,18,0
W_N_0112,23,19,0
W_N_0112,23,20,0
W_N_0112,23,21,0
W_N_0112,23,22,0
W_N_0112,23,23,0
W_N_0112,23,24,0
W_N_0112,23,25,0
W_N_0112,23,26,0
W_N_0112,23,27,1
W_N_0112,23,28,1
W_N_0112,23,29,1
W_N_0112,23,30,0
W_N_0112,24,4,0
W_N_0112,24,5,0
W_N_0112,24,6,0
W_N_0112,24,7,0
W_N_0112,24,8,0
W_N_0112,24,9,0
W_N_0112,24,10,0
W_N_0112,24,11,0
W_N_0112,24,12,0
W_N_0112,24,13,0
W_N_0112,24,14,1
W_N_0112,24,15,0
W_N_0112,24,16,0
W_N_0112,24,17,1
W_N_0112,24,18,0
W_N_0112,24,19,0
W_N_0112,24,20,0
W_N_0112,24,21,0
W_N_0112,24,22,0
W_N_0112,24,23,0
W_N_0112,24,24,0
W_N_0112,24,25,0
W_N_0112,24,26,1
W_N_0112,24,27,0
W_N_0112,24,28,0
W_N_0112,24,29,1
W_N_0112,25,5,0
W_N_0112,25,6,0
W_N_0112,25,7,0
W_N_0112,25,8,0
W_N_0112,25,9,0
W_N_0112,25,10,1
W_N_0112,25,11,0
W_N_0112,25,12,0
W_N_0112,25,13,0
W_N_0112,25,14,0
W_N_0112,25,15,0
W_N_0112,25,16,0
W_N_0112,25,17,0
W_N_0112,25,18,0
W_N_0112,25,19,0
W_N_0112,25,20,0
W_N_0112,25,21,0
W_N_0112,25,22,0
W_N_0112,25,23,0
W_N_0112,25,24,0
W_N_0112,25,25,0
W_N_0112,25,26,1
W_N_0112,25,27,0
W_N_0112,25,28,1
W_N_0112,26,6,0
W_N_0112,26,7,0
W_N_0112,26,8,0
W_N_0112,26,9,0
W_N_0112,26,10,0
W_N_0112,26,11,0
W_N_0112,26,12,0
W_N_0112,26,13,0
W_N_0112,26,14,0
W_N_0112,26,15,0
W_N_0112,26,16,0
W_N_0112,26,17,0
W_N_0112,26,18,0
W_N_0112,26,19,0
W_N_0112,26,20,0
W_N_0112,26,21,0
W_N_0112,26,22,0
W_N_0112,26,23,0
W_N_0112,26,24,1
W_N_0112,26,25,1
W_N_0112,26,26,0
W_N_0112,26,27,1
W_N_0112,27,8,1
W_N_0112,27,9,0
W_N_0112,27,10,1
W_N_0112,27,11,0
W_N_0112,27,12,0
W_N_0112,27,13,1
W_N_0112,27,14,0
W_N_0112,27,15,0
W_N_0112,27,16,0
W_N_0112,27,17,0
W_N_0112,27,18,0
W_N_0112,27,19,0
W_N_0112,27,20,1
W_N_0112,27,21,0
W_N_0112,27,22,1
W_N_0112,27,23,0
W_N_0112,27,24,1
W_N_0112,27,25,0
W_N_0112,28,10,1
W_N_0112,28,11,0
W_N_0112,28,12,0
W_N_0112,28,13,0
W_N_0112,28,14,1
W_N_0112,28,15,1
W_N_0112,28,16,0
W_N_0112,28,17,0
W_N_0112,28,18,1
W_N_0112,28,19,0
W_N_0112,28,20,0
W_N_0112,28,21,1
W_N_0112,28,22,0
W_N_0112,28,23,0
W_N_0112,29,13,0
W_N_0112,29,14,0
W_N_0112,29,15,1
W_N_0112,29,16,0
W_N_0112,29,17,0
W_N_0112,29,18,0
W_N_0112,29,19,1
W_N_0112,29,20,1
W_N_0127,0,12,0
W_N_0127,0,13,0
W_N_0127,0,14,0
W_N_0127,1,9,0
W_N_0127,1,10,0
W_N_0127,1,11,0
W_N_0127,1,12,0
W_N_0127,1,13,0
W_N_0127,1,14,1
W_N_0127,1,15,0
W_N_0127,1,16,0
W_N_0127,1,17,0
W_N_0127,2,7,0
W_N_0127,2,8,0
W_N_0127,2,9,0
W_N_0127,2,10,0
W_N_0127,2,11,0
W_N_0127,2,12,0
W_N_0127,2,13,0
W_N_0127,2,14,1
W_N_0127,2,15,0
W_N_0127,2,16,1
W_N_0127,2,17,0
W_N_0127,2,18,0
W_N_0127,2,19,0
W_N_0127,3,6,0
W_N_0127,3,7,0
W_N_0127,3,8,0
W_N_0127,3,9,0
W_N_0127,3,10,0
W_N_0127,3,11,0
W_N_0127,3,12,0
W_N_0127,3,13,0
W_N_0127,3,14,0
W_N_0127,3,15,1
W_N_0127,3,16,0
W_N_0127,3,17,0
W_N_0127,3,18,0
W_N_0127,3,19,0
W_N_0127,3,20,1
W_N_0127,3,21,0
W_N_0127,4,4,0
W_N_0127,4,5,0
W_N_0127,4,6,0
W_N_0127,4,7,0
W_N_0127,4,8,0
W_N_0127,4,9,0
W_N_0127,4,10,0
W_N_0127,4,11,0
W_N_0127,4,12,0
W_N_0127,4,13,0
W_N_0127,4,14,0
W_N_0127,4,15,0
W_N_0127,4,16,0
W_N_0127,4,17,0
W_N_0127,4,18,0
W_N_0127,4,19,0
W_N_0127,4,20,0
W_N_0127,4,21,0
W_N_0127,4,22,0
W_N_0127,5,4,0
W_N_0127,5,5,0
W_N_0127,5,6,0
W_N_0127,5,7,0
W_N_0127,5,8,0
W_N_0127,5,9,0
W_N_0127,5,10,0
W_N_0127,5,11,0
W_N_0127,5,12,0
W_N_0127,5,13,0
W_N_0127,5,14,0
W_N_0127,5,15,0
W_N_0127,5,16,0
W_N_0127,5,17,0
W_N_0127,5,18,0
W_N_0127,5,19,0
W_N_0127,5,20,0
W_N_0127,5,21,0
W_N_0127,5,22,1
W_N_0127,5,23,0
W_N_0127,6,3,0
W_N_0127,6,4,0
W_N_0127,6,5,0
W_N_0127,6,6,0
W_N_0127,6,7,0
W_N_0127,6,8,0
W_N_0127,6,9,0
W_N_0127,6,10,0
W_N_0127,6,11,0
W_N_0127,6,12,0
W_N_0127,6,13,0
W_N_0127,6,14,0
W_N_0127,6,15,0
W_N_0127,6,16,0
W_N_0127,6,17,0
W_N_0127,6,18,0
W_N_0127,6,19,0
W_N_0127,6,20,0
W_N_0127,6,21,0
W_N_0127,6,22,0
W_N_0127,6,23,0
W_N_0127,7,2,0
W_N_0127,7,3,0
W_N_0127,7,4,0
W_N_0127,7,5,0
W_N_0127,7,6,0
W_N_0127,7,7,0
W_N_0127,7,8,0
W_N_0127,7,9,0
W_N_0127,7,10,0
W_N_0127,7,11,0
W_N_0127,7,12,0
W_N_0127,7,13,0
W_N_0127,7,14,0
W_N_0127,7,15,0
W_N_0127,7,16,0
W_N_0127,7,17,0
W_N_0127,7,18,0
W_N_0127,7,19,0
W_N_0127,7,20,0
W_N_0127,7,21,0
W_N_0127,7,22,0
W_N_0127,7,23,0
W_N_0127,7,24,0
W_N_0127,8,2,0
W_N_0127,8,3,0
W_N_0127,8,4,0
W_N_0127,8,5,0
W_N_0127,8,6,0
W_N_0127,8,7,0
W_N_0127,8,8,0
W_N_0127,8,9,0
W_N_0127,8,10,0
W_N_0127,8,11,0
W_N_0127,8,12,0
W_N_0127,8,13,0
W_N_0127,8,14,0
W_N_0127,8,15,0
W_N_0127,8,16,0
W_N_0127,8,17,0
W_N_0127,8,18,0
W_N_0127,8,19,0
W_N_0127,8,20,0
W_N_0127,8,21,1
W_N_0127,8,22,0
W_N_0127,8,23,0
W_N_0127,8,24,0
W_N_0127,9,1,0
W_N_0127,9,2,0
W_N_0127,9,3,0
W_N_0127,9,4,0
W_N_0127,9,5,0
W_N_0127,9,6,0
W_N_0127,9,7,0
W_N_0127,9,8,0
W_N_0127,9,9,0
W_N_0127,9,10,0
W_N_0127,9,11,0
W_N_0127,9,12,0
W_N_0127,9,13,0
W_N_0127,9,14,0
W_N_0127,9,15,0
W_N_0127,9,16,0
W_N_0127,9,17,0
W_N_0127,9,18,0
W_N_0127,9,19,0
W_N_0127,9,20,1
W_N_0127,9,21,0
W_N_0127,9,22,0
W_N_0127,9,23,0
W_N_0127,9,24,0
W_N_0127,9,25,0
W_N_0127,10,1,0
W_N_0127,10,2,0
W_N_0127,10,3,0
W_N_0127,10,4,0
W_N_0127,10,5,0
W_N_0127,10,6,0
W_N_0127,10,7,0
W_N_0127,10,8,0
W_N_0127,10,9,0
W_N_0127,10,10,0
W_N_0127,10,11,0
W_N_0127,10,12,0
W_N_0127,10,13,0
W_N_0127,10,14,1
W_N_0127,10,15,0
W_N_0127,10,16,0
W_N_0127,10,17,0
W_N_0127,10,18,0
W_N_0127,10,19,1
W_N_0127,10,20,1
W_N_0127,10,21,0
W_N_0127,10,22,0
W_N_0127,10,23,0
W_N_0127,10,24,0
W_N_0127,10,25,0
W_N_0127,11,1,0
W_N_0127,11,2,0
W_N_0127,11,3,0
W_N_0127,11,4,0
W_N_0127,11,5,0
W_N_0127,11,6,0
W_N_0127,11,7,0
W_N_0127,11,8,0
W_N_0127,11,9,0
W_N_0127,11,10,1
W_N_0127,11,11,0
W_N_0127,11,12,0
W_N_0127,11,13,0
W_N_0127,11,14,0
W_N_0127,11,15,0
W_N_0127,11,16,0
W_N_0127,11,17,0
W_N_0127,11,18,0
W_N_0127,11,19,0
W_N_0127,11,20,0
W_N_0127,11,21,0
W_N_0127,11,22,0
W_N_0127,11,23,0
W_N_0127,11,24,0
W_N_0127,11,25,0
W_N_0127,12,0,0
W_N_0127,12,1,0
W_N_0127,12,2,0
W_N_0127,12,3,0
W_N_0127,12,4,0
W_N_0127,12,5,0
W_N_0127,12,6,0
W_N_0127,12,7,0
W_N_0127,12,8,0
W_N_0127,12,9,0
W_N_0127,12,10,0
W_N_0127,12,11,0
W_N_0127,12,12,0
W_N_0127,12,13,0
W_N_0127,12,14,0
W_N_0127,12,15,0
W_N_0127,12,16,0
W_N_0127,12,17,0
W_N_0127,12,18,0
W_N_0127,12,19,0
W_N_0127,12,20,0
W_N_0127,12,21,0
W_N_0127,12,22,0
W_N_0127,12,23,0
W_N_0127,12,24,0
W_N_0127,12,25,0
W_N_0127,12,26,0
W_N_0127,13,0,0
W_N_0127,13,1,0
W_N_0127,13,2,0
W_N_0127,13,3,1
W_N_0127,13,4,0
W_N_0127,13,5,1
W_N_0127,13,6,0
W_N_0127,13,7,0
W_N_0127,13,8,0
W_N_0127,13,9,0
W_N_0127,13,10,0
W_N_0127,13,11,0
W_N_0127,13,12,0
W_N_0127,13,13,0
W_N_0127,13,14,0
W_N_0127,13,15,0
W_N_0127,13,16,0
W_N_0127,13,17,0
W_N_0127,13,18,0
W_N_0127,13,19,0
W_N_0127,13,20,0
W_N_0127,13,21,0
W_N_0127,13,22,0
W_N_0127,13,23,1
W_N_0127,13,24,0
W_N_0127,13,25,0
W_N_0127,13,26,0
W_N_0127,14,0,0
W_N_0127,14,1,0
W_N_0127,14,2,0
W_N_0127,14,3,0
W_N_0127,14,4,0
W_N_0127,14,5,0
W_N_0127,14,6,1
W_N_0127,14,7,0
W_N_0127,14,8,0
W_N_0127,14,9,0
W_N_0127,14,10,0
W_N_0127,14,11,0
W_N_0127,14,12,0
W_N_0127,14,13,0
W_N_0127,14,14,0
W_N_0127,14,15,0
W_N_0127,14,16,0
W_N_0127,14,17,0
W_N_0127,14,18,0
W_N_0127,14,19,0
W_N_0127,14,20,0
W_N_0127,14,21,0
W_N_0127,14,22,0
W_N_0127,14,23,0
W_N_0127,14,24,0
W_N_0127,14,25,0
W_N_0127,14,26,1
W_N_0127,15,0,0
W_N_0127,15,1,0
W_N_0127,15,2,0
W_N_0127,15,3,0
W_N_0127,15,4,0
W_N_0127,15,5,0
W_N_0127,15,6,0
W_N_0127,15,7,0
W_N_0127,15,8,0
W_N_0127,15,9,0
W_N_0127,15,10,0
W_N_0127,15,11,0
W_N_0127,15,12,0
W_N_0127,15,13,1
W_N_0127,15,14,0
W_N_0127,15,15,0
W_N_0127,15,16,0
W_N_0127,15,17,0
W_N_0127,15,18,0
W_N_0127,15,19,0
W_N_0127,15,20,0
W_N_0127,15,21,0
W_N_0127,15,22,0
W_N_0127,15,23,0
W_N_0127,15,24,0
W_N_0127,15,25,0
W_N_0127,15,26,0
W_N_0127,16,0,0
W_N_0127,16,1,0
W_N_0127,16,2,0
W_N_0127,16,3,1
W_N_0127,16,4,0
W_N_0127,16,5,0
W_N_0127,16,6,0
W_N_0127,16,7,0
W_N_0127,16,8,0
W_N_0127,16,9,0
W_N_0127,16,10,0
W_N_0127,16,11,0
W_N_0127,16,12,0
W_N_0127,16,13,0
W_N_0127,16,14,0
W_N_0127,16,15,0
W_N_0127,16,16,0
W_N_0127,16,17,0
W_N_0127,16,18,0
W_N_0127,16,19,0
W_N_0127,16,20,0
W_N_0127,16,21,0
W_N_0127,16,22,0
W_N_0127,16,23,0
W_N_0127,16,24,0
W_N_0127,16,25,0
W_N_0127,16,26,0
W_N_0127,17,1,0
W_N_0127,17,2,0
W_N_0127,17,3,0
W_N_0127,17,4,0
W_N_0127,17,5,0
W_N_0127,17,6,0
W_N_0127,17,7,0
W_N_0127,17,8,0
W_N_0127,17,9,0
W_N_0127,17,10,0
W_N_0127,17,11,0
W_N_0127,17,12,0
W_N_0127,17,13,0
W_N_0127,17,14,0
W_N_0127,17,15,0
W_N_0127,17,16,0
W_N_0127,17,17,0
W_N_0127,17,18,0
W_N_0127,17,19,0
W_N_0127,17,20,0
W_N_0127,17,21,0
W_N_0127,17,22,0
W_N_0127,17,23,0
W_N_0127,17,24,0
W_N_0127,17,25,0
W_N_0127,17,26,0
W_N_0127,18,1,0
W_N_0127,18,2,0
W_N_0127,18,3,0
W_N_0127,18,4,0
W_N_0127,18,5,0
W_N_0127,18,6,0
W_N_0127,18,7,0
W_N_0127,18,8,0
W_N_0127,18,9,0
W_N_0127,18,10,0
W_N_0127,18,11,0
W_N_0127,18,12,0
W_N_0127,18,13,0
W_N_0127,18,14,0
W_N_0127,18,15,0
W_N_0127,18,16,0
W_N_0127,18,17,1
W_N_0127,18,18,0
W_N_0127,18,19,1
W_N_0127,18,20,0
W_N_0127,18,21,0
W_N_0127,18,22,0
W_N_0127,18,23,0
W_N_0127,18,24,0
W_N_0127,18,25,0
W_N_0127,19,1,0
W_N_0127,19,2,1
W_N_0127,19,3,0
W_N_0127,19,4,0
W_N_0127,19,5,0
W_N_0127,19,6,0
W_N_0127,19,7,0
W_N_0127,19,8,0
W_N_0127,19,9,1
W_N_0127,19,10,0
W_N_0127,19,11,0
W_N_0127,19,12,0
W_N_0127,19,13,0
W_N_0127,19,14,1
W_N_0127,19,15,0
W_N_0127,19,16,0
W_N_0127,19,17,1
W_N_0127,19,18,0
W_N_0127,19,19,0
W_N_0127,19,20,0
W_N_0127,19,21,0
W_N_0127,19,22,0
W_N_0127,19,23,1
W_N_0127,19,24,0
W_N_0127,19,25,0
W_N_0127,20,2,0
W_N_0127,20,3,0
W_N_0127,20,4,0
W_N_0127,20,5,0
W_N_0127,20,6,0
W_N_0127,20,7,0
W_N_0127,20,8,0
W_N_0127,20,9,0
W_N_0127,20,10,0
W_N_0127,20,11,0
W_N_0127,20,12,1
W_N_0127,20,13,0
W_N_0127,20,14,0
W_N_0127,20,15,0
W_N_0127,20,16,0
W_N_0127,20,17,0
W_N_0127,20,18,0
W_N_0127,20,19,0
W_N_0127,20,20,0
W_N_0127,20,21,0
W_N_0127,20,22,0
W_N_0127,20,23,0
W_N_0127,20,24,0
W_N_0127,20,25,1
W_N_0127,21,2,0
W_N_0127,21,3,0
W_N_0127,21,4,0
W_N_0127,21,5,0
W_N_0127,21,6,0
W_N_0127,21,7,0
W_N_0127,21,8,0
W_N_0127,21,9,0
W_N_0127,21,10,0
W_N_0127,21,11,0
W_N_0127,21,12,0
W_N_0127,21,13,0
W_N_0127,21,14,0
W_N_0127,21,15,1
W_N_0127,21,16,0
W_N_0127,21,17,0
W_N_0127,21,18,0
W_N_0127,21,19,0
W_N_0127,21,20,0
W_N_0127,21,21,0
W_N_0127,21,22,0
W_N_0127,21,23,1
W_N_0127,21,24,0
W_N_0127,22,3,0
W_N_0127,22,4,0
W_N_0127,22,5,0
W_N_0127,22,6,0
W_N_0127,22,7,0
W_N_0127,22,8,0
W_N_0127,22,9,0
W_N_0127,22,10,0
W_N_0127,22,11,0
W_N_0127,22,12,1
W_N_0127,22,13,0
W_N_0127,22,14,0
W_N_0127,22,15,1
W_N_0127,22,16,0
W_N_0127,22,17,0
W_N_0127,22,18,0
W_N_0127,22,19,0
W_N_0127,22,20,0
W_N_0127,22,21,0
W_N_0127,22,22,0
W_N_0127,22,23,0
W_N_0127,22,24,1
W_N_0127,23,3,1
W_N_0127,23,4,0
W_N_0127,23,5,0
W_N_0127,23,6,0
W_N_0127,23,7,1
W_N_0127,23,8,0
W_N_0127,23,9,0
W_N_0127,23,10,1
W_N_0127,23,11,0
W_N_0127,23,12,0
W_N_0127,23,13,0
W_N_0127,23,14,0
W_N_0127,23,15,0
W_N_0127,23,16,0
W_N_0127,23,17,0
W_N_0127,23,18,0
W_N_0127,23,19,0
W_N_0127,23,20,1
W_N_0127,23,21,0
W_N_0127,23,22,0
W_N_0127,23,23,0
W_N_0127,24,4,0
W_N_0127,24,5,0
W_N_0127,24,6,0
W_N_0127,24,7,0
W_N_0127,24,8,0
W_N_0127,24,9,0
W_N_0127,24,10,0
W_N_0127,24,11,0
W_N_0127,24,12,0
W_N_0127,24,13,1
W_N_0127,24,14,0
W_N_0127,24,15,0
W_N_0127,24,16,0
W_N_0127,24,17,0
W_N_0127,24,18,1
W_N_0127,24,19,0
W_N_0127,24,20,0
W_N_0127,24,21,1
W_N_0127,24,22,0
W_N_0127,25,5,0
W_N_0127,25,6,0
W_N_0127,25,7,1
W_N_0127,25,8,0
W_N_0127,25,9,0
W_N_0127,25,10,0
W_N_0127,25,11,0
W_N_0127,25,12,0
W_N_0127,25,13,0
W_N_0127,25,14,1
W_N_0127,25,15,0
W_N_0127,25,16,0
W_N_0127,25,17,0
W_N_0127,25,18,0
W_N_0127,25,19,0
W_N_0127,25,20,0
W_N_0127,25,21,0
W_N_0127,26,6,0
W_N_0127,26,7,0
W_N_0127,26,8,0
W_N_0127,26,9,0
W_N_0127,26,10,0
W_N_0127,26,11,0
W_N_0127,26,12,0
W_N_0127,26,13,0
W_N_0127,26,14,0
W_N_0127,26,15,0
W_N_0127,26,16,0
W_N_0127,26,17,0
W_N_0127,26,18,0
W_N_0127,26,19,0
W_N_0127,26,20,0
W_N_0127,27,8,0
W_N_0127,27,9,0
W_N_0127,27,10,0
W_N_0127,27,11,0
W_N_0127,27,12,0
W_N_0127,27,13,1
W_N_0127,27,14,0
W_N_0127,27,15,0
W_N_0127,27,16,0
W_N_0127,27,17,0
W_N_0127,27,18,0
W_N_0127,28,10,1
W_N_0127,28,11,0
W_N_0127,28,12,1
W_N_0127,28,13,0
W_N_0127,28,14,0
W_N_0127,28,15,0
W_N_0127,28,16,0
W_N_0128,0,10,0
W_N_0128,0,11,1
W_N_0128,0,12,1
W_N_0128,0,13,1
W_N_0128,0,14,0
W_N_0128,0,15,0
W_N_0128,1,7,0
W_N_0128,1,8,1
W_N_0128,1,9,0
W_N_0128,1,10,0
W_N_0128,1,11,0
W_N_0128,1,12,0
W_N_0128,1,13,0
W_N_0128,1,14,1
W_N_0128,1,15,0
W_N_0128,1,16,1
W_N_0128,1,17,0
W_N_0128,1,18,0
W_N_0128,2,6,0
W_N_0128,2,7,0
W_N_0128,2,8,0
W_N_0128,2,9,0
W_N_0128,2,10,1
W_N_0128,2,11,0
W_N_0128,2,12,0
W_N_0128,2,13,0
W_N_0128,2,14,0
W_N_0128,2,15,0
W_N_0128,2,16,0
W_N_0128,2,17,0
W_N_0128,2,18,0
W_N_0128,2,19,0
W_N_0128,3,4,1
W_N_0128,3,5,1
W_N_0128,3,6,0
W_N_0128,3,7,1
W_N_0128,3,8,0
W_N_0128,3,9,0
W_N_0128,3,10,0
W_N_0128,3,11,0
W_N_0128,3,12,0
W_N_0128,3,13,0
W_N_0128,3,14,1
W_N_0128,3,15,0
W_N_0128,3,16,0
W_N_0128,3,17,0
W_N_0128,3,18,0
W_N_0128,3,19,0
W_N_0128,3,20,1
W_N_0128,3,21,0
W_N_0128,4,3,1
W_N_0128,4,4,0
W_N_0128,4,5,0
W_N_0128,4,6,0
W_N_0128,4,7,0
W_N_0128,4,8,1
W_N_0128,4,9,1
W_N_0128,4,10,0
W_N_0128,4,11,0
W_N_0128,4,12,0
W_N_0128,4,13,0
W_N_0128,4,14,0
W_N_0128,4,15,0
W_N_0128,4,16,0
W_N_0128,4,17,0
W_N_0128,4,18,0
W_N_0128,4,19,0
W_N_0128,4,20,0
W_N_0128,4,21,1
W_N_0128,4,22,0
W_N_0128,5,2,1
W_N_0128,5,3,0
W_N_0128,5,4,0
W_N_0128,5,5,0
W_N_0128,5,6,0
W_N_0128,5,7,0
W_N_0128,5,8,1
W_N_0128,5,9,1
W_N_0128,5,10,0
W_N_0128,5,11,0
W_N_0128,5,12,0
W_N_0128,5,13,0
W_N_0128,5,14,0
W_N_0128,5,15,1
W_N_0128,5,16,0
W_N_0128,5,17,0
W_N_0128,5,18,0
W_N_0128,5,19,1
W_N_0128,5,20,0
W_N_0128,5,21,0
W_N_0128,5,22,0
W_N_0128,5,23,0
W_N_0128,6,2,0
W_N_0128,6,3,0
W_N_0128,6,4,1
W_N_0128,6,5,0
W_N_0128,6,6,0
W_N_0128,6,7,0
W_N_0128,6,8,0
W_N_0128,6,9,0
W_N_0128,6,10,0
W_N_0128,6,11,0
W_N_0128,6,12,0
W_N_0128,6,13,0
W_N_0128,6,14,0
W_N_0128,6,15,0
W_N_0128,6,16,0
W_N_0128,6,17,0
W_N_0128,6,18,0
W_N_0128,6,19,0
W_N_0128,6,20,0
W_N_0128,6,21,0
W_N_0128,6,22,0
W_N_0128,6,23,0
W_N_0128,7,1,0
W_N_0128,7,2,0
W_N_0128,7,3,0
W_N_0128,7,4,0
W_N_0128,7,5,0
W_N_0128,7,6,0
W_N_0128,7,7,0
W_N_0128,7,8,0
W_N_0128,7,9,0
W_N_0128,7,10,1
W_N_0128,7,11,0
W_N_0128,7,12,0
W_N_0128,7,13,0
W_N_0128,7,14,0
W_N_0128,7,15,0
W_N_0128,7,16,0
W_N_0128,7,17,0
W_N_0128,7,18,0
W_N_0128,7,19,0
W_N_0128,7,20,0
W_N_0128,7,21,0
W_N_0128,7,22,0
W_N_0128,7,23,0
W_N_0128,7,24,0
W_N_0128,8,1,0
W_N_0128,8,2,0
W_N_0128,8,3,1
W_N_0128,8,4,0
W_N_0128,8,5,0
W_N_0128,8,6,0
W_N_0128,8,7,0
W_N_0128,8,8,0
W_N_0128,8,9,0
W_N_0128,8,10,0
W_N_0128,8,11,0
W_N_0128,8,12,1
W_N_0128,8,13,0
W_N_0128,8,14,0
W_N_0128,8,15,0
W_N_0128,8,16,0
W_N_0128,8,17,1
W_N_0128,8,18,1
W_N_0128,8,19,0
W_N_0128,8,20,0
W_N_0128,8,21,0
W_N_0128,8,22,0
W_N_0128,8,23,0
W_N_0128,8,24,1
W_N_0128,9,0,0
W_N_0128,9,1,1
W_N_0128,9,2,0
W_N_0128,9,3,0
W_N_0128,9,4,0
W_N_0128,9,5,0
W_N_0128,9,6,1
W_N_0128,9,7,0
W_N_0128,9,8,0
W_N_0128,9,9,0
W_N_0128,9,10,0
W_N_0128,9,11,0
W_N_0128,9,12,0
W_N_0128,9,13,0
W_N_0128,9,14,0
W_N_0128,9,15,0
W_N_0128,9,16,0
W_N_0128,9,17,0
W_N_0128,9,18,0
W_N_0128,9,19,0
W_N_0128,9,20,0
W_N_0128,9,21,0
W_N_0128,9,22,0
W_N_0128,9,23,0
W_N_0128,9,24,0
W_N_0128,9,25,1
W_N_0128,10,0,0
W_N_0128,10,1,0
W_N_0128,10,2,0
W_N_0128,10,3,0
W_N_0128,10,4,0
W_N_0128,10,5,0
W_N_0128,10,6,0
W_N_0128,10,7,0
W_N_0128,10,8,0
W_N_0128,10,9,0
W_N_0128,10,10,1
W_N_0128,10,11,0
W_N_0128,10,12,0
W_N_0128,10,13,0
W_N_0128,10,14,0
W_N_0128,10,15,0
W_N_0128,10,16,0
W_N_0128,10,17,0
W_N_0128,10,18,0
W_N_0128,10,19,0
W_N_0128,10,20,0
W_N_0128,10,21,0
W_N_0128,10,22,0
W_N_0128,10,23,0
W_N_0128,10,24,0
W_N_0128,10,25,1
W_N_0128,11,0,0
W_N_0128,11,1,0
W_N_0128,11,2,1
W_N_0128,11,3,0
W_N_0128,11,4,0
W_N_0128,11,5,0
W_N_0128,11,6,0
W_N_0128,11,7,0
W_N_0128,11,8,0
W_N_0128,11,9,0
W_N_0128,11,10,0
W_N_0128,11,11,0
W_N_0128,11,12,0
W_N_0128,11,13,0
W_N_0128,11,14,1
W_N_0128,11,15,0
W_N_0128,11,16,0
W_N_0128,11,17,0
W_N_0128,11,18,0
W_N_0128,11,19,0
W_N_0128,11,20,0
W_N_0128,11,21,0
W_N_0128,11,22,1
W_N_0128,11,23,0
W_N_0128,11,24,0
W_N_0128,11,25,0
W_N_0128,12,0,1
W_N_0128,12,1,0
W_N_0128,12,2,1
W_N_0128,12,3,0
W_N_0128,12,4,0
W_N_0128,12,5,0
W_N_0128,12,6,0
W_N_0128,12,7,0
W_N_0128,12,8,0
W_N_0128,12,9,0
W_N_0128,12,10,0
W_N_0128,12,11,0
W_N_0128,12,12,0
W_N_0128,12,13,1
W_N_0128,12,14,0
W_N_0128,12,15,0
W_N_0128,12,16,0
W_N_0128,12,17,0
W_N_0128,12,18,0
W_N_0128,12,19,1
W_N_0128,12,20,0
W_N_0128,12,21,0
W_N_0128,12,22,0
W_N_0128,12,23,0
W_N_0128,12,24,0
W_N_0128,12,25,0
W_N_0128,13,0,0
W_N_0128,13,1,0
W_N_0128,13,2,0
W_N_0128,13,3,0
W_N_0128,13,4,0
W_N_0128,13,5,1
W_N_0128,13,6,0
W_N_0128,13,7,0
W_N_0128,13,8,0
W_N_0128,13,9,0
W_N_0128,13,10,1
W_N_0128,13,11,1
W_N_0128,13,12,1
W_N_0128,13,13,0
W_N_0128,13,14,1
W_N_0128,13,15,0
W_N_0128,13,16,0
W_N_0128,13,17,1
W_N_0128,13,18,0
W_N_0128,13,19,0
W_N_0128,13,20,0
W_N_0128,13,21,0
W_N_0128,13,22,0
W_N_0128,13,23,0
W_N_0128,13,24,0
W_N_0128,13,25,0
W_N_0128,14,0,0
W_N_0128,14,1,0
W_N_0128,14,2,0
W_N_0128,14,3,0
W_N_0128,14,4,0
W_N_0128,14,5,1
W_N_0128,14,6,0
W_N_0128,14,7,0
W_N_0128,14,8,0
W_N_0128,14,9,0
W_N_0128,14,10,0
W_N_0128,14,11,0
W_N_0128,14,12,0
W_N_0128,14,13,0
W_N_0128,14,14,0
W_N_0128,14,15,0
W_N_0128,14,16,0
W_N_0128,14,17,0
W_N_0128,14,18,0
W_N_0128,14,19,1
W_N_0128,14,20,0
W_N_0128,14,21,0
W_N_0128,14,22,1
W_N_0128,14,23,0
W_N_0128,14,24,0
W_N_0128,14,25,0
W_N_0128,15,0,0
W_N_0128,15,1,0
W_N_0128,15,2,0
W_N_0128,15,3,0
W_N_0128,15,4,0
W_N_0128,15,5,0
W_N_0128,15,6,0
W_N_0128,15,7,0
W_N_0128,15,8,0
W_N_0128,15,9,0
W_N_0128,15,10,0
W_N_0128,15,11,0
W_N_0128,15,12,0
W_N_0128,15,13,0
W_N_0128,15,14,0
W_N_0128,15,15,0
W_N_0128,15,16,0
W_N_0128,15,17,0
W_N_0128,15,18,0
W_N_0128,15,19,0
W_N_0128,15,20,0
W_N_0128,15,21,0
W_N_0128,15,22,0
W_N_0128,15,23,1
W_N_0128,15,24,0
W_N_0128,15,25,0
W_N_0128,16,0,0
W_N_0128,16,1,0
W_N_0128,16,2,0
W_N_0128,16,3,0
W_N_0128,16,4,0
W_N_0128,16,5,0
W_N_0128,16,6,0
W_N_0128,16,7,0
W_N_0128,16,8,0
W_N_0128,16,9,0
W_N_0128,16,10,0
W_N_0128,16,11,0
W_N_0128,16,12,1
W_N_0128,16,13,0
W_N_0128,16,14,0
W_N_0128,16,15,0
W_N_0128,16,16,0
W_N_0128,16,17,0
W_N_0128,16,18,0
W_N_0128,16,19,0
W_N_0128,16,20,0
W_N_0128,16,21,1
W_N_0128,16,22,0
W_N_0128,16,23,0
W_N_0128,16,24,0
W_N_0128,16,25,0
W_N_0128,17,1,0
W_N_0128,17,2,0
W_N_0128,17,3,0
W_N_0128,17,4,0
W_N_0128,17,5,0
W_N_0128,17,6,0
W_N_0128,17,7,0
W_N_0128,17,8,0
W_N_0128,17,9,0
W_N_0128,17,10,0
W_N_0128,17,11,0
W_N_0128,17,12,0
W_N_0128,17,13,0
W_N_0128,17,14,0
W_N_0128,17,15,0
W_N_0128,17,16,0
W_N_0128,17,17,0
W_N_0128,17,18,0
W_N_0128,17,19,0
W_N_0128,17,20,0
W_N_0128,17,21,0
W_N_0128,17,22,0
W_N_0128,17,23,0
W_N_0128,17,24,0
W_N_0128,18,1,0
W_N_0128,18,2,0
W_N_0128,18,3,0
W_N_0128,18,4,0
W_N_0128,18,5,0
W_N_0128,18,6,0
W_N_0128,18,7,0
W_N_0128,18,8,1
W_N_0128,18,9,0
W_N_0128,18,10,0
W_N_0128,18,11,0
W_N_0128,18,12,0
W_N_0128,18,13,0
W_N_0128,18,14,0
W_N_0128,18,15,0
W_N_0128,18,16,0
W_N_0128,18,17,1
W_N_0128,18,18,0
W_N_0128,18,19,0
W_N_0128,18,20,0
W_N_0128,18,21,0
W_N_0128,18,22,0
W_N_0128,18,23,0
W_N_0128,18,24,1
W_N_0128,19,2,0
W_N_0128,19,3,0
W_N_0128,19,4,0
W_N_0128,19,5,0
W_N_0128,19,6,0
W_N_0128,19,7,0
W_N_0128,19,8,0
W_N_0128,19,9,0
W_N_0128,19,10,0
W_N_0128,19,11,0
W_N_0128,19,12,0
W_N_0128,19,13,0
W_N_0128,19,14,0
W_N_0128,19,15,0
W_N_0128,19,16,0
W_N_0128,19,17,0
W_N_0128,19,18,0
W_N_0128,19,19,0
W_N_0128,19,20,0
W_N_0128,19,21,0
W_N_0128,19,22,0
W_N_0128,19,23,0
W_N_0128,20,2,0
W_N_0128,20,3,1
W_N_0128,20,4,1
W_N_0128,20,5,0
W_N_0128,20,6,0
W_N_0128,20,7,0
W_N_0128,20,8,0
W_N_0128,20,9,1
W_N_0128,20,10,0
W_N_0128,20,11,0
W_N_0128,20,12,0
W_N_0128,20,13,0
W_N_0128,20,14,0
W_N_0128,20,15,0
W_N_0128,20,16,0
W_N_0128,20,17,1
W_N_0128,20,18,0
W_N_0128,20,19,0
W_N_0128,20,20,0
W_N_0128,20,21,0
W_N_0128,20,22,0
W_N_0128,20,23,1
W_N_0128,21,3,1
W_N_0128,21,4,0
W_N_0128,21,5,0
W_N_0128,21,6,1
W_N_0128,21,7,1
W_N_0128,21,8,0
W_N_0128,21,9,0
W_N_0128,21,10,0
W_N_0128,21,11,0
W_N_0128,21,12,0
W_N_0128,21,13,0
W_N_0128,21,14,0
W_N_0128,21,15,0
W_N_0128,21,16,0
W_N_0128,21,17,0
W_N_0128,21,18,0
W_N_0128,21,19,0
W_N_0128,21,20,0
W_N_0128,21,21,0
W_N_0128,21,22,0
W_N_0128,22,4,0
W_N_0128,22,5,1
W_N_0128,22,6,1
W_N_0128,22,7,1
W_N_0128,22,8,0
W_N_0128,22,9,0
W_N_0128,22,10,1
W_N_0128,22,11,0
W_N_0128,22,12,1
W_N_0128,22,13,0
W_N_0128,22,14,1
W_N_0128,22,15,0
W_N_0128,22,16,0
W_N_0128,22,17,0
W_N_0128,22,18,0
W_N_0128,22,19,0
W_N_0128,22,20,0
W_N_0128,22,21,0
W_N_0128,23,5,0
W_N_0128,23,6,1
W_N_0128,23,7,0
W_N_0128,23,8,1
W_N_0128,23,9,0
W_N_0128,23,10,0
W_N_0128,23,11,0
W_N_0128,23,12,0
W_N_0128,23,13,0
W_N_0128,23,14,0
W_N_0128,23,15,0
W_N_0128,23,16,1
W_N_0128,23,17,1
W_N_0128,23,18,0
W_N_0128,23,19,1
W_N_0128,24,7,0
W_N_0128,24,8,0
W_N_0128,24,9,0
W_N_0128,24,10,0
W_N_0128,24,11,0
W_N_0128,24,12,0
W_N_0128,24,13,0
W_N_0128,24,14,1
W_N_0128,24,15,0
W_N_0128,24,16,1
W_N_0128,24,17,0
W_N_0128,24,18,1
W_N_0128,25,10,0
W_N_0128,25,11,0
W_N_0128,25,12,0
W_N_0128,25,13,1
W_N_0128,25,14,1
W_N_0128,25,15,1
W_N_0126,0,15,1
W_N_0126,0,16,0
W_N_0126,0,17,0
W_N_0126,0,18,0
W_N_0126,0,19,0
W_N_0126,0,20,0
W_N_0126,0,21,0
W_N_0126,0,22,0
W_N_0126,0,23,0
W_N_0126,0,24,0
W_N_0126,0,25,0
W_N_0126,0,26,0
W_N_0126,1,12,1
W_N_0126,1,13,1
W_N_0126,1,14,0
W_N_0126,1,15,0
W_N_0126,1,16,0
W_N_0126,1,17,0
W_N_0126,1,18,0
W_N_0126,1,19,0
W_N_0126,1,20,0
W_N_0126,1,21,0
W_N_0126,1,22,0
W_N_0126,1,23,0
W_N_0126,1,24,0
W_N_0126,1,25,0
W_N_0126,1,26,0
W_N_0126,1,27,0
W_N_0126,1,28,0
W_N_0126,1,29,1
W_N_0126,2,10,1
W_N_0126,2,11,0
W_N_0126,2,12,0
W_N_0126,2,13,0
W_N_0126,2,14,0
W_N_0126,2,15,0
W_N_0126,2,16,0
W_N_0126,2,17,0
W_N_0126,2,18,0
W_N_0126,2,19,0
W_N_0126,2,20,0
W_N_0126,2,21,0
W_N_0126,2,22,0
W_N_0126,2,23,0
W_N_0126,2,24,1
W_N_0126,2,25,0
W_N_0126,2,26,0
W_N_0126,2,27,0
W_N_0126,2,28,0
W_N_0126,2,29,0
W_N_0126,2,30,0
W_N_0126,2,31,0
W_N_0126,3,9,0
W_N_0126,3,10,0
W_N_0126,3,11,0
W_N_0126,3,12,0
W_N_0126,3,13,0
W_N_0126,3,14,0
W_N_0126,3,15,0
W_N_0126,3,16,0
W_N_0126,3,17,0
W_N_0126,3,18,0
W_N_0126,3,19,0
W_N_0126,3,20,0
W_N_0126,3,21,0
W_N_0126,3,22,1
W_N_0126,3,23,0
W_N_0126,3,24,1
W_N_0126,3,25,0
W_N_0126,3,26,0
W_N_0126,3,27,0
W_N_0126,3,28,0
W_N_0126,3,29,0
W_N_0126,3,30,1
W_N_0126,3,31,0
W_N_0126,3,32,0
W_N_0126,4,7,1
W_N_0126,4,8,0
W_N_0126,4,9,0
W_N_0126,4,10,0
W_N_0126,4,11,0
W_N_0126,4,12,0
W_N_0126,4,13,0
W_N_0126,4,14,0
W_N_0126,4,15,0
W_N_0126,4,16,1
W_N_0126,4,17,0
W_N_0126,4,18,0
W_N_0126,4,19,0
W_N_0126,4,20,0
W_N_0126,4,21,0
W_N_0126,4,22,0
W_N_0126,4,23,0
W_N_0126,4,24,1
W_N_0126,4,25,0
W_N_0126,4,26,0
W_N_0126,4,27,0
W_N_0126,4,28,0
W_N_0126,4,29,0
W_N_0126,4,30,0
W_N_0126,4,31,0
W_N_0126,4,32,0
W_N_0126,4,33,0
W_N_0126,4,34,0
W_N_0126,5,6,1
W_N_0126,5,7,1
W_N_0126,5,8,0
W_N_0126,5,9,0
W_N_0126,5,10,0
W_N_0126,5,11,0
W_N_0126,5,12,0
W_N_0126,5,13,0
W_N_0126,5,14,0
W_N_0126,5,15,0
W_N_0126,5,16,0
W_N_0126,5,17,0
W_N_0126,5,18,0
W_N_0126,5,19,0
W_N_0126,5,20,0
W_N_0126,5,21,0
W_N_0126,5,22,0
W_N_0126,5,23,0
W_N_0126,5,24,0
W_N_0126,5,25,0
W_N_0126,5,26,0
W_N_0126,5,27,0
W_N_0126,5,28,0
W_N_0126,5,29,0
W_N_0126,5,30,0
W_N_0126,5,31,0
W_N_0126,5,32,0
W_N_0126,5,33,0
W_N_0126,5,34,0
W_N_0126,5,35,0
W_N_0126,6,5,0
W_N_0126,6,6,0
W_N_0126,6,7,0
W_N_0126,6,8,1
W_N_0126,6,9,0
W_N_0126,6,10,0
W_N_0126,6,11,0
W_N_0126,6,12,0
W_N_0126,6,13,0
W_N_0126,6,14,0
W_N_0126,6,15,0
W_N_0126,6,16,0
W_N_0126,6,17,0
W_N_0126,6,18,0
W_N_0126,6,19,0
W_N_0126,6,20,0
W_N_0126,6,21,0
W_N_0126,6,22,0
W_N_0126,6,23,0
W_N_0126,6,24,0
W_N_0126,6,25,0
W_N_0126,6,26,0
W_N_0126,6,27,0
W_N_0126,6,28,0
W_N_0126,6,29,0
W_N_0126,6,30,0
W_N_0126,6,31,0
W_N_0126,6,32,0
W_N_0126,6,33,0
W_N_0126,6,34,0
W_N_0126,6,35,0
W_N_0126,6,36,0
W_N_0126,7,4,1
W_N_0126,7,5,0
W_N_0126,7,6,0
W_N_0126,7,7,0
W_N_0126,7,8,0
W_N_0126,7,9,0
W_N_0126,7,10,1
W_N_0126,7,11,0
W_N_0126,7,12,0
W_N_0126,7,13,0
W_N_0126,7,14,0
W_N_0126,7,15,1
W_N_0126,7,16,0
W_N_0126,7,17,0
W_N_0126,7,18,0
W_N_0126,7,19,0
W_N_0126,7,20,1
W_N_0126,7,21,1
W_N_0126,7,22,0
W_N_0126,7,23,0
W_N_0126,7,24,0
W_N_0126,7,25,0
W_N_0126,7,26,0
W_N_0126,7,27,0
W_N_0126,7,28,0
W_N_0126,7,29,0
W_N_0126,7,30,0
W_N_0126,7,31,0
W_N_0126,7,32,0
W_N_0126,7,33,0
W_N_0126,7,34,1
W_N_0126,7,35,0
W_N_0126,7,36,0
W_N_0126,7,37,0
W_N_0126,8,4,1
W_N_0126,8,5,0
W_N_0126,8,6,0
W_N_0126,8,7,0
W_N_0126,8,8,0
W_N_0126,8,9,1
W_N_0126,8,10,0
W_N_0126,8,11,0
W_N_0126,8,12,0
W_N_0126,8,13,0
W_N_0126,8,14,0
W_N_0126,8,15,0
W_N_0126,8,16,0
W_N_0126,8,17,0
W_N_0126,8,18,0
W_N_0126,8,19,0
W_N_0126,8,20,0
W_N_0126,8,21,0
W_N_0126,8,22,0
W_N_0126,8,23,0
W_N_0126,8,24,0
W_N_0126,8,25,1
W_N_0126,8,26,0
W_N_0126,8,27,0
W_N_0126,8,28,0
W_N_0126,8,29,0
W_N_0126,8,30,0
W_N_0126,8,31,0
W_N_0126,8,32,0
W_N_0126,8,33,1
W_N_0126,8,34,0
W_N_0126,8,35,0
W_N_0126,8,36,0
W_N_0126,8,37,0
W_N_0126,9,3,0
W_N_0126,9,4,0
W_N_0126,9,5,1
W_N_0126,9,6,0
W_N_0126,9,7,1
W_N_0126,9,8,0
W_N_0126,9,9,1
W_N_0126,9,10,0
W_N_0126,9,11,0
W_N_0126,9,12,0
W_N_0126,9,13,0
W_N_0126,9,14,0
W_N_0126,9,15,0
W_N_0126,9,16,0
W_N_0126,9,17,0
W_N_0126,9,18,0
W_N_0126,9,19,0
W_N_0126,9,20,0
W_N_0126,9,21,0
W_N_0126,9,22,0
W_N_0126,9,23,0
W_N_0126,9,24,0
W_N_0126,9,25,1
W_N_0126,9,26,0
W_N_0126,9,27,0
W_N_0126,9,28,0
W_N_0126,9,29,1
W_N_0126,9,30,0
W_N_0126,9,31,0
W_N_0126,9,32,0
W_N_0126,9,33,0
W_N_0126,9,34,0
W_N_0126,9,35,0
W_N_0126,9,36,0
W_N_0126,9,37,0
W_N_0126,9,38,0
W_N_0126,10,2,0
W_N_0126,10,3,0
W_N_0126,10,4,0
W_N_0126,10,5,0
W_N_0126,10,6,0
W_N_0126,10,7,0
W_N_0126,10,8,0
W_N_0126,10,9,0
W_N_0126,10,10,0
W_N_0126,10,11,0
W_N_0126,10,12,0
W_N_0126,10,13,0
W_N_0126,10,14,0
W_N_0126,10,15,0
W_N_0126,10,16,0
W_N_0126,10,17,0
W_N_0126,10,18,0
W_N_0126,10,19,0
W_N_0126,10,20,0
W_N_0126,10,21,0
W_N_0126,10,22,0
W_N_0126,10,23,0
W_N_0126,10,24,0
W_N_0126,10,25,0
W_N_0126,10,26,0
W_N_0126,10,27,0
W_N_0126,10,28,0
W_N_0126,10,29,0
W_N_0126,10,30,0
W_N_0126,10,31,0
W_N_0126,10,32,0
W_N_0126,10,33,0
W_N_0126,10,34,0
W_N_0126,10,35,0
W_N_0126,10,36,0
W_N_0126,10,37,0
W_N_0126,10,38,0
W_N_0126,10,39,0
W_N_0126,11,2,0
W_N_0126,11,3,0
W_N_0126,11,4,0
W_N_0126,11,5,1
W_N_0126,11,6,0
W_N_0126,11,7,0
W_N_0126,11,8,0
W_N_0126,11,9,0
W_N_0126,11,10,0
W_N_0126,11,11,0
W_N_0126,11,12,0
W_N_0126,11,13,0
W_N_0126,11,14,0
W_N_0126,11,15,0
W_N_0126,11,16,0
W_N_0126,11,17,0
W_N_0126,11,18,0
W_N_0126,11,19,0
W_N_0126,11,20,0
W_N_0126,11,21,0
W_N_0126,11,22,0
W_N_0126,11,23,0
W_N_0126,11,24,0
W_N_0126,11,25,0
W_N_0126,11,26,0
W_N_0126,11,27,0
W_N_0126,11,28,0
W_N_0126,11,29,0
W_N_0126,11,30,0
W_N_0126,11,31,0
W_N_0126,11,32,0
W_N_0126,11,33,0
W_N_0126,11,34,0
W_N_0126,11,35,0
W_N_0126,11,36,0
W_N_0126,11,37,0
W_N_0126,11,38,0
W_N_0126,11,39,0
W_N_0126,12,2,0
W_N_0126,12,3,0
W_N_0126,12,4,0
W_N_0126,12,5,0
W_N_0126,12,6,1
W_N_0126,12,7,0
W_N_0126,12,8,0
W_N_0126,12,9,0
W_N_0126,12,10,0
W_N_0126,12,11,0
W_N_0126,12,12,0
W_N_0126,12,13,0
W_N_0126,12,14,0
W_N_0126,12,15,0
W_N_0126,12,16,0
W_N_0126,12,17,0
W_N_0126,12,18,0
W_N_0126,12,19,0
W_N_0126,12,20,0
W_N_0126,12,21,0
W_N_0126,12,22,0
W_N_0126,12,23,0
W_N_0126,12,24,0
W_N_0126,12,25,0
W_N_0126,12,26,0
W_N_0126,12,27,0
W_N_0126,12,28,0
W_N_0126,12,29,0
W_N_0126,12,30,0
W_N_0126,12,31,0
W_N_0126,12,32,0
W_N_0126,12,33,0
W_N_0126,12,34,0
W_N_0126,12,35,0
W_N_0126,12,36,0
W_N_0126,12,37,0
W_N_0126,12,38,0
W_N_0126,12,39,0
W_N_0126,12,40,0
W_N_0126,13,1,0
W_N_0126,13,2,0
W_N_0126,13,3,0
W_N_0126,13,4,0
W_N_0126,13,5,0
W_N_0126,13,6,0
W_N_0126,13,7,0
W_N_0126,13,8,0
W_N_0126,13,9,0
W_N_0126,13,10,0
W_N_0126,13,11,0
W_N_0126,13,12,0
W_N_0126,13,13,0
W_N_0126,13,14,0
W_N_0126,13,15,0
W_N_0126,13,16,0
W_N_0126,13,17,0
W_N_0126,13,18,0
W_N_0126,13,19,0
W_N_0126,13,20,0
W_N_0126,13,21,0
W_N_0126,13,22,0
W_N_0126,13,23,1
W_N_0126,13,24,0
W_N_0126,13,25,0
W_N_0126,13,26,0
W_N_0126,13,27,0
W_N_0126,13,28,0
W_N_0126,13,29,0
W_N_0126,13,30,0
W_N_0126,13,31,0
W_N_0126,13,32,0
W_N_0126,13,33,0
W_N_0126,13,34,0
W_N_0126,13,35,0
W_N_0126,13,36,0
W_N_0126,13,37,0
W_N_0126,13,38,0
W_N_0126,13,39,0
W_N_0126,13,40,0
W_N_0126,14,1,0
W_N_0126,14,2,0
W_N_0126,14,3,0
W_N_0126,14,4,0
W_N_0126,14,5,0
W_N_0126,14,6,0
W_N_0126,14,7,0
W_N_0126,14,8,0
W_N_0126,14,9,0
W_N_0126,14,10,0
W_N_0126,14,11,0
W_N_0126,14,12,0
W_N_0126,14,13,0
W_N_0126,14,14,0
W_N_0126,14,15,0
W_N_0126,14,16,0
W_N_0126,14,17,0
W_N_0126,14,18,0
W_N_0126,14,19,0
W_N_0126,14,20,0
W_N_0126,14,21,0
W_N_0126,14,22,0
W_N_0126,14,23,0
W_N_0126,14,24,0
W_N_0126,14,25,0
W_N_0126,14,26,0
W_N_0126,14,27,0
W_N_0126,14,28,0
W_N_0126,14,29,0
W_N_0126,14,30,0
W_N_0126,14,31,0
W_N_0126,14,32,0
W_N_0126,14,33,0
W_N_0126,14,34,0
W_N_0126,14,35,0
W_N_0126,14,36,0
W_N_0126,14,37,0
W_N_0126,14,38,0
W_N_0126,14,39,0
W_N_0126,14,40,0
W_N_0126,15,1,0
W_N_0126,15,2,0
W_N_0126,15,3,0
W_N_0126,15,4,0
W_N_0126,15,5,0
W_N_0126,15,6,0
W_N_0126,15,7,0
W_N_0126,15,8,0
W_N_0126,15,9,0
W_N_0126,15,10,0
W_N_0126,15,11,0
W_N_0126,15,12,0
W_N_0126,15,13,0
W_N_0126,15,14,0
W_N_0126,15,15,0
W_N_0126,15,16,0
W_N_0126,15,17,0
W_N_0126,15,18,0
W_N_0126,15,19,0
W_N_0126,15,20,0
W_N_0126,15,21,0
W_N_0126,15,22,0
W_N_0126,15,23,0
W_N_0126,15,24,0
W_N_0126,15,25,0
W_N_0126,15,26,0
W_N_0126,15,27,0
W_N_0126,15,28,0
W_N_0126,15,29,0
W_N_0126,15,30,0
W_N_0126,15,31,0
W_N_0126,15,32,0
W_N_0126,15,33,0
W_N_0126,15,34,0
W_N_0126,15,35,0
W_N_0126,15,36,0
W_N_0126,15,37,1
W_N_0126,15,38,0
W_N_0126,15,39,0
W_N_0126,15,40,0
W_N_0126,15,41,0
W_N_0126,16,0,1
W_N_0126,16,1,0
W_N_0126,16,2,0
W_N_0126,16,3,0
W_N_0126,16,4,0
W_N_0126,16,5,0
W_N_0126,16,6,0
W_N_0126,16,7,0
W_N_0126,16,8,1
W_N_0126,16,9,0
W_N_0126,16,10,0
W_N_0126,16,11,0
W_N_0126,16,12,0
W_N_0126,16,13,0
W_N_0126,16,14,0
W_N_0126,16,15,0
W_N_0126,16,16,0
W_N_0126,16,17,0
W_N_0126,16,18,0
W_N_0126,16,19,0
W_N_0126,16,20,0
W_N_0126,16,21,0
W_N_0126,16,22,0
W_N_0126,16,23,0
W_N_0126,16,24,0
W_N_0126,16,25,0
W_N_0126,16,26,0
W_N_0126,16,27,0
W_N_0126,16,28,0
W_N_0126,16,29,0
W_N_0126,16,30,0
W_N_0126,16,31,0
W_N_0126,16,32,0
W_N_0126,16,33,0
W_N_0126,16,34,0
W_N_0126,16,35,0
W_N_0126,16,36,0
W_N_0126,16,37,0
W_N_0126,16,38,0
W_N_0126,16,39,0
W_N_0126,16,40,0
W_N_0126,16,41,0
W_N_0126,17,0,0
W_N_0126,17,1,0
W_N_0126,17,2,0
W_N_0126,17,3,0
W_N_0126,17,4,0
W_N_0126,17,5,0
W_N_0126,17,6,0
W_N_0126,17,7,0
W_N_0126,17,8,0
W_N_0126,17,9,0
W_N_0126,17,10,0
W_N_0126,17,11,0
W_N_0126,17,12,0
W_N_0126,17,13,0
W_N_0126,17,14,0
W_N_0126,17,15,0
W_N_0126,17,16,0
W_N_0126,17,17,0
W_N_0126,17,18,0
W_N_0126,17,19,0
W_N_0126,17,20,0
W_N_0126,17,21,0
W_N_0126,17,22,0
W_N_0126,17,23,0
W_N_0126,17,24,1
W_N_0126,17,25,0
W_N_0126,17,26,0
W_N_0126,17,27,1
W_N_0126,17,28,0
W_N_0126,17,29,0
W_N_0126,17,30,0
W_N_0126,17,31,0
W_N_0126,17,32,0
W_N_0126,17,33,0
W_N_0126,17,34,0
W_N_0126,17,35,0
W_N_0126,17,36,0
W_N_0126,17,37,0
W_N_0126,17,38,0
W_N_0126,17,39,0
W_N_0126,17,40,0
W_N_0126,17,41,0
W_N_0126,18,0,0
W_N_0126,18,1,0
W_N_0126,18,2,0
W_N_0126,18,3,0
W_N_0126,18,4,0
W_N_0126,18,5,0
W_N_0126,18,6,0
W_N_0126,18,7,0
W_N_0126,18,8,0
W_N_0126,18,9,1
W_N_0126,18,10,0
W_N_0126,18,11,0
W_N_0126,18,12,0
W_N_0126,18,13,0
W_N_0126,18,14,0
W_N_0126,18,15,0
W_N_0126,18,16,1
W_N_0126,18,17,0
W_N_0126,18,18,0
W_N_0126,18,19,0
W_N_0126,18,20,0
W_N_0126,18,21,0
W_N_0126,18,22,0
W_N_0126,18,23,0
W_N_0126,18,24,0
W_N_0126,18,25,0
W_N_0126,18,26,0
W_N_0126,18,27,0
W_N_0126,18,28,0
W_N_0126,18,29,0
W_N_0126,18,30,0
W_N_0126,18,31,0
W_N_0126,18,32,0
W_N_0126,18,33,0
W_N_0126,18,34,0
W_N_0126,18,35,0
W_N_0126,18,36,0
W_N_0126,18,37,0
W_N_0126,18,38,0
W_N_0126,18,39,0
W_N_0126,18,40,0
W_N_0126,18,41,0
W_N_0126,19,0,0
W_N_0126,19,1,0
W_N_0126,19,2,0
W_N_0126,19,3,0
W_N_0126,19,4,0
W_N_0126,19,5,0
W_N_0126,19,6,0
W_N_0126,19,7,0
W_N_0126,19,8,0
W_N_0126,19,9,0
W_N_0126,19,10,0
W_N_0126,19,11,0
W_N_0126,19,12,1
W_N_0126,19,13,0
W_N_0126,19,14,0
W_N_0126,19,15,0
W_N_0126,19,16,0
W_N_0126,19,17,0
W_N_0126,19,18,0
W_N_0126,19,19,0
W_N_0126,19,20,0
W_N_0126,19,21,0
W_N_0126,19,22,0
W_N_0126,19,23,0
W_N_0126,19,24,0
W_N_0126,19,25,0
W_N_0126,19,26,0
W_N_0126,19,27,0
W_N_0126,19,28,1
W_N_0126,19,29,0
W_N_0126,19,30,0
W_N_0126,19,31,0
W_N_0126,19,32,0
W_N_0126,19,33,0
W_N_0126,19,34,0
W_N_0126,19,35,0
W_N_0126,19,36,0
W_N_0126,19,37,0
W_N_0126,19,38,0
W_N_0126,19,39,0
W_N_0126,19,40,0
W_N_0126,19,41,0
W_N_0126,20,0,0
W_N_0126,20,1,0
W_N_0126,20,2,1
W_N_0126,20,3,0
W_N_0126,20,4,0
W_N_0126,20,5,0
W_N_0126,20,6,0
W_N_0126,20,7,0
W_N_0126,20,8,0
W_N_0126,20,9,0
W_N_0126,20,10,0
W_N_0126,20,11,0
W_N_0126,20,12,1
W_N_0126,20,13,0
W_N_0126,20,14,0
W_N_0126,20,15,0
W_N_0126,20,16,0
W_N_0126,20,17,0
W_N_0126,20,18,0
W_N_0126,20,19,0
W_N_0126,20,20,0
W_N_0126,20,21,0
W_N_0126,20,22,0
W_N_0126,20,23,1
W_N_0126,20,24,0
W_N_0126,20,25,0
W_N_0126,20,26,0
W_N_0126,20,27,0
W_N_0126,20,28,0
W_N_0126,20,29,0
W_N_0126,20,30,0
W_N_0126,20,31,0
W_N_0126,20,32,0
W_N_0126,20,33,0
W_N_0126,20,34,0
W_N_0126,20,35,0
W_N_0126,20,36,0
W_N_0126,20,37,0
W_N_0126,20,38,0
W_N_0126,20,39,0
W_N_0126,20,40,0
W_N_0126,20,41,0
W_N_0126,21,0,1
W_N_0126,21,1,0
W_N_0126,21,2,0
W_N_0126,21,3,0
W_N_0126,21,4,0
W_N_0126,21,5,0
W_N_0126,21,6,0
W_N_0126,21,7,0
W_N_0126,21,8,0
W_N_0126,21,9,0
W_N_0126,21,10,0
W_N_0126,21,11,0
W_N_0126,21,12,0
W_N_0126,21,13,1
W_N_0126,21,14,0
W_N_0126,21,15,0
W_N_0126,21,16,0
W_N_0126,21,17,0
W_N_0126,21,18,0
W_N_0126,21,19,0
W_N_0126,21,20,0
W_N_0126,21,21,0
W_N_0126,21,22,0
W_N_0126,21,23,0
W_N_0126,21,24,0
W_N_0126,21,25,0
W_N_0126,21,26,0
W_N_0126,21,27,0
W_N_0126,21,28,0
W_N_0126,21,29,0
W_N_0126,21,30,0
W_N_0126,21,31,0
W_N_0126,21,32,0
W_N_0126,21,33,0
W_N_0126,21,34,0
W_N_0126,21,35,0
W_N_0126,21,36,0
W_N_0126,21,37,0
W_N_0126,21,38,0
W_N_0126,21,39,0
W_N_0126,21,40,0
W_N_0126,21,41,0
W_N_0126,22,1,0
W_N_0126,22,2,0
W_N_0126,22,3,0
W_N_0126,22,4,0
W_N_0126,22,5,0
W_N_0126,22,6,0
W_N_0126,22,7,1
W_N_0126,22,8,0
W_N_0126,22,9,0
W_N_0126,22,10,0
W_N_0126,22,11,0
W_N_0126,22,12,0
W_N_0126,22,13,0
W_N_0126,22,14,0
W_N_0126,22,15,0
W_N_0126,22,16,0
W_N_0126,22,17,0
W_N_0126,22,18,0
W_N_0126,22,19,0
W_N_0126,22,20,0
W_N_0126,22,21,0
W_N_0126,22,22,0
W_N_0126,22,23,0
W_N_0126,22,24,0
W_N_0126,22,25,0
W_N_0126,22,26,0
W_N_0126,22,27,0
W_N_0126,22,28,0
W_N_0126,22,29,0
W_N_0126,22,30,0
W_N_0126,22,31,0
W_N_0126,22,32,0
W_N_0126,22,33,0
W_N_0126,22,34,0
W_N_0126,22,35,0
W_N_0126,22,36,0
W_N_0126,22,37,0
W_N_0126,22,38,0
W_N_0126,22,39,0
W_N_0126,22,40,0
W_N_0126,23,1,0
W_N_0126,23,2,0
W_N_0126,23,3,0
W_N_0126,23,4,0
W_N_0126,23,5,0
W_N_0126,23,6,0
W_N_0126,23,7,0
W_N_0126,23,8,0
W_N_0126,23,9,1
W_N_0126,23,10,0
W_N_0126,23,11,0
W_N_0126,23,12,0
W_N_0126,23,13,0
W_N_0126,23,14,0
W_N_0126,23,15,0
W_N_0126,23,16,0
W_N_0126,23,17,0
W_N_0126,23,18,0
W_N_0126,23,19,0
W_N_0126,23,20,0
W_N_0126,23,21,0
W_N_0126,23,22,0
W_N_0126,23,23,0
W_N_0126,23,24,0
W_N_0126,23,25,0
W_N_0126,23,26,0
W_N_0126,23,27,0
W_N_0126,23,28,0
W_N_0126,23,29,0
W_N_0126,23,30,0
W_N_0126,23,31,0
W_N_0126,23,32,0
W_N_0126,23,33,0
W_N_0126,23,34,0
W_N_0126,23,35,0
W_N_0126,23,36,0
W_N_0126,23,37,0
W_N_0126,23,38,1
W_N_0126,23,39,0
W_N_0126,23,40,0
W_N_0126,24,1,0
W_N_0126,24,2,0
W_N_0126,24,3,0
W_N_0126,24,4,0
W_N_0126,24,5,0
W_N_0126,24,6,0
W_N_0126,24,7,0
W_N_0126,24,8,0
W_N_0126,24,9,0
W_N_0126,24,10,0
W_N_0126,24,11,0
W_N_0126,24,12,0
W_N_0126,24,13,0
W_N_0126,24,14,0
W_N_0126,24,15,0
W_N_0126,24,16,0
W_N_0126,24,17,0
W_N_0126,24,18,0
W_N_0126,24,19,0
W_N_0126,24,20,0
W_N_0126,24,21,0
W_N_0126,24,22,0
W_N_0126,24,23,0
W_N_0126,24,24,0
W_N_0126,24,25,0
W_N_0126,24,26,0
W_N_0126,24,27,0
W_N_0126,24,28,0
W_N_0126,24,29,0
W_N_0126,24,30,0
W_N_0126,24,31,0
W_N_0126,24,32,0
W_N_0126,24,33,0
W_N_0126,24,34,0
W_N_0126,24,35,0
W_N_0126,24,36,0
W_N_0126,24,37,0
W_N_0126,24,38,0
W_N_0126,24,39,0
W_N_0126,24,40,0
W_N_0126,25,2,0
W_N_0126,25,3,0
W_N_0126,25,4,0
W_N_0126,25,5,0
W_N_0126,25,6,0
W_N_0126,25,7,0
W_N_0126,25,8,0
W_N_0126,25,9,0
W_N_0126,25,10,0
W_N_0126,25,11,0
W_N_0126,25,12,0
W_N_0126,25,13,0
W_N_0126,25,14,0
W_N_0126,25,15,0
W_N_0126,25,16,0
W_N_0126,25,17,0
W_N_0126,25,18,0
W_N_0126,25,19,0
W_N_0126,25,20,0
W_N_0126,25,21,0
W_N_0126,25,22,0
W_N_0126,25,23,0
W_N_0126,25,24,0
W_N_0126,25,25,0
W_N_0126,25,26,0
W_N_0126,25,27,0
W_N_0126,25,28,0
W_N_0126,25,29,0
W_N_0126,25,30,0
W_N_0126,25,31,0
W_N_0126,25,32,0
W_N_0126,25,33,0
W_N_0126,25,34,0
W_N_0126,25,35,0
W_N_0126,25,36,0
W_N_0126,25,37,0
W_N_0126,25,38,0
W_N_0126,25,39,0
W_N_0126,25,40,1
W_N_0126,26,2,0
W_N_0126,26,3,0
W_N_0126,26,4,0
W_N_0126,26,5,1
W_N_0126,26,6,0
W_N_0126,26,7,0
W_N_0126,26,8,0
W_N_0126,26,9,0
W_N_0126,26,10,0
W_N_0126,26,11,0
W_N_0126,26,12,0
W_N_0126,26,13,0
W_N_0126,26,14,0
W_N_0126,26,15,0
W_N_0126,26,16,0
W_N_0126,26,17,0
W_N_0126,26,18,0
W_N_0126,26,19,0
W_N_0126,26,20,0
W_N_0126,26,21,0
W_N_0126,26,22,0
W_N_0126,26,23,0
W_N_0126,26,24,0
W_N_0126,26,25,0
W_N_0126,26,26,0
W_N_0126,26,27,0
W_N_0126,26,28,0
W_N_0126,26,29,0
W_N_0126,26,30,0
W_N_0126,26,31,0
W_N_0126,26,32,0
W_N_0126,26,33,0
W_N_0126,26,34,0
W_N_0126,26,35,0
W_N_0126,26,36,0
W_N_0126,26,37,0
W_N_0126,26,38,0
W_N_0126,26,39,0
W_N_0126,27,3,0
W_N_0126,27,4,0
W_N_0126,27,5,0
W_N_0126,27,6,0
W_N_0126,27,7,0
W_N_0126,27,8,0
W_N_0126,27,9,0
W_N_0126,27,10,0
W_N_0126,27,11,0
W_N_0126,27,12,1
W_N_0126,27,13,0
W_N_0126,27,14,0
W_N_0126,27,15,0
W_N_0126,27,16,0
W_N_0126,27,17,0
W_N_0126,27,18,0
W_N_0126,27,19,0
W_N_0126,27,20,0
W_N_0126,27,21,0
W_N_0126,27,22,0
W_N_0126,27,23,0
W_N_0126,27,24,0
W_N_0126,27,25,0
W_N_0126,27,26,0
W_N_0126,27,27,0
W_N_0126,27,28,0
W_N_0126,27,29,0
W_N_0126,27,30,0
W_N_0126,27,31,0
W_N_0126,27,32,0
W_N_0126,27,33,0
W_N_0126,27,34,0
W_N_0126,27,35,0
W_N_0126,27,36,0
W_N_0126,27,37,0
W_N_0126,27,38,0
W_N_0126,27,39,1
W_N_0126,28,3,0
W_N_0126,28,4,0
W_N_0126,28,5,0
W_N_0126,28,6,0
W_N_0126,28,7,0
W_N_0126,28,8,1
W_N_0126,28,9,0
W_N_0126,28,10,0
W_N_0126,28,11,0
W_N_0126,28,12,0
W_N_0126,28,13,0
W_N_0126,28,14,0
W_N_0126,28,15,0
W_N_0126,28,16,0
W_N_0126,28,17,0
W_N_0126,28,18,0
W_N_0126,28,19,0
W_N_0126,28,20,0
W_N_0126,28,21,0
W_N_0126,28,22,0
W_N_0126,28,23,0
W_N_0126,28,24,0
W_N_0126,28,25,0
W_N_0126,28,26,0
W_N_0126,28,27,0
W_N_0126,28,28,0
W_N_0126,28,29,0
W_N_0126,28,30,0
W_N_0126,28,31,0
W_N_0126,28,32,0
W_N_0126,28,33,0
W_N_0126,28,34,0
W_N_0126,28,35,0
W_N_0126,28,36,0
W_N_0126,28,37,0
W_N_0126,28,38,0
W_N_0126,29,4,1
W_N_0126,29,5,0
W_N_0126,29,6,0
W_N_0126,29,7,1
W_N_0126,29,8,0
W_N_0126,29,9,0
W_N_0126,29,10,0
W_N_0126,29,11,0
W_N_0126,29,12,0
W_N_0126,29,13,0
W_N_0126,29,14,0
W_N_0126,29,15,0
W_N_0126,29,16,0
W_N_0126,29,17,0
W_N_0126,29,18,0
W_N_0126,29,19,0
W_N_0126,29,20,0
W_N_0126,29,21,0
W_N_0126,29,22,0
W_N_0126,29,23,0
W_N_0126,29,24,0
W_N_0126,29,25,0
W_N_0126,29,26,0
W_N_0126,29,27,0
W_N_0126,29,28,0
W_N_0126,29,29,0
W_N_0126,29,30,0
W_N_0126,29,31,0
W_N_0126,29,32,0
W_N_0126,29,33,0
W_N_0126,29,34,0
W_N_0126,29,35,0
W_N_0126,29,36,0
W_N_0126,29,37,0
W_N_0126,30,5,0
W_N_0126,30,6,0
W_N_0126,30,7,0
W_N_0126,30,8,0
W_N_0126,30,9,0
W_N_0126,30,10,0
W_N_0126,30,11,0
W_N_0126,30,12,0
W_N_0126,30,13,0
W_N_0126,30,14,0
W_N_0126,30,15,0
W_N_0126,30,16,0
W_N_0126,30,17,0
W_N_0126,30,18,0
W_N_0126,30,19,0
W_N_0126,30,20,0
W_N_0126,30,21,0
W_N_0126,30,22,0
W_N_0126,30,23,0
W_N_0126,30,24,0
W_N_0126,30,25,0
W_N_0126,30,26,0
W_N_0126,30,27,0
W_N_0126,30,28,0
W_N_0126,30,29,0
W_N_0126,30,30,0
W_N_0126,30,31,0
W_N_0126,30,32,0
W_N_0126,30,33,0
W_N_0126,30,34,0
W_N_0126,30,35,0
W_N_0126,30,36,0
W_N_0126,31,6,0
W_N_0126,31,7,0
W_N_0126,31,8,0
W_N_0126,31,9,0
W_N_0126,31,10,0
W_N_0126,31,11,0
W_N_0126,31,12,0
W_N_0126,31,13,0
W_N_0126,31,14,0
W_N_0126,31,15,0
W_N_0126,31,16,0
W_N_0126,31,17,0
W_N_0126,31,18,0
W_N_0126,31,19,0
W_N_0126,31,20,0
W_N_0126,31,21,0
W_N_0126,31,22,0
W_N_0126,31,23,0
W_N_0126,31,24,0
W_N_0126,31,25,0
W_N_0126,31,26,0
W_N_0126,31,27,1
W_N_0126,31,28,1
W_N_0126,31,29,0
W_N_0126,31,30,0
W_N_0126,31,31,0
W_N_0126,31,32,0
W_N_0126,31,33,0
W_N_0126,31,34,0
W_N_0126,31,35,0
W_N_0126,31,36,1
W_N_0126,32,7,1
W_N_0126,32,8,1
W_N_0126,32,9,0
W_N_0126,32,10,0
W_N_0126,32,11,0
W_N_0126,32,12,0
W_N_0126,32,13,0
W_N_0126,32,14,0
W_N_0126,32,15,0
W_N_0126,32,16,0
W_N_0126,32,17,0
W_N_0126,32,18,0
W_N_0126,32,19,0
W_N_0126,32,20,0
W_N_0126,32,21,0
W_N_0126,32,22,0
W_N_0126,32,23,0
W_N_0126,32,24,0
W_N_0126,32,25,0
W_N_0126,32,26,0
W_N_0126,32,27,0
W_N_0126,32,28,0
W_N_0126,32,29,0
W_N_0126,32,30,0
W_N_0126,32,31,0
W_N_0126,32,32,0
W_N_0126,32,33,0
W_N_0126,32,34,0
W_N_0126,32,35,1
W_N_0126,33,8,0
W_N_0126,33,9,0
W_N_0126,33,10,0
W_N_0126,33,11,0
W_N_0126,33,12,0
W_N_0126,33,13,0
W_N_0126,33,14,0
W_N_0126,33,15,0
W_N_0126,33,16,0
W_N_0126,33,17,0
W_N_0126,33,18,0
W_N_0126,33,19,0
W_N_0126,33,20,0
W_N_0126,33,21,0
W_N_0126,33,22,0
W_N_0126,33,23,0
W_N_0126,33,24,0
W_N_0126,33,25,0
W_N_0126,33,26,0
W_N_0126,33,27,0
W_N_0126,33,28,0
W_N_0126,33,29,0
W_N_0126,33,30,0
W_N_0126,33,31,0
W_N_0126,33,32,0
W_N_0126,33,33,0
W_N_0126,34,9,0
W_N_0126,34,10,0
W_N_0126,34,11,0
W_N_0126,34,12,0
W_N_0126,34,13,0
W_N_0126,34,14,0
W_N_0126,34,15,0
W_N_0126,34,16,0
W_N_0126,34,17,0
W_N_0126,34,18,0
W_N_0126,34,19,0
W_N_0126,34,20,0
W_N_0126,34,21,1
W_N_0126,34,22,0
W_N_0126,34,23,0
W_N_0126,34,24,0
W_N_0126,34,25,1
W_N_0126,34,26,0
W_N_0126,34,27,0
W_N_0126,34,28,0
W_N_0126,34,29,0
W_N_0126,34,30,0
W_N_0126,34,31,0
W_N_0126,34,32,1
W_N_0126,35,11,0
W_N_0126,35,12,0
W_N_0126,35,13,1
W_N_0126,35,14,0
W_N_0126,35,15,0
W_N_0126,35,16,0
W_N_0126,35,17,0
W_N_0126,35,18,0
W_N_0126,35,19,0
W_N_0126,35,20,0
W_N_0126,35,21,0
W_N_0126,35,22,0
W_N_0126,35,23,0
W_N_0126,35,24,0
W_N_0126,35,25,0
W_N_0126,35,26,0
W_N_0126,35,27,0
W_N_0126,35,28,0
W_N_0126,35,29,0
W_N_0126,35,30,0
W_N_0126,36,13,0
W_N_0126,36,14,0
W_N_0126,36,15,0
W_N_0126,36,16,0
W_N_0126,36,17,0
W_N_0126,36,18,0
W_N_0126,36,19,0
W_N_0126,36,20,0
W_N_0126,36,21,0
W_N_0126,36,22,0
W_N_0126,36,23,0
W_N_0126,36,24,0
W_N_0126,36,25,0
W_N_0126,36,26,0
W_N_0126,36,27,0
W_N_0126,36,28,1
W_N_0126,37,16,1
W_N_0126,37,17,0
W_N_0126,37,18,0
W_N_0126,37,19,0
W_N_0126,37,20,0
W_N_0126,37,21,0
W_N_0126,37,22,0
W_N_0126,37,23,1
W_N_0126,37,24,0
W_N_0126,37,25,1
W_F_0030,0,11,0
W_F_0030,0,12,1
W_F_0030,0,13,0
W_F_0030,0,14,1
W_F_0030,0,15,1
W_F_0030,0,16,1
W_F_0030,1,8,0
W_F_0030,1,9,0
W_F_0030,1,10,0
W_F_0030,1,11,0
W_F_0030,1,12,0
W_F_0030,1,13,0
W_F_0030,1,14,0
W_F_0030,1,15,1
W_F_0030,1,16,0
W_F_0030,1,17,0
W_F_0030,1,18,0
W_F_0030,1,19,1
W_F_0030,2,6,0
W_F_0030,2,7,0
W_F_0030,2,8,0
W_F_0030,2,9,0
W_F_0030,2,10,0
W_F_0030,2,11,0
W_F_0030,2,12,1
W_F_0030,2,13,0
W_F_0030,2,14,1
W_F_0030,2,15,1
W_F_0030,2,16,0
W_F_0030,2,17,0
W_F_0030,2,18,0
W_F_0030,2,19,1
W_F_0030,2,20,0
W_F_0030,3,5,0
W_F_0030,3,6,1
W_F_0030,3,7,0
W_F_0030,3,8,0
W_F_0030,3,9,0
W_F_0030,3,10,0
W_F_0030,3,11,0
W_F_0030,3,12,0
W_F_0030,3,13,1
W_F_0030,3,14,0
W_F_0030,3,15,0
W_F_0030,3,16,0
W_F_0030,3,17,0
W_F_0030,3,18,1
W_F_0030,3,19,0
W_F_0030,3,20,0
W_F_0030,3,21,0
W_F_0030,3,22,0
W_F_0030,4,4,0
W_F_0030,4,5,0
W_F_0030,4,6,0
W_F_0030,4,7,0
W_F_0030,4,8,1
W_F_0030,4,9,0
W_F_0030,4,10,0
W_F_0030,4,11,0
W_F_0030,4,12,0
W_F_0030,4,13,0
W_F_0030,4,14,0
W_F_0030,4,15,0
W_F_0030,4,16,0
W_F_0030,4,17,0
W_F_0030,4,18,0
W_F_0030,4,19,0
W_F_0030,4,20,0
W_F_0030,4,21,0
W_F_0030,4,22,0
W_F_0030,4,23,0
W_F_0030,5,3,0
W_F_0030,5,4,0
W_F_0030,5,5,1
W_F_0030,5,6,0
W_F_0030,5,7,0
W_F_0030,5,8,0
W_F_0030,5,9,0
W_F_0030,5,10,0
W_F_0030,5,11,0
W_F_0030,5,12,0
W_F_0030,5,13,1
W_F_0030,5,14,0
W_F_0030,5,15,1
W_F_0030,5,16,1
W_F_0030,5,17,0
W_F_0030,5,18,0
W_F_0030,5,19,0
W_F_0030,5,20,0
W_F_0030,5,21,0
W_F_0030,5,22,0
W_F_0030,5,23,0
W_F_0030,5,24,1
W_F_0030,6,2,1
W_F_0030,6,3,0
W_F_0030,6,4,0
W_F_0030,6,5,0
W_F_0030,6,6,0
W_F_0030,6,7,0
W_F_0030,6,8,0
W_F_0030,6,9,0
W_F_0030,6,10,0
W_F_0030,6,11,0
W_F_0030,6,12,0
W_F_0030,6,13,0
W_F_0030,6,14,0
W_F_0030,6,15,0
W_F_0030,6,16,0
W_F_0030,6,17,0
W_F_0030,6,18,1
W_F_0030,6,19,0
W_F_0030,6,20,0
W_F_0030,6,21,0
W_F_0030,6,22,0
W_F_0030,6,23,0
W_F_0030,6,24,0
W_F_0030,7,2,0
W_F_0030,7,3,0
W_F_0030,7,4,0
W_F_0030,7,5,0
W_F_0030,7,6,0
W_F_0030,7,7,0
W_F_0030,7,8,1
W_F_0030,7,9,0
W_F_0030,7,10,1
W_F_0030,7,11,0
W_F_0030,7,12,1
W_F_0030,7,13,0
W_F_0030,7,14,0
W_F_0030,7,15,0
W_F_0030,7,16,0
W_F_0030,7,17,1
W_F_0030,7,18,0
W_F_0030,7,19,1
W_F_0030,7,20,0
W_F_0030,7,21,0
W_F_0030,7,22,1
W_F_0030,7,23,0
W_F_0030,7,24,0
W_F_0030,7,25,0
W_F_0030,8,1,1
W_F_0030,8,2,0
W_F_0030,8,3,0
W_F_0030,8,4,0
W_F_0030,8,5,0
W_F_0030,8,6,0
W_F_0030,8,7,0
W_F_0030,8,8,0
W_F_0030,8,9,0
W_F_0030,8,10,0
W_F_0030,8,11,0
W_F_0030,8,12,1
W_F_0030,8,13,1
W_F_0030,8,14,1
W_F_0030,8,15,0
W_F_0030,8,16,0
W_F_0030,8,17,0
W_F_0030,8,18,0
W_F_0030,8,19,0
W_F_0030,8,20,1
W_F_0030,8,21,0
W_F_0030,8,22,1
W_F_0030,8,23,1
W_F_0030,8,24,0
W_F_0030,8,25,1
W_F_0030,9,1,1
W_F_0030,9,2,0
W_F_0030,9,3,0
W_F_0030,9,4,0
W_F_0030,9,5,0
W_F_0030,9,6,0
W_F_0030,9,7,0
W_F_0030,9,8,1
W_F_0030,9,9,0
W_F_0030,9,10,1
W_F_0030,9,11,1
W_F_0030,9,12,1
W_F_0030,9,13,1
W_F_0030,9,14,0
W_F_0030,9,15,1
W_F_0030,9,16,1
W_F_0030,9,17,1
W_F_0030,9,18,0
W_F_0030,9,19,0
W_F_0030,9,20,0
W_F_0030,9,21,0
W_F_0030,9,22,0
W_F_0030,9,23,0
W_F_0030,9,24,0
W_F_0030,9,25,0
W_F_0030,9,26,1
W_F_0030,10,1,0
W_F_0030,10,2,0
W_F_0030,10,3,0
W_F_0030,10,4,0
W_F_0030,10,5,1
W_F_0030,10,6,0
W_F_0030,10,7,0
W_F_0030,10,8,0
W_F_0030,10,9,1
W_F_0030,10,10,0
W_F_0030,10,11,1
W_F_0030,10,12,1
W_F_0030,10,13,1
W_F_0030,10,14,1
W_F_0030,10,15,0
W_F_0030,10,16,1
W_F_0030,10,17,0
W_F_0030,10,18,0
W_F_0030,10,19,0
W_F_0030,10,20,1
W_F_0030,10,21,1
W_F_0030,10,22,1
W_F_0030,10,23,0
W_F_0030,10,24,0
W_F_0030,10,25,0
W_F_0030,10,26,1
W_F_0030,11,0,1
W_F_0030,11,1,1
W_F_0030,11,2,0
W_F_0030,11,3,1
W_F_0030,11,4,0
W_F_0030,11,5,0
W_F_0030,11,6,0
W_F_0030,11,7,1
W_F_0030,11,8,0
W_F_0030,11,9,0
W_F_0030,11,10,0
W_F_0030,11,11,1
W_F_0030,11,12,1
W_F_0030,11,13,1
W_F_0030,11,14,1
W_F_0030,11,15,1
W_F_0030,11,16,1
W_F_0030,11,17,0
W_F_0030,11,18,1
W_F_0030,11,19,0
W_F_0030,11,20,0
W_F_0030,11,21,1
W_F_0030,11,22,0
W_F_0030,11,23,0
W_F_0030,11,24,1
W_F_0030,11,25,0
W_F_0030,11,26,0
W_F_0030,12,0,1
W_F_0030,12,1,0
W_F_0030,12,2,1
W_F_0030,12,3,1
W_F_0030,12,4,0
W_F_0030,12,5,0
W_F_0030,12,6,0
W_F_0030,12,7,0
W_F_0030,12,8,0
W_F_0030,12,9,0
W_F_0030,12,10,1
W_F_0030,12,11,1
W_F_0030,12,12,1
W_F_0030,12,13,1
W_F_0030,12,14,1
W_F_0030,12,15,1
W_F_0030,12,16,1
W_F_0030,12,17,0
W_F_0030,12,18,1
W_F_0030,12,19,0
W_F_0030,12,20,0
W_F_0030,12,21,0
W_F_0030,12,22,0
W_F_0030,12,23,0
W_F_0030,12,24,0
W_F_0030,12,25,1
W_F_0030,12,26,1
W_F_0030,13,0,1
W_F_0030,13,1,0
W_F_0030,13,2,0
W_F_0030,13,3,0
W_F_0030,13,4,0
W_F_0030,13,5,0
W_F_0030,13,6,1
W_F_0030,13,7,1
W_F_0030,13,8,0
W_F_0030,13,9,0
W_F_0030,13,10,1
W_F_0030,13,11,1
W_F_0030,13,12,1
W_F_0030,13,13,1
W_F_0030,13,14,1
W_F_0030,13,15,1
W_F_0030,13,16,1
W_F_0030,13,17,0
W_F_0030,13,18,0
W_F_0030,13,19,0
W_F_0030,13,20,1
W_F_0030,13,21,1
W_F_0030,13,22,0
W_F_0030,13,23,0
W_F_0030,13,24,0
W_F_0030,13,25,0
W_F_0030,13,26,1
W_F_0030,14,1,0
W_F_0030,14,2,1
W_F_0030,14,3,0
W_F_0030,14,4,0
W_F_0030,14,5,0
W_F_0030,14,6,0
W_F_0030,14,7,0
W_F_0030,14,8,0
W_F_0030,14,9,0
W_F_0030,14,10,1
W_F_0030,14,11,1
W_F_0030,14,12,1
W_F_0030,14,13,1
W_F_0030,14,14,1
W_F_0030,14,15,1
W_F_0030,14,16,1
W_F_0030,14,17,0
W_F_0030,14,18,0
W_F_0030,14,19,0
W_F_0030,14,20,0
W_F_0030,14,21,1
W_F_0030,14,22,0
W_F_0030,14,23,0
W_F_0030,14,24,0
W_F_0030,14,25,0
W_F_0030,14,26,1
W_F_0030,15,1,0
W_F_0030,15,2,1
W_F_0030,15,3,0
W_F_0030,15,4,0
W_F_0030,15,5,0
W_F_0030,15,6,0
W_F_0030,15,7,0
W_F_0030,15,8,0
W_F_0030,15,9,1
W_F_0030,15,10,1
W_F_0030,15,11,0
W_F_0030,15,12,1
W_F_0030,15,13,1
W_F_0030,15,14,1
W_F_0030,15,15,1
W_F_0030,15,16,1
W_F_0030,15,17,0
W_F_0030,15,18,0
W_F_0030,15,19,0
W_F_0030,15,20,1
W_F_0030,15,21,0
W_F_0030,15,22,0
W_F_0030,15,23,0
W_F_0030,15,24,0
W_F_0030,15,25,0
W_F_0030,15,26,1
W_F_0030,16,1,1
W_F_0030,16,2,1
W_F_0030,16,3,0
W_F_0030,16,4,0
W_F_0030,16,5,0
W_F_0030,16,6,1
W_F_0030,16,7,0
W_F_0030,16,8,0
W_F_0030,16,9,0
W_F_0030,16,10,1
W_F_0030,16,11,1
W_F_0030,16,12,1
W_F_0030,16,13,1
W_F_0030,16,14,1
W_F_0030,16,15,1
W_F_0030,16,16,1
W_F_0030,16,17,0
W_F_0030,16,18,0
W_F_0030,16,19,0
W_F_0030,16,20,1
W_F_0030,16,21,0
W_F_0030,16,22,0
W_F_0030,16,23,0
W_F_0030,16,24,0
W_F_0030,16,25,1
W_F_0030,17,2,1
W_F_0030,17,3,0
W_F_0030,17,4,1
W_F_0030,17,5,0
W_F_0030,17,6,1
W_F_0030,17,7,0
W_F_0030,17,8,0
W_F_0030,17,9,1
W_F_0030,17,10,0
W_F_0030,17,11,0
W_F_0030,17,12,0
W_F_0030,17,13,1
W_F_0030,17,14,0
W_F_0030,17,15,0
W_F_0030,17,16,0
W_F_0030,17,17,0
W_F_0030,17,18,1
W_F_0030,17,19,0
W_F_0030,17,20,0
W_F_0030,17,21,1
W_F_0030,17,22,0
W_F_0030,17,23,0
W_F_0030,17,24,0
W_F_0030,17,25,0
W_F_0030,18,2,1
W_F_0030,18,3,0
W_F_0030,18,4,0
W_F_0030,18,5,1
W_F_0030,18,6,0
W_F_0030,18,7,0
W_F_0030,18,8,1
W_F_0030,18,9,1
W_F_0030,18,10,0
W_F_0030,18,11,0
W_F_0030,18,12,0
W_F_0030,18,13,0
W_F_0030,18,14,1
W_F_0030,18,15,0
W_F_0030,18,16,0
W_F_0030,18,17,1
W_F_0030,18,18,0
W_F_0030,18,19,0
W_F_0030,18,20,0
W_F_0030,18,21,0
W_F_0030,18,22,0
W_F_0030,18,23,1
W_F_0030,18,24,1
W_F_0030,19,3,0
W_F_0030,19,4,0
W_F_0030,19,5,0
W_F_0030,19,6,1
W_F_0030,19,7,0
W_F_0030,19,8,0
W_F_0030,19,9,0
W_F_0030,19,10,0
W_F_0030,19,11,0
W_F_0030,19,12,0
W_F_0030,19,13,0
W_F_0030,19,14,0
W_F_0030,19,15,0
W_F_0030,19,16,0
W_F_0030,19,17,0
W_F_0030,19,18,0
W_F_0030,19,19,0
W_F_0030,19,20,0
W_F_0030,19,21,1
W_F_0030,19,22,0
W_F_0030,19,23,1
W_F_0030,19,24,1
W_F_0030,20,4,1
W_F_0030,20,5,0
W_F_0030,20,6,0
W_F_0030,20,7,0
W_F_0030,20,8,0
W_F_0030,20,9,1
W_F_0030,20,10,0
W_F_0030,20,11,0
W_F_0030,20,12,0
W_F_0030,20,13,1
W_F_0030,20,14,0
W_F_0030,20,15,0
W_F_0030,20,16,0
W_F_0030,20,17,0
W_F_0030,20,18,0
W_F_0030,20,19,0
W_F_0030,20,20,1
W_F_0030,20,21,0
W_F_0030,20,22,0
W_F_0030,20,23,1
W_F_0030,21,5,0
W_F_0030,21,6,0
W_F_0030,21,7,0
W_F_0030,21,8,0
W_F_0030,21,9,0
W_F_0030,21,10,0
W_F_0030,21,11,1
W_F_0030,21,12,0
W_F_0030,21,13,1
W_F_0030,21,14,0
W_F_0030,21,15,1
W_F_0030,21,16,1
W_F_0030,21,17,1
W_F_0030,21,18,1
W_F_0030,21,19,1
W_F_0030,21,20,0
W_F_0030,21,21,1
W_F_0030,21,22,1
W_F_0030,22,6,1
W_F_0030,22,7,0
W_F_0030,22,8,1
W_F_0030,22,9,0
W_F_0030,22,10,0
W_F_0030,22,11,1
W_F_0030,22,12,1
W_F_0030,22,13,0
W_F_0030,22,14,0
W_F_0030,22,15,0
W_F_0030,22,16,0
W_F_0030,22,17,0
W_F_0030,22,18,0
W_F_0030,22,19,0
W_F_0030,22,20,0
W_F_0030,23,8,0
W_F_0030,23,9,0
W_F_0030,23,10,0
W_F_0030,23,11,1
W_F_0030,23,12,0
W_F_0030,23,13,0
W_F_0030,23,14,0
W_F_0030,23,15,1
W_F_0030,23,16,0
W_F_0030,23,17,1
W_F_0030,23,18,0
W_F_0030,23,19,1
W_F_0030,24,11,1
W_F_0030,24,12,1
W_F_0030,24,13,0
W_F_0030,24,14,0
W_F_0030,24,15,1
W_F_0030,24,16,1
W_N_0010,0,12,1
W_N_0010,0,13,0
W_N_0010,0,14,1
W_N_0010,1,8,1
W_N_0010,1,9,0
W_N_0010,1,10,1
W_N_0010,1,11,0
W_N_0010,1,12,1
W_N_0010,1,13,0
W_N_0010,1,14,1
W_N_0010,1,15,0
W_N_0010,1,16,1
W_N_0010,1,17,0
W_N_0010,1,18,0
W_N_0010,2,6,0
W_N_0010,2,7,0
W_N_0010,2,8,0
W_N_0010,2,9,0
W_N_0010,2,10,0
W_N_0010,2,11,1
W_N_0010,2,12,0
W_N_0010,2,13,0
W_N_0010,2,14,0
W_N_0010,2,15,0
W_N_0010,2,16,0
W_N_0010,2,17,0
W_N_0010,2,18,0
W_N_0010,2,19,0
W_N_0010,2,20,0
W_N_0010,3,5,0
W_N_0010,3,6,0
W_N_0010,3,7,0
W_N_0010,3,8,0
W_N_0010,3,9,0
W_N_0010,3,10,0
W_N_0010,3,11,0
W_N_0010,3,12,0
W_N_0010,3,13,0
W_N_0010,3,14,0
W_N_0010,3,15,0
W_N_0010,3,16,0
W_N_0010,3,17,0
W_N_0010,3,18,0
W_N_0010,3,19,0
W_N_0010,3,20,0
W_N_0010,3,21,1
W_N_0010,4,4,0
W_N_0010,4,5,0
W_N_0010,4,6,0
W_N_0010,4,7,0
W_N_0010,4,8,0
W_N_0010,4,9,0
W_N_0010,4,10,0
W_N_0010,4,11,0
W_N_0010,4,12,1
W_N_0010,4,13,0
W_N_0010,4,14,0
W_N_0010,4,15,0
W_N_0010,4,16,0
W_N_0010,4,17,1
W_N_0010,4,18,0
W_N_0010,4,19,0
W_N_0010,4,20,0
W_N_0010,4,21,0
W_N_0010,4,22,0
W_N_0010,5,3,0
W_N_0010,5,4,1
W_N_0010,5,5,0
W_N_0010,5,6,0
W_N_0010,5,7,0
W_N_0010,5,8,0
W_N_0010,5,9,0
W_N_0010,5,10,0
W_N_0010,5,11,0
W_N_0010,5,12,0
W_N_0010,5,13,0
W_N_0010,5,14,1
W_N_0010,5,15,0
W_N_0010,5,16,1
W_N_0010,5,17,0
W_N_0010,5,18,0
W_N_0010,5,19,0
W_N_0010,5,20,0
W_N_0010,5,21,0
W_N_0010,5,22,0
W_N_0010,5,23,0
W_N_0010,6,2,0
W_N_0010,6,3,0
W_N_0010,6,4,0
W_N_0010,6,5,0
W_N_0010,6,6,0
W_N_0010,6,7,0
W_N_0010,6,8,0
W_N_0010,6,9,0
W_N_0010,6,10,0
W_N_0010,6,11,0
W_N_0010,6,12,1
W_N_0010,6,13,1
W_N_0010,6,14,0
W_N_0010,6,15,0
W_N_0010,6,16,0
W_N_0010,6,17,0
W_N_0010,6,18,0
W_N_0010,6,19,0
W_N_0010,6,20,0
W_N_0010,6,21,0
W_N_0010,6,22,1
W_N_0010,6,23,0
W_N_0010,6,24,1
W_N_0010,7,1,0
W_N_0010,7,2,0
W_N_0010,7,3,1
W_N_0010,7,4,0
W_N_0010,7,5,0
W_N_0010,7,6,0
W_N_0010,7,7,0
W_N_0010,7,8,0
W_N_0010,7,9,0
W_N_0010,7,10,0
W_N_0010,7,11,0
W_N_0010,7,12,1
W_N_0010,7,13,0
W_N_0010,7,14,0
W_N_0010,7,15,0
W_N_0010,7,16,0
W_N_0010,7,17,0
W_N_0010,7,18,0
W_N_0010,7,19,0
W_N_0010,7,20,0
W_N_0010,7,21,0
W_N_0010,7,22,0
W_N_0010,7,23,0
W_N_0010,7,24,0
W_N_0010,7,25,0
W_N_0010,8,1,1
W_N_0010,8,2,0
W_N_0010,8,3,0
W_N_0010,8,4,0
W_N_0010,8,5,0
W_N_0010,8,6,0
W_N_0010,8,7,0
W_N_0010,8,8,0
W_N_0010,8,9,0
W_N_0010,8,10,0
W_N_0010,8,11,0
W_N_0010,8,12,0
W_N_0010,8,13,0
W_N_0010,8,14,1
W_N_0010,8,15,0
W_N_0010,8,16,0
W_N_0010,8,17,0
W_N_0010,8,18,1
W_N_0010,8,19,0
W_N_0010,8,20,0
W_N_0010,8,21,0
W_N_0010,8,22,0
W_N_0010,8,23,0
W_N_0010,8,24,0
W_N_0010,8,25,0
W_N_0010,9,1,0
W_N_0010,9,2,0
W_N_0010,9,3,0
W_N_0010,9,4,0
W_N_0010,9,5,0
W_N_0010,9,6,0
W_N_0010,9,7,1
W_N_0010,9,8,0
W_N_0010,9,9,0
W_N_0010,9,10,0
W_N_0010,9,11,0
W_N_0010,9,12,0
W_N_0010,9,13,0
W_N_0010,9,14,0
W_N_0010,9,15,0
W_N_0010,9,16,0
W_N_0010,9,17,1
W_N_0010,9,18,0
W_N_0010,9,19,0
W_N_0010,9,20,0
W_N_0010,9,21,0
W_N_0010,9,22,0
W_N_0010,9,23,0
W_N_0010,9,24,1
W_N_0010,9,25,0
W_N_0010,10,0,1
W_N_0010,10,1,0
W_N_0010,10,2,0
W_N_0010,10,3,1
W_N_0010,10,4,0
W_N_0010,10,5,0
W_N_0010,10,6,0
W_N_0010,10,7,1
W_N_0010,10,8,0
W_N_0010,10,9,0
W_N_0010,10,10,0
W_N_0010,10,11,0
W_N_0010,10,12,0
W_N_0010,10,13,0
W_N_0010,10,14,0
W_N_0010,10,15,0
W_N_0010,10,16,0
W_N_0010,10,17,0
W_N_0010,10,18,0
W_N_0010,10,19,1
W_N_0010,10,20,1
W_N_0010,10,21,0
W_N_0010,10,22,0
W_N_0010,10,23,0
W_N_0010,10,24,0
W_N_0010,10,25,0
W_N_0010,10,26,0
W_N_0010,11,0,1
W_N_0010,11,1,0
W_N_0010,11,2,0
W_N_0010,11,3,0
W_N_0010,11,4,0
W_N_0010,11,5,0
W_N_0010,11,6,1
W_N_0010,11,7,0
W_N_0010,11,8,0
W_N_0010,11,9,0
W_N_0010,11,10,1
W_N_0010,11,11,0
W_N_0010,11,12,0
W_N_0010,11,13,0
W_N_0010,11,14,0
W_N_0010,11,15,0
W_N_0010,11,16,0
W_N_0010,11,17,0
W_N_0010,11,18,0
W_N_0010,11,19,0
W_N_0010,11,20,0
W_N_0010,11,21,0
W_N_0010,11,22,0
W_N_0010,11,23,0
W_N_0010,11,24,0
W_N_0010,11,25,0
W_N_0010,11,26,0
W_N_0010,12,0,1
W_N_0010,12,1,0
W_N_0010,12,2,0
W_N_0010,12,3,1
W_N_0010,12,4,0
W_N_0010,12,5,0
W_N_0010,12,6,1
W_N_0010,12,7,0
W_N_0010,12,8,0
W_N_0010,12,9,0
W_N_0010,12,10,0
W_N_0010,12,11,0
W_N_0010,12,12,0
W_N_0010,12,13,1
W_N_0010,12,14,0
W_N_0010,12,15,0
W_N_0010,12,16,0
W_N_0010,12,17,0
W_N_0010,12,18,0
W_N_0010,12,19,0
W_N_0010,12,20,0
W_N_0010,12,21,1
W_N_0010,12,22,0
W_N_0010,12,23,0
W_N_0010,12,24,0
W_N_0010,12,25,0
W_N_0010,12,26,0
W_N_0010,13,0,1
W_N_0010,13,1,0
W_N_0010,13,2,0
W_N_0010,13,3,1
W_N_0010,13,4,0
W_N_0010,13,5,0
W_N_0010,13,6,0
W_N_0010,13,7,0
W_N_0010,13,8,0
W_N_0010,13,9,0
W_N_0010,13,10,0
W_N_0010,13,11,0
W_N_0010,13,12,0
W_N_0010,13,13,0
W_N_0010,13,14,0
W_N_0010,13,15,0
W_N_0010,13,16,0
W_N_0010,13,17,1
W_N_0010,13,18,1
W_N_0010,13,19,0
W_N_0010,13,20,0
W_N_0010,13,21,0
W_N_0010,13,22,0
W_N_0010,13,23,0
W_N_0010,13,24,0
W_N_0010,13,25,1
W_N_0010,13,26,0
W_N_0010,14,0,1
W_N_0010,14,1,0
W_N_0010,14,2,1
W_N_0010,14,3,0
W_N_0010,14,4,0
W_N_0010,14,5,1
W_N_0010,14,6,0
W_N_0010,14,7,0
W_N_0010,14,8,0
W_N_0010,14,9,0
W_N_0010,14,10,0
W_N_0010,14,11,0
W_N_0010,14,12,0
W_N_0010,14,13,0
W_N_0010,14,14,0
W_N_0010,14,15,0
W_N_0010,14,16,0
W_N_0010,14,17,0
W_N_0010,14,18,1
W_N_0010,14,19,0
W_N_0010,14,20,0
W_N_0010,14,21,0
W_N_0010,14,22,0
W_N_0010,14,23,0
W_N_0010,14,24,1
W_N_0010,14,25,0
W_N_0010,14,26,0
W_N_0010,15,0,1
W_N_0010,15,1,0
W_N_0010,15,2,0
W_N_0010,15,3,0
W_N_0010,15,4,0
W_N_0010,15,5,0
W_N_0010,15,6,0
W_N_0010,15,7,1
W_N_0010,15,8,0
W_N_0010,15,9,0
W_N_0010,15,10,1
W_N_0010,15,11,0
W_N_0010,15,12,0
W_N_0010,15,13,0
W_N_0010,15,14,0
W_N_0010,15,15,0
W_N_0010,15,16,0
W_N_0010,15,17,0
W_N_0010,15,18,0
W_N_0010,15,19,0
W_N_0010,15,20,0
W_N_0010,15,21,0
W_N_0010,15,22,1
W_N_0010,15,23,0
W_N_0010,15,24,0
W_N_0010,15,25,0
W_N_0010,15,26,1
W_N_0010,16,1,0
W_N_0010,16,2,0
W_N_0010,16,3,0
W_N_0010,16,4,0
W_N_0010,16,5,1
W_N_0010,16,6,0
W_N_0010,16,7,0
W_N_0010,16,8,0
W_N_0010,16,9,0
W_N_0010,16,10,0
W_N_0010,16,11,0
W_N_0010,16,12,1
W_N_0010,16,13,0
W_N_0010,16,14,0
W_N_0010,16,15,0
W_N_0010,16,16,0
W_N_0010,16,17,0
W_N_0010,16,18,0
W_N_0010,16,19,0
W_N_0010,16,20,0
W_N_0010,16,21,0
W_N_0010,16,22,0
W_N_0010,16,23,0
W_N_0010,16,24,0
W_N_0010,16,25,1
W_N_0010,17,1,0
W_N_0010,17,2,0
W_N_0010,17,3,0
W_N_0010,17,4,1
W_N_0010,17,5,0
W_N_0010,17,6,0
W_N_0010,17,7,0
W_N_0010,17,8,0
W_N_0010,17,9,0
W_N_0010,17,10,0
W_N_0010,17,11,1
W_N_0010,17,12,0
W_N_0010,17,13,0
W_N_0010,17,14,0
W_N_0010,17,15,0
W_N_0010,17,16,0
W_N_0010,17,17,0
W_N_0010,17,18,0
W_N_0010,17,19,0
W_N_0010,17,20,0
W_N_0010,17,21,0
W_N_0010,17,22,0
W_N_0010,17,23,0
W_N_0010,17,24,0
W_N_0010,17,25,0
W_N_0010,18,2,0
W_N_0010,18,3,0
W_N_0010,18,4,0
W_N_0010,18,5,0
W_N_0010,18,6,1
W_N_0010,18,7,0
W_N_0010,18,8,0
W_N_0010,18,9,1
W_N_0010,18,10,1
W_N_0010,18,11,0
W_N_0010,18,12,0
W_N_0010,18,13,0
W_N_0010,18,14,0
W_N_0010,18,15,0
W_N_0010,18,16,0
W_N_0010,18,17,0
W_N_0010,18,18,0
W_N_0010,18,19,1
W_N_0010,18,20,0
W_N_0010,18,21,0
W_N_0010,18,22,0
W_N_0010,18,23,0
W_N_0010,18,24,1
W_N_0010,19,2,0
W_N_0010,19,3,0
W_N_0010,19,4,0
W_N_0010,19,5,0
W_N_0010,19,6,0
W_N_0010,19,7,1
W_N_0010,19,8,0
W_N_0010,19,9,0
W_N_0010,19,10,0
W_N_0010,19,11,0
W_N_0010,19,12,0
W_N_0010,19,13,0
W_N_0010,19,14,0
W_N_0010,19,15,1
W_N_0010,19,16,0
W_N_0010,19,17,0
W_N_0010,19,18,0
W_N_0010,19,19,0
W_N_0010,19,20,0
W_N_0010,19,21,0
W_N_0010,19,22,0
W_N_0010,19,23,0
W_N_0010,20,3,0
W_N_0010,20,4,0
W_N_0010,20,5,1
W_N_0010,20,6,0
W_N_0010,20,7,0
W_N_0010,20,8,0
W_N_0010,20,9,0
W_N_0010,20,10,0
W_N_0010,20,11,0
W_N_0010,20,12,0
W_N_0010,20,13,0
W_N_0010,20,14,0
W_N_0010,20,15,0
W_N_0010,20,16,0
W_N_0010,20,17,0
W_N_0010,20,18,0
W_N_0010,20,19,0
W_N_0010,20,20,0
W_N_0010,20,21,1
W_N_0010,20,22,1
W_N_0010,20,23,1
W_N_0010,21,4,1
W_N_0010,21,5,0
W_N_0010,21,6,0
W_N_0010,21,7,0
W_N_0010,21,8,0
W_N_0010,21,9,0
W_N_0010,21,10,0
W_N_0010,21,11,0
W_N_0010,21,12,0
W_N_0010,21,13,0
W_N_0010,21,14,0
W_N_0010,21,15,0
W_N_0010,21,16,0
W_N_0010,21,17,0
W_N_0010,21,18,0
W_N_0010,21,19,1
W_N_0010,21,20,0
W_N_0010,21,21,0
W_N_0010,21,22,0
W_N_0010,22,6,0
W_N_0010,22,7,0
W_N_0010,22,8,0
W_N_0010,22,9,0
W_N_0010,22,10,0
W_N_0010,22,11,0
W_N_0010,22,12,0
W_N_0010,22,13,0
W_N_0010,22,14,0
W_N_0010,22,15,1
W_N_0010,22,16,0
W_N_0010,22,17,0
W_N_0010,22,18,0
W_N_0010,22,19,1
W_N_0010,22,20,1
W_N_0010,23,7,1
W_N_0010,23,8,0
W_N_0010,23,9,0
W_N_0010,23,10,0
W_N_0010,23,11,0
W_N_0010,23,12,0
W_N_0010,23,13,0
W_N_0010,23,14,0
W_N_0010,23,15,0
W_N_0010,23,16,1
W_N_0010,23,17,1
W_N_0010,23,18,0
W_N_0010,23,19,1
W_N_0010,24,10,0
W_N_0010,24,11,0
W_N_0010,24,12,1
W_N_0010,24,13,0
W_N_0010,24,14,1
W_N_0010,24,15,1
W_N_0010,24,16,0
W_N_0019,0,17,1
W_N_0019,0,18,0
W_N_0019,0,19,0
W_N_0019,0,20,0
W_N_0019,0,21,0
W_N_0019,0,22,0
W_N_0019,0,23,0
W_N_0019,0,24,0
W_N_0019,0,25,0
W_N_0019,0,26,0
W_N_0019,1,14,1
W_N_0019,1,15,0
W_N_0019,1,16,1
W_N_0019,1,17,0
W_N_0019,1,18,0
W_N_0019,1,19,0
W_N_0019,1,20,0
W_N_0019,1,21,0
W_N_0019,1,22,0
W_N_0019,1,23,0
W_N_0019,1,24,0
W_N_0019,1,25,0
W_N_0019,1,26,0
W_N_0019,1,27,0
W_N_0019,1,28,0
W_N_0019,1,29,0
W_N_0019,2,12,0
W_N_0019,2,13,0
W_N_0019,2,14,0
W_N_0019,2,15,0
W_N_0019,2,16,0
W_N_0019,2,17,0
W_N_0019,2,18,0
W_N_0019,2,19,0
W_N_0019,2,20,0
W_N_0019,2,21,0
W_N_0019,2,22,0
W_N_0019,2,23,0
W_N_0019,2,24,0
W_N_0019,2,25,0
W_N_0019,2,26,0
W_N_0019,2,27,0
W_N_0019,2,28,0
W_N_0019,2,29,0
W_N_0019,2,30,0
W_N_0019,2,31,0
W_N_0019,3,10,1
W_N_0019,3,11,0
W_N_0019,3,12,0
W_N_0019,3,13,0
W_N_0019,3,14,0
W_N_0019,3,15,0
W_N_0019,3,16,0
W_N_0019,3,17,0
W_N_0019,3,18,0
W_N_0019,3,19,0
W_N_0019,3,20,0
W_N_0019,3,21,0
W_N_0019,3,22,0
W_N_0019,3,23,0
W_N_0019,3,24,0
W_N_0019,3,25,0
W_N_0019,3,26,0
W_N_0019,3,27,0
W_N_0019,3,28,0
W_N_0019,3,29,0
W_N_0019,3,30,0
W_N_0019,3,31,0
W_N_0019,3,32,1
W_N_0019,3,33,0
W_N_0019,4,9,0
W_N_0019,4,10,0
W_N_0019,4,11,0
W_N_0019,4,12,0
W_N_0019,4,13,0
W_N_0019,4,14,0
W_N_0019,4,15,0
W_N_0019,4,16,0
W_N_0019,4,17,0
W_N_0019,4,18,0
W_N_0019,4,19,0
W_N_0019,4,20,0
W_N_0019,4,21,0
W_N_0019,4,22,0
W_N_0019,4,23,0
W_N_0019,4,24,0
W_N_0019,4,25,0
W_N_0019,4,26,0
W_N_0019,4,27,0
W_N_0019,4,28,0
W_N_0019,4,29,0
W_N_0019,4,30,0
W_N_0019,4,31,0
W_N_0019,4,32,0
W_N_0019,4,33,0
W_N_0019,4,34,1
W_N_0019,5,7,0
W_N_0019,5,8,0
W_N_0019,5,9,0
W_N_0019,5,10,0
W_N_0019,5,11,0
W_N_0019,5,12,0
W_N_0019,5,13,0
W_N_0019,5,14,0
W_N_0019,5,15,0
W_N_0019,5,16,0
W_N_0019,5,17,0
W_N_0019,5,18,0
W_N_0019,5,19,0
W_N_0019,5,20,0
W_N_0019,5,21,0
W_N_0019,5,22,0
W_N_0019,5,23,0
W_N_0019,5,24,0
W_N_0019,5,25,0
W_N_0019,5,26,0
W_N_0019,5,27,0
W_N_0019,5,28,0
W_N_0019,5,29,0
W_N_0019,5,30,0
W_N_0019,5,31,0
W_N_0019,5,32,0
W_N_0019,5,33,0
W_N_0019,5,34,0
W_N_0019,5,35,0
W_N_0019,6,6,0
W_N_0019,6,7,0
W_N_0019,6,8,0
W_N_0019,6,9,0
W_N_0019,6,10,0
W_N_0019,6,11,0
W_N_0019,6,12,1
W_N_0019,6,13,0
W_N_0019,6,14,0
W_N_0019,6,15,0
W_N_0019,6,16,0
W_N_0019,6,17,0
W_N_0019,6,18,0
W_N_0019,6,19,0
W_N_0019,6,20,0
W_N_0019,6,21,0
W_N_0019,6,22,0
W_N_0019,6,23,0
W_N_0019,6,24,0
W_N_0019,6,25,0
W_N_0019,6,26,0
W_N_0019,6,27,0
W_N_0019,6,28,0
W_N_0019,6,29,1
W_N_0019,6,30,0
W_N_0019,6,31,0
W_N_0019,6,32,1
W_N_0019,6,33,0
W_N_0019,6,34,0
W_N_0019,6,35,1
W_N_0019,6,36,0
W_N_0019,7,5,0
W_N_0019,7,6,0
W_N_0019,7,7,0
W_N_0019,7,8,0
W_N_0019,7,9,0
W_N_0019,7,10,0
W_N_0019,7,11,0
W_N_0019,7,12,1
W_N_0019,7,13,0
W_N_0019,7,14,0
W_N_0019,7,15,0
W_N_0019,7,16,0
W_N_0019,7,17,0
W_N_0019,7,18,0
W_N_0019,7,19,0
W_N_0019,7,20,0
W_N_0019,7,21,0
W_N_0019,7,22,0
W_N_0019,7,23,0
W_N_0019,7,24,0
W_N_0019,7,25,0
W_N_0019,7,26,0
W_N_0019,7,27,0
W_N_0019,7,28,0
W_N_0019,7,29,0
W_N_0019,7,30,0
W_N_0019,7,31,0
W_N_0019,7,32,0
W_N_0019,7,33,0
W_N_0019,7,34,0
W_N_0019,7,35,0
W_N_0019,7,36,0
W_N_0019,7,37,0
W_N_0019,8,5,0
W_N_0019,8,6,0
W_N_0019,8,7,0
W_N_0019,8,8,0
W_N_0019,8,9,0
W_N_0019,8,10,0
W_N_0019,8,11,0
W_N_0019,8,12,0
W_N_0019,8,13,0
W_N_0019,8,14,0
W_N_0019,8,15,0
W_N_0019,8,16,0
W_N_0019,8,17,0
W_N_0019,8,18,0
W_N_0019,8,19,0
W_N_0019,8,20,0
W_N_0019,8,21,0
W_N_0019,8,22,0
W_N_0019,8,23,0
W_N_0019,8,24,1
W_N_0019,8,25,0
W_N_0019,8,26,0
W_N_0019,8,27,0
W_N_0019,8,28,0
W_N_0019,8,29,0
W_N_0019,8,30,0
W_N_0019,8,31,0
W_N_0019,8,32,0
W_N_0019,8,33,0
W_N_0019,8,34,0
W_N_0019,8,35,0
W_N_0019,8,36,0
W_N_0019,8,37,0
W_N_0019,9,4,0
W_N_0019,9,5,0
W_N_0019,9,6,0
W_N_0019,9,7,0
W_N_0019,9,8,0
W_N_0019,9,9,0
W_N_0019,9,10,0
W_N_0019,9,11,0
W_N_0019,9,12,0
W_N_0019,9,13,0
W_N_0019,9,14,0
W_N_0019,9,15,0
W_N_0019,9,16,0
W_N_0019,9,17,0
W_N_0019,9,18,0
W_N_0019,9,19,0
W_N_0019,9,20,0
W_N_0019,9,21,0
W_N_0019,9,22,0
W_N_0019,9,23,0
W_N_0019,9,24,0
W_N_0019,9,25,0
W_N_0019,9,26,0
W_N_0019,9,27,0
W_N_0019,9,28,0
W_N_0019,9,29,0
W_N_0019,9,30,0
W_N_0019,9,31,0
W_N_0019,9,32,0
W_N_0019,9,33,0
W_N_0019,9,34,0
W_N_0019,9,35,0
W_N_0019,9,36,0
W_N_0019,9,37,0
W_N_0019,10,3,0
W_N_0019,10,4,0
W_N_0019,10,5,0
W_N_0019,10,6,0
W_N_0019,10,7,0
W_N_0019,10,8,0
W_N_0019,10,9,0
W_N_0019,10,10,0
W_N_0019,10,11,0
W_N_0019,10,12,0
W_N_0019,10,13,0
W_N_0019,10,14,0
W_N_0019,10,15,0
W_N_0019,10,16,0
W_N_0019,10,17,0
W_N_0019,10,18,0
W_N_0019,10,19,0
W_N_0019,10,20,0
W_N_0019,10,21,0
W_N_0019,10,22,0
W_N_0019,10,23,0
W_N_0019,10,24,0
W_N_0019,10,25,0
W_N_0019,10,26,0
W_N_0019,10,27,0
W_N_0019,10,28,0
W_N_0019,10,29,0
W_N_0019,10,30,0
W_N_0019,10,31,0
W_N_0019,10,32,0
W_N_0019,10,33,0
W_N_0019,10,34,0
W_N_0019,10,35,0
W_N_0019,10,36,0
W_N_0019,10,37,0
W_N_0019,10,38,0
W_N_0019,10,39,0
W_N_0019,11,3,0
W_N_0019,11,4,0
W_N_0019,11,5,0
W_N_0019,11,6,0
W_N_0019,11,7,0
W_N_0019,11,8,0
W_N_0019,11,9,0
W_N_0019,11,10,0
W_N_0019,11,11,0
W_N_0019,11,12,0
W_N_0019,11,13,0
W_N_0019,11,14,0
W_N_0019,11,15,0
W_N_0019,11,16,0
W_N_0019,11,17,0
W_N_0019,11,18,0
W_N_0019,11,19,0
W_N_0019,11,20,0
W_N_0019,11,21,0
W_N_0019,11,22,0
W_N_0019,11,23,0
W_N_0019,11,24,0
W_N_0019,11,25,0
W_N_0019,11,26,1
W_N_0019,11,27,0
W_N_0019,11,28,0
W_N_0019,11,29,0
W_N_0019,11,30,0
W_N_0019,11,31,0
W_N_0019,11,32,0
W_N_0019,11,33,0
W_N_0019,11,34,0
W_N_0019,11,35,0
W_N_0019,11,36,0
W_N_0019,11,37,0
W_N_0019,11,38,0
W_N_0019,11,39,1
W_N_0019,11,40,0
W_N_0019,12,2,0
W_N_0019,12,3,0
W_N_0019,12,4,0
W_N_0019,12,5,0
W_N_0019,12,6,0
W_N_0019,12,7,0
W_N_0019,12,8,0
W_N_0019,12,9,0
W_N_0019,12,10,0
W_N_0019,12,11,0
W_N_0019,12,12,0
W_N_0019,12,13,0
W_N_0019,12,14,0
W_N_0019,12,15,0
W_N_0019,12,16,0
W_N_0019,12,17,0
W_N_0019,12,18,0
W_N_0019,12,19,0
W_N_0019,12,20,0
W_N_0019,12,21,0
W_N_0019,12,22,0
W_N_0019,12,23,0
W_N_0019,12,24,0
W_N_0019,12,25,0
W_N_0019,12,26,0
W_N_0019,12,27,0
W_N_0019,12,28,0
W_N_0019,12,29,0
W_N_0019,12,30,1
W_N_0019,12,31,0
W_N_0019,12,32,0
W_N_0019,12,33,0
W_N_0019,12,34,0
W_N_0019,12,35,0
W_N_0019,12,36,0
W_N_0019,12,37,0
W_N_0019,12,38,0
W_N_0019,12,39,0
W_N_0019,12,40,0
W_N_0019,12,41,0
W_N_0019,13,2,0
W_N_0019,13,3,0
W_N_0019,13,4,0
W_N_0019,13,5,0
W_N_0019,13,6,0
W_N_0019,13,7,0
W_N_0019,13,8,0
W_N_0019,13,9,0
W_N_0019,13,10,0
W_N_0019,13,11,0
W_N_0019,13,12,0
W_N_0019,13,13,0
W_N_0019,13,14,0
W_N_0019,13,15,0
W_N_0019,13,16,0
W_N_0019,13,17,0
W_N_0019,13,18,0
W_N_0019,13,19,0
W_N_0019,13,20,0
W_N_0019,13,21,0
W_N_0019,13,22,0
W_N_0019,13,23,0
W_N_0019,13,24,0
W_N_0019,13,25,0
W_N_0019,13,26,0
W_N_0019,13,27,0
W_N_0019,13,28,0
W_N_0019,13,29,0
W_N_0019,13,30,0
W_N_0019,13,31,0
W_N_0019,13,32,0
W_N_0019,13,33,0
W_N_0019,13,34,0
W_N_0019,13,35,0
W_N_0019,13,36,0
W_N_0019,13,37,0
W_N_0019,13,38,0
W_N_0019,13,39,0
W_N_0019,13,40,0
W_N_0019,13,41,0
W_N_0019,14,1,1
W_N_0019,14,2,0
W_N_0019,14,3,0
W_N_0019,14,4,0
W_N_0019,14,5,0
W_N_0019,14,6,0
W_N_0019,14,7,0
W_N_0019,14,8,0
W_N_0019,14,9,0
W_N_0019,14,10,0
W_N_0019,14,11,0
W_N_0019,14,12,0
W_N_0019,14,13,0
W_N_0019,14,14,0
W_N_0019,14,15,0
W_N_0019,14,16,0
W_N_0019,14,17,0
W_N_0019,14,18,0
W_N_0019,14,19,0
W_N_0019,14,20,0
W_N_0019,14,21,0
W_N_0019,14,22,0
W_N_0019,14,23,0
W_N_0019,14,24,0
W_N_0019,14,25,0
W_N_0019,14,26,0
W_N_0019,14,27,0
W_N_0019,14,28,0
W_N_0019,14,29,0
W_N_0019,14,30,0
W_N_0019,14,31,0
W_N_0019,14,32,0
W_N_0019,14,33,0
W_N_0019,14,34,0
W_N_0019,14,35,1
W_N_0019,14,36,0
W_N_0019,14,37,0
W_N_0019,14,38,0
W_N_0019,14,39,0
W_N_0019,14,40,0
W_N_0019,14,41,0
W_N_0019,15,1,0
W_N_0019,15,2,0
W_N_0019,15,3,0
W_N_0019,15,4,0
W_N_0019,15,5,0
W_N_0019,15,6,0
W_N_0019,15,7,0
W_N_0019,15,8,0
W_N_0019,15,9,0
W_N_0019,15,10,0
W_N_0019,15,11,0
W_N_0019,15,12,0
W_N_0019,15,13,0
W_N_0019,15,14,0
W_N_0019,15,15,0
W_N_0019,15,16,0
W_N_0019,15,17,0
W_N_0019,15,18,0
W_N_0019,15,19,0
W_N_0019,15,20,0
W_N_0019,15,21,0
W_N_0019,15,22,0
W_N_0019,15,23,0
W_N_0019,15,24,0
W_N_0019,15,25,0
W_N_0019,15,26,0
W_N_0019,15,27,0
W_N_0019,15,28,0
W_N_0019,15,29,0
W_N_0019,15,30,0
W_N_0019,15,31,0
W_N_0019,15,32,0
W_N_0019,15,33,0
W_N_0019,15,34,0
W_N_0019,15,35,0
W_N_0019,15,36,0
W_N_0019,15,37,0
W_N_0019,15,38,0
W_N_0019,15,39,1
W_N_0019,15,40,0
W_N_0019,15,41,0
W_N_0019,15,42,0
W_N_0019,16,1,1
W_N_0019,16,2,0
W_N_0019,16,3,0
W_N_0019,16,4,0
W_N_0019,16,5,0
W_N_0019,16,6,0
W_N_0019,16,7,0
W_N_0019,16,8,0
W_N_0019,16,9,0
W_N_0019,16,10,0
W_N_0019,16,11,0
W_N_0019,16,12,0
W_N_0019,16,13,0
W_N_0019,16,14,0
W_N_0019,16,15,0
W_N_0019,16,16,0
W_N_0019,16,17,0
W_N_0019,16,18,0
W_N_0019,16,19,0
W_N_0019,16,20,0
W_N_0019,16,21,0
W_N_0019,16,22,0
W_N_0019,16,23,0
W_N_0019,16,24,0
W_N_0019,16,25,0
W_N_0019,16,26,1
W_N_0019,16,27,0
W_N_0019,16,28,0
W_N_0019,16,29,0
W_N_0019,16,30,0
W_N_0019,16,31,0
W_N_0019,16,32,0
W_N_0019,16,33,0
W_N_0019,16,34,0
W_N_0019,16,35,0
W_N_0019,16,36,0
W_N_0019,16,37,0
W_N_0019,16,38,0
W_N_0019,16,39,0
W_N_0019,16,40,0
W_N_0019,16,41,0
W_N_0019,16,42,0
W_N_0019,17,1,1
W_N_0019,17,2,0
W_N_0019,17,3,0
W_N_0019,17,4,0
W_N_0019,17,5,0
W_N_0019,17,6,0
W_N_0019,17,7,0
W_N_0019,17,8,0
W_N_0019,17,9,0
W_N_0019,17,10,0
W_N_0019,17,11,0
W_N_0019,17,12,0
W_N_0019,17,13,0
W_N_0019,17,14,0
W_N_0019,17,15,0
W_N_0019,17,16,0
W_N_0019,17,17,0
W_N_0019,17,18,0
W_N_0019,17,19,0
W_N_0019,17,20,0
W_N_0019,17,21,0
W_N_0019,17,22,1
W_N_0019,17,23,0
W_N_0019,17,24,0
W_N_0019,17,25,0
W_N_0019,17,26,0
W_N_0019,17,27,0
W_N_0019,17,28,0
W_N_0019,17,29,0
W_N_0019,17,30,0
W_N_0019,17,31,0
W_N_0019,17,32,0
W_N_0019,17,33,0
W_N_0019,17,34,0
W_N_0019,17,35,0
W_N_0019,17,36,0
W_N_0019,17,37,0
W_N_0019,17,38,0
W_N_0019,17,39,0
W_N_0019,17,40,0
W_N_0019,17,41,0
W_N_0019,17,42,0
W_N_0019,18,0,0
W_N_0019,18,1,0
W_N_0019,18,2,0
W_N_0019,18,3,0
W_N_0019,18,4,0
W_N_0019,18,5,0
W_N_0019,18,6,0
W_N_0019,18,7,0
W_N_0019,18,8,0
W_N_0019,18,9,0
W_N_0019,18,10,0
W_N_0019,18,11,0
W_N_0019,18,12,0
W_N_0019,18,13,0
W_N_0019,18,14,0
W_N_0019,18,15,0
W_N_0019,18,16,0
W_N_0019,18,17,0
W_N_0019,18,18,0
W_N_0019,18,19,0
W_N_0019,18,20,0
W_N_0019,18,21,0
W_N_0019,18,22,0
W_N_0019,18,23,0
W_N_0019,18,24,0
W_N_0019,18,25,0
W_N_0019,18,26,0
W_N_0019,18,27,0
W_N_0019,18,28,0
W_N_0019,18,29,0
W_N_0019,18,30,0
W_N_0019,18,31,0
W_N_0019,18,32,0
W_N_0019,18,33,0
W_N_0019,18,34,0
W_N_0019,18,35,0
W_N_0019,18,36,1
W_N_0019,18,37,0
W_N_0019,18,38,0
W_N_0019,18,39,0
W_N_0019,18,40,0
W_N_0019,18,41,0
W_N_0019,18,42,0
W_N_0019,19,0,0
W_N_0019,19,1,0
W_N_0019,19,2,0
W_N_0019,19,3,0
W_N_0019,19,4,0
W_N_0019,19,5,0
W_N_0019,19,6,0
W_N_0019,19,7,0
W_N_0019,19,8,0
W_N_0019,19,9,0
W_N_0019,19,10,0
W_N_0019,19,11,0
W_N_0019,19,12,0
W_N_0019,19,13,0
W_N_0019,19,14,0
W_N_0019,19,15,0
W_N_0019,19,16,0
W_N_0019,19,17,0
W_N_0019,19,18,0
W_N_0019,19,19,0
W_N_0019,19,20,0
W_N_0019,19,21,0
W_N_0019,19,22,1
W_N_0019,19,23,0
W_N_0019,19,24,0
W_N_0019,19,25,0
W_N_0019,19,26,0
W_N_0019,19,27,0
W_N_0019,19,28,0
W_N_0019,19,29,0
W_N_0019,19,30,0
W_N_0019,19,31,0
W_N_0019,19,32,0
W_N_0019,19,33,0
W_N_0019,19,34,0
W_N_0019,19,35,0
W_N_0019,19,36,0
W_N_0019,19,37,0
W_N_0019,19,38,0
W_N_0019,19,39,0
W_N_0019,19,40,0
W_N_0019,19,41,0
W_N_0019,19,42,0
W_N_0019,19,43,0
W_N_0019,20,0,1
W_N_0019,20,1,0
W_N_0019,20,2,0
W_N_0019,20,3,0
W_N_0019,20,4,0
W_N_0019,20,5,0
W_N_0019,20,6,0
W_N_0019,20,7,0
W_N_0019,20,8,0
W_N_0019,20,9,0
W_N_0019,20,10,0
W_N_0019,20,11,1
W_N_0019,20,12,0
W_N_0019,20,13,0
W_N_0019,20,14,0
W_N_0019,20,15,1
W_N_0019,20,16,0
W_N_0019,20,17,0
W_N_0019,20,18,0
W_N_0019,20,19,0
W_N_0019,20,20,0
W_N_0019,20,21,0
W_N_0019,20,22,0
W_N_0019,20,23,0
W_N_0019,20,24,0
W_N_0019,20,25,0
W_N_0019,20,26,0
W_N_0019,20,27,0
W_N_0019,20,28,0
W_N_0019,20,29,0
W_N_0019,20,30,0
W_N_0019,20,31,0
W_N_0019,20,32,0
W_N_0019,20,33,0
W_N_0019,20,34,0
W_N_0019,20,35,0
W_N_0019,20,36,0
W_N_0019,20,37,0
W_N_0019,20,38,0
W_N_0019,20,39,0
W_N_0019,20,40,0
W_N_0019,20,41,0
W_N_0019,20,42,0
W_N_0019,20,43,0
W_N_0019,21,0,0
W_N_0019,21,1,0
W_N_0019,21,2,0
W_N_0019,21,3,0
W_N_0019,21,4,0
W_N_0019,21,5,0
W_N_0019,21,6,0
W_N_0019,21,7,0
W_N_0019,21,8,0
W_N_0019,21,9,0
W_N_0019,21,10,0
W_N_0019,21,11,0
W_N_0019,21,12,0
W_N_0019,21,13,0
W_N_0019,21,14,0
W_N_0019,21,15,0
W_N_0019,21,16,0
W_N_0019,21,17,0
W_N_0019,21,18,0
W_N_0019,21,19,0
W_N_0019,21,20,0
W_N_0019,21,21,0
W_N_0019,21,22,0
W_N_0019,21,23,0
W_N_0019,21,24,0
W_N_0019,21,25,0
W_N_0019,21,26,0
W_N_0019,21,27,0
W_N_0019,21,28,0
W_N_0019,21,29,0
W_N_0019,21,30,0
W_N_0019,21,31,0
W_N_0019,21,32,0
W_N_0019,21,33,0
W_N_0019,21,34,0
W_N_0019,21,35,1
W_N_0019,21,36,0
W_N_0019,21,37,0
W_N_0019,21,38,1
W_N_0019,21,39,0
W_N_0019,21,40,0
W_N_0019,21,41,0
W_N_0019,21,42,0
W_N_0019,21,43,0
W_N_0019,22,0,0
W_N_0019,22,1,0
W_N_0019,22,2,0
W_N_0019,22,3,0
W_N_0019,22,4,0
W_N_0019,22,5,0
W_N_0019,22,6,0
W_N_0019,22,7,0
W_N_0019,22,8,0
W_N_0019,22,9,0
W_N_0019,22,10,0
W_N_0019,22,11,0
W_N_0019,22,12,0
W_N_0019,22,13,0
W_N_0019,22,14,0
W_N_0019,22,15,0
W_N_0019,22,16,0
W_N_0019,22,17,0
W_N_0019,22,18,0
W_N_0019,22,19,0
W_N_0019,22,20,0
W_N_0019,22,21,0
W_N_0019,22,22,0
W_N_0019,22,23,0
W_N_0019,22,24,0
W_N_0019,22,25,0
W_N_0019,22,26,0
W_N_0019,22,27,0
W_N_0019,22,28,0
W_N_0019,22,29,0
W_N_0019,22,30,0
W_N_0019,22,31,0
W_N_0019,22,32,0
W_N_0019,22,33,0
W_N_0019,22,34,0
W_N_0019,22,35,0
W_N_0019,22,36,0
W_N_0019,22,37,0
W_N_0019,22,38,0
W_N_0019,22,39,1
W_N_0019,22,40,0
W_N_0019,22,41,0
W_N_0019,22,42,1
W_N_0019,22,43,1
W_N_0019,23,0,1
W_N_0019,23,1,0
W_N_0019,23,2,0
W_N_0019,23,3,0
W_N_0019,23,4,0
W_N_0019,23,5,0
W_N_0019,23,6,0
W_N_0019,23,7,0
W_N_0019,23,8,0
W_N_0019,23,9,0
W_N_0019,23,10,0
W_N_0019,23,11,0
W_N_0019,23,12,0
W_N_0019,23,13,0
W_N_0019,23,14,0
W_N_0019,23,15,0
W_N_0019,23,16,0
W_N_0019,23,17,0
W_N_0019,23,18,0
W_N_0019,23,19,0
W_N_0019,23,20,1
W_N_0019,23,21,0
W_N_0019,23,22,0
W_N_0019,23,23,0
W_N_0019,23,24,0
W_N_0019,23,25,0
W_N_0019,23,26,0
W_N_0019,23,27,0
W_N_0019,23,28,0
W_N_0019,23,29,0
W_N_0019,23,30,0
W_N_0019,23,31,0
W_N_0019,23,32,0
W_N_0019,23,33,0
W_N_0019,23,34,1
W_N_0019,23,35,0
W_N_0019,23,36,0
W_N_0019,23,37,0
W_N_0019,23,38,0
W_N_0019,23,39,0
W_N_0019,23,40,0
W_N_0019,23,41,0
W_N_0019,23,42,0
W_N_0019,24,1,0
W_N_0019,24,2,0
W_N_0019,24,3,0
W_N_0019,24,4,0
W_N_0019,24,5,0
W_N_0019,24,6,0
W_N_0019,24,7,0
W_N_0019,24,8,0
W_N_0019,24,9,0
W_N_0019,24,10,0
W_N_0019,24,11,0
W_N_0019,24,12,0
W_N_0019,24,13,0
W_N_0019,24,14,0
W_N_0019,24,15,0
W_N_0019,24,16,0
W_N_0019,24,17,0
W_N_0019,24,18,0
W_N_0019,24,19,0
W_N_0019,24,20,0
W_N_0019,24,21,0
W_N_0019,24,22,0
W_N_0019,24,23,0
W_N_0019,24,24,0
W_N_0019,24,25,0
W_N_0019,24,26,0
W_N_0019,24,27,0
W_N_0019,24,28,0
W_N_0019,24,29,0
W_N_0019,24,30,0
W_N_0019,24,31,1
W_N_0019,24,32,0
W_N_0019,24,33,0
W_N_0019,24,34,0
W_N_0019,24,35,0
W_N_0019,24,36,0
W_N_0019,24,37,0
W_N_0019,24,38,0
W_N_0019,24,39,0
W_N_0019,24,40,0
W_N_0019,24,41,0
W_N_0019,24,42,0
W_N_0019,25,1,0
W_N_0019,25,2,0
W_N_0019,25,3,0
W_N_0019,25,4,0
W_N_0019,25,5,0
W_N_0019,25,6,0
W_N_0019,25,7,0
W_N_0019,25,8,0
W_N_0019,25,9,0
W_N_0019,25,10,0
W_N_0019,25,11,0
W_N_0019,25,12,0
W_N_0019,25,13,0
W_N_0019,25,14,0
W_N_0019,25,15,0
W_N_0019,25,16,1
W_N_0019,25,17,0
W_N_0019,25,18,0
W_N_0019,25,19,0
W_N_0019,25,20,0
W_N_0019,25,21,0
W_N_0019,25,22,0
W_N_0019,25,23,0
W_N_0019,25,24,0
W_N_0019,25,25,0
W_N_0019,25,26,0
W_N_0019,25,27,0
W_N_0019,25,28,0
W_N_0019,25,29,0
W_N_0019,25,30,0
W_N_0019,25,31,0
W_N_0019,25,32,0
W_N_0019,25,33,0
W_N_0019,25,34,0
W_N_0019,25,35,0
W_N_0019,25,36,0
W_N_0019,25,37,0
W_N_0019,25,38,0
W_N_0019,25,39,0
W_N_0019,25,40,0
W_N_0019,25,41,0
W_N_0019,25,42,0
W_N_0019,26,1,0
W_N_0019,26,2,0
W_N_0019,26,3,0
W_N_0019,26,4,0
W_N_0019,26,5,0
W_N_0019,26,6,0
W_N_0019,26,7,0
W_N_0019,26,8,0
W_N_0019,26,9,0
W_N_0019,26,10,0
W_N_0019,26,11,0
W_N_0019,26,12,0
W_N_0019,26,13,0
W_N_0019,26,14,0
W_N_0019,26,15,0
W_N_0019,26,16,0
W_N_0019,26,17,0
W_N_0019,26,18,0
W_N_0019,26,19,0
W_N_0019,26,20,0
W_N_0019,26,21,0
W_N_0019,26,22,0
W_N_0019,26,23,0
W_N_0019,26,24,0
W_N_0019,26,25,0
W_N_0019,26,26,0
W_N_0019,26,27,0
W_N_0019,26,28,0
W_N_0019,26,29,0
W_N_0019,26,30,0
W_N_0019,26,31,0
W_N_0019,26,32,0
W_N_0019,26,33,0
W_N_0019,26,34,0
W_N_0019,26,35,0
W_N_0019,26,36,0
W_N_0019,26,37,0
W_N_0019,26,38,0
W_N_0019,26,39,0
W_N_0019,26,40,0
W_N_0019,26,41,1
W_N_0019,26,42,0
W_N_0019,27,1,0
W_N_0019,27,2,0
W_N_0019,27,3,0
W_N_0019,27,4,0
W_N_0019,27,5,0
W_N_0019,27,6,0
W_N_0019,27,7,0
W_N_0019,27,8,0
W_N_0019,27,9,0
W_N_0019,27,10,0
W_N_0019,27,11,0
W_N_0019,27,12,0
W_N_0019,27,13,0
W_N_0019,27,14,0
W_N_0019,27,15,0
W_N_0019,27,16,0
W_N_0019,27,17,0
W_N_0019,27,18,0
W_N_0019,27,19,0
W_N_0019,27,20,0
W_N_0019,27,21,0
W_N_0019,27,22,0
W_N_0019,27,23,0
W_N_0019,27,24,0
W_N_0019,27,25,0
W_N_0019,27,26,0
W_N_0019,27,27,0
W_N_0019,27,28,0
W_N_0019,27,29,0
W_N_0019,27,30,1
W_N_0019,27,31,0
W_N_0019,27,32,0
W_N_0019,27,33,0
W_N_0019,27,34,0
W_N_0019,27,35,0
W_N_0019,27,36,0
W_N_0019,27,37,0
W_N_0019,27,38,0
W_N_0019,27,39,0
W_N_0019,27,40,0
W_N_0019,27,41,0
W_N_0019,28,2,0
W_N_0019,28,3,0
W_N_0019,28,4,0
W_N_0019,28,5,0
W_N_0019,28,6,0
W_N_0019,28,7,0
W_N_0019,28,8,0
W_N_0019,28,9,0
W_N_0019,28,10,0
W_N_0019,28,11,0
W_N_0019,28,12,0
W_N_0019,28,13,0
W_N_0019,28,14,0
W_N_0019,28,15,0
W_N_0019,28,16,0
W_N_0019,28,17,0
W_N_0019,28,18,0
W_N_0019,28,19,0
W_N_0019,28,20,0
W_N_0019,28,21,0
W_N_0019,28,22,0
W_N_0019,28,23,0
W_N_0019,28,24,0
W_N_0019,28,25,0
W_N_0019,28,26,0
W_N_0019,28,27,0
W_N_0019,28,28,0
W_N_0019,28,29,0
W_N_0019,28,30,0
W_N_0019,28,31,0
W_N_0019,28,32,0
W_N_0019,28,33,0
W_N_0019,28,34,0
W_N_0019,28,35,0
W_N_0019,28,36,0
W_N_0019,28,37,0
W_N_0019,28,38,0
W_N_0019,28,39,0
W_N_0019,28,40,0
W_N_0019,28,41,0
W_N_0019,29,2,0
W_N_0019,29,3,0
W_N_0019,29,4,0
W_N_0019,29,5,0
W_N_0019,29,6,0
W_N_0019,29,7,0
W_N_0019,29,8,0
W_N_0019,29,9,0
W_N_0019,29,10,0
W_N_0019,29,11,0
W_N_0019,29,12,0
W_N_0019,29,13,0
W_N_0019,29,14,0
W_N_0019,29,15,0
W_N_0019,29,16,0
W_N_0019,29,17,0
W_N_0019,29,18,0
W_N_0019,29,19,1
W_N_0019,29,20,0
W_N_0019,29,21,0
W_N_0019,29,22,0
W_N_0019,29,23,0
W_N_0019,29,24,0
W_N_0019,29,25,0
W_N_0019,29,26,0
W_N_0019,29,27,0
W_N_0019,29,28,0
W_N_0019,29,29,0
W_N_0019,29,30,0
W_N_0019,29,31,0
W_N_0019,29,32,0
W_N_0019,29,33,0
W_N_0019,29,34,0
W_N_0019,29,35,0
W_N_0019,29,36,0
W_N_0019,29,37,0
W_N_0019,29,38,0
W_N_0019,29,39,0
W_N_0019,29,40,0
W_N_0019,29,41,0
W_N_0019,30,3,0
W_N_0019,30,4,0
W_N_0019,30,5,0
W_N_0019,30,6,0
W_N_0019,30,7,0
W_N_0019,30,8,0
W_N_0019,30,9,0
W_N_0019,30,10,0
W_N_0019,30,11,0
W_N_0019,30,12,0
W_N_0019,30,13,0
W_N_0019,30,14,0
W_N_0019,30,15,0
W_N_0019,30,16,0
W_N_0019,30,17,0
W_N_0019,30,18,0
W_N_0019,30,19,0
W_N_0019,30,20,0
W_N_0019,30,21,0
W_N_0019,30,22,0
W_N_0019,30,23,0
W_N_0019,30,24,1
W_N_0019,30,25,0
W_N_0019,30,26,0
W_N_0019,30,27,0
W_N_0019,30,28,0
W_N_0019,30,29,0
W_N_0019,30,30,0
W_N_0019,30,31,1
W_N_0019,30,32,0
W_N_0019,30,33,0
W_N_0019,30,34,0
W_N_0019,30,35,0
W_N_0019,30,36,0
W_N_0019,30,37,1
W_N_0019,30,38,0
W_N_0019,30,39,0
W_N_0019,30,40,1
W_N_0019,31,4,0
W_N_0019,31,5,0
W_N_0019,31,6,0
W_N_0019,31,7,0
W_N_0019,31,8,0
W_N_0019,31,9,0
W_N_0019,31,10,0
W_N_0019,31,11,0
W_N_0019,31,12,0
W_N_0019,31,13,0
W_N_0019,31,14,0
W_N_0019,31,15,0
W_N_0019,31,16,0
W_N_0019,31,17,0
W_N_0019,31,18,0
W_N_0019,31,19,0
W_N_0019,31,20,0
W_N_0019,31,21,0
W_N_0019,31,22,0
W_N_0019,31,23,0
W_N_0019,31,24,0
W_N_0019,31,25,0
W_N_0019,31,26,0
W_N_0019,31,27,0
W_N_0019,31,28,0
W_N_0019,31,29,0
W_N_0019,31,30,0
W_N_0019,31,31,1
W_N_0019,31,32,0
W_N_0019,31,33,0
W_N_0019,31,34,1
W_N_0019,31,35,0
W_N_0019,31,36,0
W_N_0019,31,37,1
W_N_0019,31,38,0
W_N_0019,31,39,0
W_N_0019,31,40,0
W_N_0019,32,5,0
W_N_0019,32,6,0
W_N_0019,32,7,0
W_N_0019,32,8,0
W_N_0019,32,9,0
W_N_0019,32,10,0
W_N_0019,32,11,0
W_N_0019,32,12,0
W_N_0019,32,13,0
W_N_0019,32,14,0
W_N_0019,32,15,0
W_N_0019,32,16,0
W_N_0019,32,17,0
W_N_0019,32,18,0
W_N_0019,32,19,0
W_N_0019,32,20,0
W_N_0019,32,21,1
W_N_0019,32,22,0
W_N_0019,32,23,0
W_N_0019,32,24,0
W_N_0019,32,25,0
W_N_0019,32,26,0
W_N_0019,32,27,0
W_N_0019,32,28,0
W_N_0019,32,29,0
W_N_0019,32,30,0
W_N_0019,32,31,0
W_N_0019,32,32,0
W_N_0019,32,33,0
W_N_0019,32,34,0
W_N_0019,32,35,0
W_N_0019,32,36,0
W_N_0019,32,37,0
W_N_0019,32,38,0
W_N_0019,32,39,1
W_N_0019,33,6,0
W_N_0019,33,7,0
W_N_0019,33,8,0
W_N_0019,33,9,0
W_N_0019,33,10,0
W_N_0019,33,11,0
W_N_0019,33,12,0
W_N_0019,33,13,0
W_N_0019,33,14,0
W_N_0019,33,15,0
W_N_0019,33,16,0
W_N_0019,33,17,0
W_N_0019,33,18,0
W_N_0019,33,19,0
W_N_0019,33,20,0
W_N_0019,33,21,0
W_N_0019,33,22,0
W_N_0019,33,23,0
W_N_0019,33,24,0
W_N_0019,33,25,0
W_N_0019,33,26,0
W_N_0019,33,27,0
W_N_0019,33,28,0
W_N_0019,33,29,0
W_N_0019,33,30,0
W_N_0019,33,31,0
W_N_0019,33,32,0
W_N_0019,33,33,0
W_N_0019,33,34,0
W_N_0019,33,35,0
W_N_0019,33,36,0
W_N_0019,33,37,0
W_N_0019,33,38,0
W_N_0019,34,6,0
W_N_0019,34,7,0
W_N_0019,34,8,0
W_N_0019,34,9,0
W_N_0019,34,10,0
W_N_0019,34,11,0
W_N_0019,34,12,0
W_N_0019,34,13,0
W_N_0019,34,14,0
W_N_0019,34,15,0
W_N_0019,34,16,0
W_N_0019,34,17,0
W_N_0019,34,18,0
W_N_0019,34,19,0
W_N_0019,34,20,0
W_N_0019,34,21,0
W_N_0019,34,22,0
W_N_0019,34,23,0
W_N_0019,34,24,0
W_N_0019,34,25,0
W_N_0019,34,26,0
W_N_0019,34,27,0
W_N_0019,34,28,0
W_N_0019,34,29,0
W_N_0019,34,30,1
W_N_0019,34,31,0
W_N_0019,34,32,0
W_N_0019,34,33,0
W_N_0019,34,34,0
W_N_0019,34,35,0
W_N_0019,34,36,0
W_N_0019,34,37,0
W_N_0019,35,7,0
W_N_0019,35,8,0
W_N_0019,35,9,0
W_N_0019,35,10,0
W_N_0019,35,11,0
W_N_0019,35,12,0
W_N_0019,35,13,0
W_N_0019,35,14,0
W_N_0019,35,15,0
W_N_0019,35,16,0
W_N_0019,35,17,0
W_N_0019,35,18,0
W_N_0019,35,19,0
W_N_0019,35,20,0
W_N_0019,35,21,0
W_N_0019,35,22,0
W_N_0019,35,23,0
W_N_0019,35,24,0
W_N_0019,35,25,0
W_N_0019,35,26,0
W_N_0019,35,27,0
W_N_0019,35,28,0
W_N_0019,35,29,0
W_N_0019,35,30,0
W_N_0019,35,31,0
W_N_0019,35,32,0
W_N_0019,35,33,0
W_N_0019,35,34,0
W_N_0019,35,35,0
W_N_0019,35,36,0
W_N_0019,36,8,0
W_N_0019,36,9,0
W_N_0019,36,10,0
W_N_0019,36,11,0
W_N_0019,36,12,1
W_N_0019,36,13,0
W_N_0019,36,14,0
W_N_0019,36,15,1
W_N_0019,36,16,0
W_N_0019,36,17,0
W_N_0019,36,18,0
W_N_0019,36,19,0
W_N_0019,36,20,0
W_N_0019,36,21,0
W_N_0019,36,22,0
W_N_0019,36,23,0
W_N_0019,36,24,0
W_N_0019,36,25,0
W_N_0019,36,26,0
W_N_0019,36,27,0
W_N_0019,36,28,0
W_N_0019,36,29,0
W_N_0019,36,30,0
W_N_0019,36,31,0
W_N_0019,36,32,0
W_N_0019,36,33,0
W_N_0019,36,34,0
W_N_0019,36,35,0
W_N_0019,37,9,0
W_N_0019,37,10,0
W_N_0019,37,11,0
W_N_0019,37,12,0
W_N_0019,37,13,0
W_N_0019,37,14,0
W_N_0019,37,15,0
W_N_0019,37,16,0
W_N_0019,37,17,0
W_N_0019,37,18,0
W_N_0019,37,19,0
W_N_0019,37,20,0
W_N_0019,37,21,0
W_N_0019,37,22,0
W_N_0019,37,23,0
W_N_0019,37,24,1
W_N_0019,37,25,0
W_N_0019,37,26,0
W_N_0019,37,27,0
W_N_0019,37,28,0
W_N_0019,37,29,1
W_N_0019,37,30,0
W_N_0019,37,31,0
W_N_0019,37,32,0
W_N_0019,37,33,0
W_N_0019,37,34,0
W_N_0019,38,10,0
W_N_0019,38,11,0
W_N_0019,38,12,0
W_N_0019,38,13,0
W_N_0019,38,14,0
W_N_0019,38,15,0
W_N_0019,38,16,0
W_N_0019,38,17,0
W_N_0019,38,18,0
W_N_0019,38,19,0
W_N_0019,38,20,0
W_N_0019,38,21,0
W_N_0019,38,22,0
W_N_0019,38,23,0
W_N_0019,38,24,0
W_N_0019,38,25,0
W_N_0019,38,26,0
W_N_0019,38,27,0
W_N_0019,38,28,1
W_N_0019,38,29,0
W_N_0019,38,30,0
W_N_0019,38,31,0
W_N_0019,38,32,0
W_N_0019,38,33,0
W_N_0019,39,12,0
W_N_0019,39,13,0
W_N_0019,39,14,0
W_N_0019,39,15,0
W_N_0019,39,16,0
W_N_0019,39,17,0
W_N_0019,39,18,0
W_N_0019,39,19,0
W_N_0019,39,20,0
W_N_0019,39,21,0
W_N_0019,39,22,0
W_N_0019,39,23,0
W_N_0019,39,24,0
W_N_0019,39,25,1
W_N_0019,39,26,0
W_N_0019,39,27,0
W_N_0019,39,28,0
W_N_0019,39,29,0
W_N_0019,39,30,0
W_N_0019,39,31,0
W_N_0019,40,14,0
W_N_0019,40,15,0
W_N_0019,40,16,0
W_N_0019,40,17,0
W_N_0019,40,18,1
W_N_0019,40,19,0
W_N_0019,40,20,0
W_N_0019,40,21,0
W_N_0019,40,22,0
W_N_0019,40,23,0
W_N_0019,40,24,0
W_N_0019,40,25,0
W_N_0019,40,26,0
W_N_0019,40,27,0
W_N_0019,40,28,0
W_N_0019,40,29,0
W_N_0019,41,18,0
W_N_0019,41,19,0
W_N_0019,41,20,0
W_N_0019,41,21,0
W_N_0019,41,22,0
W_N_0019,41,23,0
W_N_0019,41,24,0
W_N_0019,41,25,0
W_N_0023,0,12,1
W_N_0023,0,13,1
W_N_0023,0,14,1
W_N_0023,1,8,0
W_N_0023,1,9,0
W_N_0023,1,10,1
W_N_0023,1,11,0
W_N_0023,1,12,1
W_N_0023,1,13,0
W_N_0023,1,14,0
W_N_0023,1,15,0
W_N_0023,1,16,1
W_N_0023,1,17,0
W_N_0023,1,18,0
W_N_0023,2,6,0
W_N_0023,2,7,0
W_N_0023,2,8,0
W_N_0023,2,9,0
W_N_0023,2,10,0
W_N_0023,2,11,1
W_N_0023,2,12,1
W_N_0023,2,13,0
W_N_0023,2,14,0
W_N_0023,2,15,1
W_N_0023,2,16,0
W_N_0023,2,17,0
W_N_0023,2,18,0
W_N_0023,2,19,0
W_N_0023,2,20,0
W_N_0023,3,5,0
W_N_0023,3,6,0
W_N_0023,3,7,0
W_N_0023,3,8,0
W_N_0023,3,9,1
W_N_0023,3,10,0
W_N_0023,3,11,0
W_N_0023,3,12,0
W_N_0023,3,13,0
W_N_0023,3,14,0
W_N_0023,3,15,0
W_N_0023,3,16,0
W_N_0023,3,17,0
W_N_0023,3,18,0
W_N_0023,3,19,0
W_N_0023,3,20,0
W_N_0023,3,21,0
W_N_0023,4,4,1
W_N_0023,4,5,0
W_N_0023,4,6,1
W_N_0023,4,7,1
W_N_0023,4,8,0
W_N_0023,4,9,0
W_N_0023,4,10,0
W_N_0023,4,11,1
W_N_0023,4,12,1
W_N_0023,4,13,1
W_N_0023,4,14,1
W_N_0023,4,15,0
W_N_0023,4,16,0
W_N_0023,4,17,0
W_N_0023,4,18,0
W_N_0023,4,19,1
W_N_0023,4,20,1
W_N_0023,4,21,0
W_N_0023,4,22,0
W_N_0023,5,3,1
W_N_0023,5,4,1
W_N_0023,5,5,0
W_N_0023,5,6,0
W_N_0023,5,7,0
W_N_0023,5,8,0
W_N_0023,5,9,1
W_N_0023,5,10,0
W_N_0023,5,11,0
W_N_0023,5,12,1
W_N_0023,5,13,0
W_N_0023,5,14,0
W_N_0023,5,15,0
W_N_0023,5,16,1
W_N_0023,5,17,1
W_N_0023,5,18,0
W_N_0023,5,19,0
W_N_0023,5,20,0
W_N_0023,5,21,0
W_N_0023,5,22,0
W_N_0023,5,23,0
W_N_0023,6,2,0
W_N_0023,6,3,1
W_N_0023,6,4,1
W_N_0023,6,5,0
W_N_0023,6,6,0
W_N_0023,6,7,0
W_N_0023,6,8,0
W_N_0023,6,9,1
W_N_0023,6,10,0
W_N_0023,6,11,0
W_N_0023,6,12,0
W_N_0023,6,13,1
W_N_0023,6,14,0
W_N_0023,6,15,0
W_N_0023,6,16,0
W_N_0023,6,17,1
W_N_0023,6,18,0
W_N_0023,6,19,0
W_N_0023,6,20,1
W_N_0023,6,21,0
W_N_0023,6,22,0
W_N_0023,6,23,0
W_N_0023,6,24,0
W_N_0023,7,1,0
W_N_0023,7,2,0
W_N_0023,7,3,0
W_N_0023,7,4,0
W_N_0023,7,5,0
W_N_0023,7,6,0
W_N_0023,7,7,1
W_N_0023,7,8,0
W_N_0023,7,9,0
W_N_0023,7,10,0
W_N_0023,7,11,0
W_N_0023,7,12,0
W_N_0023,7,13,0
W_N_0023,7,14,1
W_N_0023,7,15,0
W_N_0023,7,16,1
W_N_0023,7,17,0
W_N_0023,7,18,0
W_N_0023,7,19,0
W_N_0023,7,20,0
W_N_0023,7,21,0
W_N_0023,7,22,0
W_N_0023,7,23,0
W_N_0023,7,24,1
W_N_0023,7,25,0
W_N_0023,8,1,0
W_N_0023,8,2,0
W_N_0023,8,3,0
W_N_0023,8,4,1
W_N_0023,8,5,0
W_N_0023,8,6,0
W_N_0023,8,7,0
W_N_0023,8,8,0
W_N_0023,8,9,0
W_N_0023,8,10,0
W_N_0023,8,11,1
W_N_0023,8,12,0
W_N_0023,8,13,1
W_N_0023,8,14,0
W_N_0023,8,15,0
W_N_0023,8,16,0
W_N_0023,8,17,0
W_N_0023,8,18,0
W_N_0023,8,19,0
W_N_0023,8,20,0
W_N_0023,8,21,0
W_N_0023,8,22,0
W_N_0023,8,23,0
W_N_0023,8,24,0
W_N_0023,8,25,0
W_N_0023,9,1,0
W_N_0023,9,2,0
W_N_0023,9,3,0
W_N_0023,9,4,0
W_N_0023,9,5,0
W_N_0023,9,6,0
W_N_0023,9,7,0
W_N_0023,9,8,0
W_N_0023,9,9,0
W_N_0023,9,10,1
W_N_0023,9,11,0
W_N_0023,9,12,0
W_N_0023,9,13,0
W_N_0023,9,14,1
W_N_0023,9,15,0
W_N_0023,9,16,1
W_N_0023,9,17,1
W_N_0023,9,18,0
W_N_0023,9,19,0
W_N_0023,9,20,0
W_N_0023,9,21,0
W_N_0023,9,22,0
W_N_0023,9,23,0
W_N_0023,9,24,1
W_N_0023,9,25,1
W_N_0023,10,0,1
W_N_0023,10,1,0
W_N_0023,10,2,1
W_N_0023,10,3,0
W_N_0023,10,4,1
W_N_0023,10,5,0
W_N_0023,10,6,0
W_N_0023,10,7,0
W_N_0023,10,8,0
W_N_0023,10,9,0
W_N_0023,10,10,0
W_N_0023,10,11,0
W_N_0023,10,12,1
W_N_0023,10,13,0
W_N_0023,10,14,0
W_N_0023,10,15,0
W_N_0023,10,16,1
W_N_0023,10,17,0
W_N_0023,10,18,1
W_N_0023,10,19,0
W_N_0023,10,20,0
W_N_0023,10,21,0
W_N_0023,10,22,0
W_N_0023,10,23,0
W_N_0023,10,24,0
W_N_0023,10,25,0
W_N_0023,10,26,0
W_N_0023,11,0,0
W_N_0023,11,1,1
W_N_0023,11,2,0
W_N_0023,11,3,0
W_N_0023,11,4,0
W_N_0023,11,5,0
W_N_0023,11,6,0
W_N_0023,11,7,0
W_N_0023,11,8,0
W_N_0023,11,9,0
W_N_0023,11,10,1
W_N_0023,11,11,0
W_N_0023,11,12,0
W_N_0023,11,13,0
W_N_0023,11,14,0
W_N_0023,11,15,0
W_N_0023,11,16,0
W_N_0023,11,17,0
W_N_0023,11,18,1
W_N_0023,11,19,0
W_N_0023,11,20,0
W_N_0023,11,21,0
W_N_0023,11,22,0
W_N_0023,11,23,0
W_N_0023,11,24,0
W_N_0023,11,25,0
W_N_0023,11,26,1
W_N_0023,12,0,0
W_N_0023,12,1,0
W_N_0023,12,2,0
W_N_0023,12,3,1
W_N_0023,12,4,0
W_N_0023,12,5,0
W_N_0023,12,6,0
W_N_0023,12,7,0
W_N_0023,12,8,0
W_N_0023,12,9,0
W_N_0023,12,10,0
W_N_0023,12,11,0
W_N_0023,12,12,0
W_N_0023,12,13,1
W_N_0023,12,14,0
W_N_0023,12,15,0
W_N_0023,12,16,0
W_N_0023,12,17,1
W_N_0023,12,18,0
W_N_0023,12,19,0
W_N_0023,12,20,0
W_N_0023,12,21,0
W_N_0023,12,22,1
W_N_0023,12,23,0
W_N_0023,12,24,0
W_N_0023,12,25,1
W_N_0023,12,26,0
W_N_0023,13,0,0
W_N_0023,13,1,0
W_N_0023,13,2,1
W_N_0023,13,3,0
W_N_0023,13,4,0
W_N_0023,13,5,0
W_N_0023,13,6,0
W_N_0023,13,7,0
W_N_0023,13,8,0
W_N_0023,13,9,0
W_N_0023,13,10,0
W_N_0023,13,11,0
W_N_0023,13,12,1
W_N_0023,13,13,0
W_N_0023,13,14,0
W_N_0023,13,15,0
W_N_0023,13,16,0
W_N_0023,13,17,0
W_N_0023,13,18,0
W_N_0023,13,19,0
W_N_0023,13,20,1
W_N_0023,13,21,0
W_N_0023,13,22,0
W_N_0023,13,23,0
W_N_0023,13,24,0
W_N_0023,13,25,1
W_N_0023,13,26,0
W_N_0023,14,0,0
W_N_0023,14,1,1
W_N_0023,14,2,0
W_N_0023,14,3,0
W_N_0023,14,4,0
W_N_0023,14,5,0
W_N_0023,14,6,0
W_N_0023,14,7,0
W_N_0023,14,8,0
W_N_0023,14,9,0
W_N_0023,14,10,0
W_N_0023,14,11,0
W_N_0023,14,12,0
W_N_0023,14,13,0
W_N_0023,14,14,0
W_N_0023,14,15,0
W_N_0023,14,16,0
W_N_0023,14,17,0
W_N_0023,14,18,0
W_N_0023,14,19,0
W_N_0023,14,20,0
W_N_0023,14,21,1
W_N_0023,14,22,0
W_N_0023,14,23,0
W_N_0023,14,24,0
W_N_0023,14,25,0
W_N_0023,14,26,0
W_N_0023,15,0,1
W_N_0023,15,1,0
W_N_0023,15,2,0
W_N_0023,15,3,0
W_N_0023,15,4,0
W_N_0023,15,5,0
W_N_0023,15,6,0
W_N_0023,15,7,0
W_N_0023,15,8,0
W_N_0023,15,9,0
W_N_0023,15,10,0
W_N_0023,15,11,0
W_N_0023,15,12,0
W_N_0023,15,13,1
W_N_0023,15,14,1
W_N_0023,15,15,0
W_N_0023,15,16,0
W_N_0023,15,17,0
W_N_0023,15,18,0
W_N_0023,15,19,1
W_N_0023,15,20,0
W_N_0023,15,21,0
W_N_0023,15,22,0
W_N_0023,15,23,1
W_N_0023,15,24,0
W_N_0023,15,25,0
W_N_0023,15,26,0
W_N_0023,16,1,1
W_N_0023,16,2,0
W_N_0023,16,3,0
W_N_0023,16,4,0
W_N_0023,16,5,0
W_N_0023,16,6,0
W_N_0023,16,7,0
W_N_0023,16,8,0
W_N_0023,16,9,0
W_N_0023,16,10,0
W_N_0023,16,11,1
W_N_0023,16,12,0
W_N_0023,16,13,0
W_N_0023,16,14,1
W_N_0023,16,15,0
W_N_0023,16,16,0
W_N_0023,16,17,0
W_N_0023,16,18,0
W_N_0023,16,19,0
W_N_0023,16,20,0
W_N_0023,16,21,0
W_N_0023,16,22,0
W_N_0023,16,23,0
W_N_0023,16,24,0
W_N_0023,16,25,0
W_N_0023,17,1,0
W_N_0023,17,2,1
W_N_0023,17,3,1
W_N_0023,17,4,1
W_N_0023,17,5,0
W_N_0023,17,6,0
W_N_0023,17,7,0
W_N_0023,17,8,0
W_N_0023,17,9,0
W_N_0023,17,10,0
W_N_0023,17,11,0
W_N_0023,17,12,0
W_N_0023,17,13,0
W_N_0023,17,14,0
W_N_0023,17,15,0
W_N_0023,17,16,0
W_N_0023,17,17,0
W_N_0023,17,18,0
W_N_0023,17,19,0
W_N_0023,17,20,0
W_N_0023,17,21,0
W_N_0023,17,22,1
W_N_0023,17,23,0
W_N_0023,17,24,0
W_N_0023,17,25,1
W_N_0023,18,2,1
W_N_0023,18,3,0
W_N_0023,18,4,0
W_N_0023,18,5,0
W_N_0023,18,6,0
W_N_0023,18,7,0
W_N_0023,18,8,0
W_N_0023,18,9,0
W_N_0023,18,10,1
W_N_0023,18,11,1
W_N_0023,18,12,0
W_N_0023,18,13,0
W_N_0023,18,14,0
W_N_0023,18,15,0
W_N_0023,18,16,0
W_N_0023,18,17,0
W_N_0023,18,18,0
W_N_0023,18,19,0
W_N_0023,18,20,0
W_N_0023,18,21,0
W_N_0023,18,22,0
W_N_0023,18,23,1
W_N_0023,18,24,0
W_N_0023,19,2,1
W_N_0023,19,3,0
W_N_0023,19,4,0
W_N_0023,19,5,0
W_N_0023,19,6,0
W_N_0023,19,7,0
W_N_0023,19,8,0
W_N_0023,19,9,0
W_N_0023,19,10,0
W_N_0023,19,11,0
W_N_0023,19,12,0
W_N_0023,19,13,1
W_N_0023,19,14,0
W_N_0023,19,15,0
W_N_0023,19,16,0
W_N_0023,19,17,0
W_N_0023,19,18,0
W_N_0023,19,19,0
W_N_0023,19,20,0
W_N_0023,19,21,0
W_N_0023,19,22,1
W_N_0023,19,23,0
W_N_0023,20,3,0
W_N_0023,20,4,0
W_N_0023,20,5,0
W_N_0023,20,6,0
W_N_0023,20,7,0
W_N_0023,20,8,1
W_N_0023,20,9,1
W_N_0023,20,10,0
W_N_0023,20,11,0
W_N_0023,20,12,0
W_N_0023,20,13,0
W_N_0023,20,14,0
W_N_0023,20,15,0
W_N_0023,20,16,0
W_N_0023,20,17,0
W_N_0023,20,18,0
W_N_0023,20,19,0
W_N_0023,20,20,0
W_N_0023,20,21,0
W_N_0023,20,22,0
W_N_0023,20,23,0
W_N_0023,21,4,0
W_N_0023,21,5,0
W_N_0023,21,6,0
W_N_0023,21,7,0
W_N_0023,21,8,0
W_N_0023,21,9,0
W_N_0023,21,10,0
W_N_0023,21,11,0
W_N_0023,21,12,0
W_N_0023,21,13,0
W_N_0023,21,14,0
W_N_0023,21,15,0
W_N_0023,21,16,0
W_N_0023,21,17,0
W_N_0023,21,18,0
W_N_0023,21,19,0
W_N_0023,21,20,0
W_N_0023,21,21,1
W_N_0023,21,22,1
W_N_0023,22,6,0
W_N_0023,22,7,0
W_N_0023,22,8,0
W_N_0023,22,9,0
W_N_0023,22,10,0
W_N_0023,22,11,0
W_N_0023,22,12,0
W_N_0023,22,13,1
W_N_0023,22,14,0
W_N_0023,22,15,0
W_N_0023,22,16,0
W_N_0023,22,17,0
W_N_0023,22,18,1
W_N_0023,22,19,0
W_N_0023,22,20,1
W_N_0023,23,7,1
W_N_0023,23,8,1
W_N_0023,23,9,0
W_N_0023,23,10,1
W_N_0023,23,11,0
W_N_0023,23,12,0
W_N_0023,23,13,0
W_N_0023,23,14,0
W_N_0023,23,15,0
W_N_0023,23,16,1
W_N_0023,23,17,0
W_N_0023,23,18,1
W_N_0023,23,19,1
W_N_0023,24,10,0
W_N_0023,24,11,0
W_N_0023,24,12,1
W_N_0023,24,13,0
W_N_0023,24,14,0
W_N_0023,24,15,0
W_N_0023,24,16,0
W_N_0025,0,16,1
W_N_0025,0,17,1
W_N_0025,1,11,0
W_N_0025,1,12,1
W_N_0025,1,13,0
W_N_0025,1,14,0
W_N_0025,1,15,0
W_N_0025,1,16,1
W_N_0025,1,17,0
W_N_0025,1,18,0
W_N_0025,1,19,0
W_N_0025,1,20,0
W_N_0025,1,21,1
W_N_0025,1,22,1
W_N_0025,2,9,0
W_N_0025,2,10,0
W_N_0025,2,11,0
W_N_0025,2,12,0
W_N_0025,2,13,0
W_N_0025,2,14,0
W_N_0025,2,15,0
W_N_0025,2,16,0
W_N_0025,2,17,0
W_N_0025,2,18,0
W_N_0025,2,19,0
W_N_0025,2,20,0
W_N_0025,2,21,0
W_N_0025,2,22,0
W_N_0025,2,23,0
W_N_0025,2,24,1
W_N_0025,3,7,0
W_N_0025,3,8,0
W_N_0025,3,9,0
W_N_0025,3,10,0
W_N_0025,3,11,1
W_N_0025,3,12,0
W_N_0025,3,13,0
W_N_0025,3,14,0
W_N_0025,3,15,0
W_N_0025,3,16,0
W_N_0025,3,17,0
W_N_0025,3,18,0
W_N_0025,3,19,0
W_N_0025,3,20,0
W_N_0025,3,21,0
W_N_0025,3,22,0
W_N_0025,3,23,0
W_N_0025,3,24,0
W_N_0025,3,25,0
W_N_0025,3,26,0
W_N_0025,4,6,1
W_N_0025,4,7,0
W_N_0025,4,8,0
W_N_0025,4,9,0
W_N_0025,4,10,0
W_N_0025,4,11,0
W_N_0025,4,12,0
W_N_0025,4,13,0
W_N_0025,4,14,0
W_N_0025,4,15,0
W_N_0025,4,16,0
W_N_0025,4,17,0
W_N_0025,4,18,1
W_N_0025,4,19,1
W_N_0025,4,20,0
W_N_0025,4,21,0
W_N_0025,4,22,0
W_N_0025,4,23,0
W_N_0025,4,24,0
W_N_0025,4,25,0
W_N_0025,4,26,0
W_N_0025,4,27,1
W_N_0025,5,4,0
W_N_0025,5,5,1
W_N_0025,5,6,0
W_N_0025,5,7,0
W_N_0025,5,8,0
W_N_0025,5,9,0
W_N_0025,5,10,0
W_N_0025,5,11,0
W_N_0025,5,12,0
W_N_0025,5,13,1
W_N_0025,5,14,0
W_N_0025,5,15,0
W_N_0025,5,16,0
W_N_0025,5,17,0
W_N_0025,5,18,0
W_N_0025,5,19,0
W_N_0025,5,20,0
W_N_0025,5,21,1
W_N_0025,5,22,0
W_N_0025,5,23,0
W_N_0025,5,24,0
W_N_0025,5,25,0
W_N_0025,5,26,0
W_N_0025,5,27,0
W_N_0025,5,28,0
W_N_0025,6,3,0
W_N_0025,6,4,0
W_N_0025,6,5,0
W_N_0025,6,6,0
W_N_0025,6,7,0
W_N_0025,6,8,0
W_N_0025,6,9,1
W_N_0025,6,10,0
W_N_0025,6,11,0
W_N_0025,6,12,0
W_N_0025,6,13,0
W_N_0025,6,14,0
W_N_0025,6,15,0
W_N_0025,6,16,0
W_N_0025,6,17,0
W_N_0025,6,18,0
W_N_0025,6,19,0
W_N_0025,6,20,0
W_N_0025,6,21,1
W_N_0025,6,22,0
W_N_0025,6,23,0
W_N_0025,6,24,0
W_N_0025,6,25,0
W_N_0025,6,26,0
W_N_0025,6,27,0
W_N_0025,6,28,0
W_N_0025,6,29,0
W_N_0025,7,3,0
W_N_0025,7,4,0
W_N_0025,7,5,0
W_N_0025,7,6,0
W_N_0025,7,7,0
W_N_0025,7,8,0
W_N_0025,7,9,0
W_N_0025,7,10,0
W_N_0025,7,11,0
W_N_0025,7,12,0
W_N_0025,7,13,0
W_N_0025,7,14,0
W_N_0025,7,15,0
W_N_0025,7,16,0
W_N_0025,7,17,0
W_N_0025,7,18,0
W_N_0025,7,19,0
W_N_0025,7,20,0
W_N_0025,7,21,0
W_N_0025,7,22,0
W_N_0025,7,23,0
W_N_0025,7,24,1
W_N_0025,7,25,1
W_N_0025,7,26,0
W_N_0025,7,27,0
W_N_0025,7,28,0
W_N_0025,7,29,0
W_N_0025,7,30,0
W_N_0025,8,2,0
W_N_0025,8,3,0
W_N_0025,8,4,0
W_N_0025,8,5,0
W_N_0025,8,6,0
W_N_0025,8,7,0
W_N_0025,8,8,0
W_N_0025,8,9,0
W_N_0025,8,10,0
W_N_0025,8,11,0
W_N_0025,8,12,0
W_N_0025,8,13,0
W_N_0025,8,14,0
W_N_0025,8,15,0
W_N_0025,8,16,0
W_N_0025,8,17,0
W_N_0025,8,18,0
W_N_0025,8,19,0
W_N_0025,8,20,0
W_N_0025,8,21,0
W_N_0025,8,22,0
W_N_0025,8,23,0
W_N_0025,8,24,0
W_N_0025,8,25,0
W_N_0025,8,26,0
W_N_0025,8,27,0
W_N_0025,8,28,0
W_N_0025,8,29,0
W_N_0025,8,30,0
W_N_0025,8,31,1
W_N_0025,9,1,1
W_N_0025,9,2,0
W_N_0025,9,3,0
W_N_0025,9,4,0
W_N_0025,9,5,0
W_N_0025,9,6,0
W_N_0025,9,7,0
W_N_0025,9,8,1
W_N_0025,9,9,0
W_N_0025,9,10,0
W_N_0025,9,11,0
W_N_0025,9,12,0
W_N_0025,9,13,0
W_N_0025,9,14,0
W_N_0025,9,15,0
W_N_0025,9,16,0
W_N_0025,9,17,0
W_N_0025,9,18,1
W_N_0025,9,19,0
W_N_0025,9,20,0
W_N_0025,9,21,0
W_N_0025,9,22,0
W_N_0025,9,23,0
W_N_0025,9,24,0
W_N_0025,9,25,0
W_N_0025,9,26,0
W_N_0025,9,27,0
W_N_0025,9,28,0
W_N_0025,9,29,0
W_N_0025,9,30,1
W_N_0025,9,31,0
W_N_0025,10,1,0
W_N_0025,10,2,1
W_N_0025,10,3,0
W_N_0025,10,4,0
W_N_0025,10,5,0
W_N_0025,10,6,0
W_N_0025,10,7,1
W_N_0025,10,8,0
W_N_0025,10,9,0
W_N_0025,10,10,0
W_N_0025,10,11,0
W_N_0025,10,12,0
W_N_0025,10,13,0
W_N_0025,10,14,1
W_N_0025,10,15,0
W_N_0025,10,16,0
W_N_0025,10,17,0
W_N_0025,10,18,0
W_N_0025,10,19,0
W_N_0025,10,20,0
W_N_0025,10,21,0
W_N_0025,10,22,0
W_N_0025,10,23,0
W_N_0025,10,24,0
W_N_0025,10,25,0
W_N_0025,10,26,0
W_N_0025,10,27,0
W_N_0025,10,28,0
W_N_0025,10,29,0
W_N_0025,10,30,0
W_N_0025,10,31,0
W_N_0025,10,32,1
W_N_0025,11,1,0
W_N_0025,11,2,0
W_N_0025,11,3,0
W_N_0025,11,4,0
W_N_0025,11,5,0
W_N_0025,11,6,0
W_N_0025,11,7,0
W_N_0025,11,8,0
W_N_0025,11,9,0
W_N_0025,11,10,0
W_N_0025,11,11,0
W_N_0025,11,12,0
W_N_0025,11,13,0
W_N_0025,11,14,0
W_N_0025,11,15,0
W_N_0025,11,16,0
W_N_0025,11,17,0
W_N_0025,11,18,0
W_N_0025,11,19,0
W_N_0025,11,20,0
W_N_0025,11,21,1
W_N_0025,11,22,0
W_N_0025,11,23,0
W_N_0025,11,24,0
W_N_0025,11,25,0
W_N_0025,11,26,0
W_N_0025,11,27,0
W_N_0025,11,28,0
W_N_0025,11,29,0
W_N_0025,11,30,0
W_N_0025,11,31,0
W_N_0025,11,32,0
W_N_0025,12,0,0
W_N_0025,12,1,0
W_N_0025,12,2,0
W_N_0025,12,3,0
W_N_0025,12,4,0
W_N_0025,12,5,0
W_N_0025,12,6,1
W_N_0025,12,7,0
W_N_0025,12,8,0
W_N_0025,12,9,0
W_N_0025,12,10,0
W_N_0025,12,11,0
W_N_0025,12,12,0
W_N_0025,12,13,0
W_N_0025,12,14,0
W_N_0025,12,15,0
W_N_0025,12,16,0
W_N_0025,12,17,0
W_N_0025,12,18,0
W_N_0025,12,19,0
W_N_0025,12,20,0
W_N_0025,12,21,0
W_N_0025,12,22,0
W_N_0025,12,23,0
W_N_0025,12,24,0
W_N_0025,12,25,0
W_N_0025,12,26,0
W_N_0025,12,27,0
W_N_0025,12,28,0
W_N_0025,12,29,0
W_N_0025,12,30,0
W_N_0025,12,31,0
W_N_0025,12,32,0
W_N_0025,13,0,1
W_N_0025,13,1,0
W_N_0025,13,2,0
W_N_0025,13,3,0
W_N_0025,13,4,0
W_N_0025,13,5,0
W_N_0025,13,6,0
W_N_0025,13,7,0
W_N_0025,13,8,0
W_N_0025,13,9,0
W_N_0025,13,10,0
W_N_0025,13,11,0
W_N_0025,13,12,0
W_N_0025,13,13,0
W_N_0025,13,14,0
W_N_0025,13,15,0
W_N_0025,13,16,0
W_N_0025,13,17,0
W_N_0025,13,18,0
W_N_0025,13,19,0
W_N_0025,13,20,0
W_N_0025,13,21,0
W_N_0025,13,22,0
W_N_0025,13,23,0
W_N_0025,13,24,0
W_N_0025,13,25,0
W_N_0025,13,26,0
W_N_0025,13,27,0
W_N_0025,13,28,0
W_N_0025,13,29,0
W_N_0025,13,30,0
W_N_0025,13,31,0
W_N_0025,13,32,1
W_N_0025,13,33,0
W_N_0025,14,0,0
W_N_0025,14,1,0
W_N_0025,14,2,0
W_N_0025,14,3,0
W_N_0025,14,4,0
W_N_0025,14,5,0
W_N_0025,14,6,1
W_N_0025,14,7,0
W_N_0025,14,8,0
W_N_0025,14,9,0
W_N_0025,14,10,0
W_N_0025,14,11,0
W_N_0025,14,12,0
W_N_0025,14,13,0
W_N_0025,14,14,0
W_N_0025,14,15,0
W_N_0025,14,16,0
W_N_0025,14,17,0
W_N_0025,14,18,0
W_N_0025,14,19,0
W_N_0025,14,20,0
W_N_0025,14,21,0
W_N_0025,14,22,0
W_N_0025,14,23,0
W_N_0025,14,24,0
W_N_0025,14,25,0
W_N_0025,14,26,0
W_N_0025,14,27,0
W_N_0025,14,28,0
W_N_0025,14,29,0
W_N_0025,14,30,0
W_N_0025,14,31,0
W_N_0025,14,32,0
W_N_0025,14,33,0
W_N_0025,15,0,0
W_N_0025,15,1,0
W_N_0025,15,2,0
W_N_0025,15,3,0
W_N_0025,15,4,1
W_N_0025,15,5,0
W_N_0025,15,6,0
W_N_0025,15,7,0
W_N_0025,15,8,0
W_N_0025,15,9,0
W_N_0025,15,10,0
W_N_0025,15,11,0
W_N_0025,15,12,0
W_N_0025,15,13,0
W_N_0025,15,14,0
W_N_0025,15,15,0
W_N_0025,15,16,1
W_N_0025,15,17,0
W_N_0025,15,18,0
W_N_0025,15,19,0
W_N_0025,15,20,0
W_N_0025,15,21,0
W_N_0025,15,22,0
W_N_0025,15,23,0
W_N_0025,15,24,0
W_N_0025,15,25,0
W_N_0025,15,26,0
W_N_0025,15,27,0
W_N_0025,15,28,0
W_N_0025,15,29,0
W_N_0025,15,30,0
W_N_0025,15,31,0
W_N_0025,15,32,0
W_N_0025,15,33,1
W_N_0025,16,0,0
W_N_0025,16,1,0
W_N_0025,16,2,0
W_N_0025,16,3,0
W_N_0025,16,4,0
W_N_0025,16,5,0
W_N_0025,16,6,0
W_N_0025,16,7,0
W_N_0025,16,8,0
W_N_0025,16,9,0
W_N_0025,16,10,0
W_N_0025,16,11,0
W_N_0025,16,12,0
W_N_0025,16,13,0
W_N_0025,16,14,0
W_N_0025,16,15,0
W_N_0025,16,16,0
W_N_0025,16,17,0
W_N_0025,16,18,1
W_N_0025,16,19,0
W_N_0025,16,20,0
W_N_0025,16,21,0
W_N_0025,16,22,0
W_N_0025,16,23,0
W_N_0025,16,24,0
W_N_0025,16,25,0
W_N_0025,16,26,0
W_N_0025,16,27,0
W_N_0025,16,28,0
W_N_0025,16,29,0
W_N_0025,16,30,0
W_N_0025,16,31,0
W_N_0025,16,32,0
W_N_0025,16,33,1
W_N_0025,17,0,0
W_N_0025,17,1,0
W_N_0025,17,2,0
W_N_0025,17,3,0
W_N_0025,17,4,0
W_N_0025,17,5,0
W_N_0025,17,6,0
W_N_0025,17,7,0
W_N_0025,17,8,0
W_N_0025,17,9,0
W_N_0025,17,10,0
W_N_0025,17,11,0
W_N_0025,17,12,0
W_N_0025,17,13,0
W_N_0025,17,14,0
W_N_0025,17,15,0
W_N_0025,17,16,0
W_N_0025,17,17,0
W_N_0025,17,18,1
W_N_0025,17,19,0
W_N_0025,17,20,0
W_N_0025,17,21,0
W_N_0025,17,22,0
W_N_0025,17,23,0
W_N_0025,17,24,0
W_N_0025,17,25,0
W_N_0025,17,26,0
W_N_0025,17,27,0
W_N_0025,17,28,0
W_N_0025,17,29,0
W_N_0025,17,30,0
W_N_0025,17,31,1
W_N_0025,17,32,1
W_N_0025,17,33,1
W_N_0025,18,0,1
W_N_0025,18,1,0
W_N_0025,18,2,0
W_N_0025,18,3,0
W_N_0025,18,4,0
W_N_0025,18,5,0
W_N_0025,18,6,0
W_N_0025,18,7,0
W_N_0025,18,8,1
W_N_0025,18,9,0
W_N_0025,18,10,0
W_N_0025,18,11,0
W_N_0025,18,12,0
W_N_0025,18,13,0
W_N_0025,18,14,0
W_N_0025,18,15,0
W_N_0025,18,16,0
W_N_0025,18,17,0
W_N_0025,18,18,1
W_N_0025,18,19,0
W_N_0025,18,20,0
W_N_0025,18,21,0
W_N_0025,18,22,0
W_N_0025,18,23,0
W_N_0025,18,24,0
W_N_0025,18,25,0
W_N_0025,18,26,0
W_N_0025,18,27,0
W_N_0025,18,28,0
W_N_0025,18,29,0
W_N_0025,18,30,1
W_N_0025,18,31,0
W_N_0025,18,32,0
W_N_0025,19,1,0
W_N_0025,19,2,0
W_N_0025,19,3,0
W_N_0025,19,4,0
W_N_0025,19,5,0
W_N_0025,19,6,0
W_N_0025,19,7,0
W_N_0025,19,8,0
W_N_0025,19,9,0
W_N_0025,19,10,0
W_N_0025,19,11,0
W_N_0025,19,12,0
W_N_0025,19,13,0
W_N_0025,19,14,1
W_N_0025,19,15,0
W_N_0025,19,16,0
W_N_0025,19,17,0
W_N_0025,19,18,0
W_N_0025,19,19,0
W_N_0025,19,20,0
W_N_0025,19,21,0
W_N_0025,19,22,0
W_N_0025,19,23,0
W_N_0025,19,24,0
W_N_0025,19,25,0
W_N_0025,19,26,0
W_N_0025,19,27,1
W_N_0025,19,28,0
W_N_0025,19,29,0
W_N_0025,19,30,0
W_N_0025,19,31,0
W_N_0025,19,32,0
W_N_0025,20,1,0
W_N_0025,20,2,0
W_N_0025,20,3,0
W_N_0025,20,4,0
W_N_0025,20,5,0
W_N_0025,20,6,0
W_N_0025,20,7,0
W_N_0025,20,8,0
W_N_0025,20,9,0
W_N_0025,20,10,0
W_N_0025,20,11,0
W_N_0025,20,12,0
W_N_0025,20,13,1
W_N_0025,20,14,0
W_N_0025,20,15,0
W_N_0025,20,16,0
W_N_0025,20,17,1
W_N_0025,20,18,0
W_N_0025,20,19,0
W_N_0025,20,20,0
W_N_0025,20,21,0
W_N_0025,20,22,0
W_N_0025,20,23,0
W_N_0025,20,24,0
W_N_0025,20,25,0
W_N_0025,20,26,0
W_N_0025,20,27,0
W_N_0025,20,28,0
W_N_0025,20,29,0
W_N_0025,20,30,0
W_N_0025,20,31,0
W_N_0025,20,32,0
W_N_0025,21,2,1
W_N_0025,21,3,1
W_N_0025,21,4,0
W_N_0025,21,5,0
W_N_0025,21,6,1
W_N_0025,21,7,0
W_N_0025,21,8,0
W_N_0025,21,9,1
W_N_0025,21,10,0
W_N_0025,21,11,0
W_N_0025,21,12,0
W_N_0025,21,13,0
W_N_0025,21,14,0
W_N_0025,21,15,0
W_N_0025,21,16,0
W_N_0025,21,17,0
W_N_0025,21,18,0
W_N_0025,21,19,0
W_N_0025,21,20,0
W_N_0025,21,21,0
W_N_0025,21,22,0
W_N_0025,21,23,0
W_N_0025,21,24,0
W_N_0025,21,25,0
W_N_0025,21,26,0
W_N_0025,21,27,0
W_N_0025,21,28,0
W_N_0025,21,29,0
W_N_0025,21,30,0
W_N_0025,21,31,1
W_N_0025,22,2,1
W_N_0025,22,3,0
W_N_0025,22,4,0
W_N_0025,22,5,0
W_N_0025,22,6,0
W_N_0025,22,7,1
W_N_0025,22,8,0
W_N_0025,22,9,0
W_N_0025,22,10,0
W_N_0025,22,11,0
W_N_0025,22,12,0
W_N_0025,22,13,0
W_N_0025,22,14,0
W_N_0025,22,15,0
W_N_0025,22,16,0
W_N_0025,22,17,0
W_N_0025,22,18,0
W_N_0025,22,19,0
W_N_0025,22,20,0
W_N_0025,22,21,0
W_N_0025,22,22,0
W_N_0025,22,23,0
W_N_0025,22,24,0
W_N_0025,22,25,0
W_N_0025,22,26,1
W_N_0025,22,27,0
W_N_0025,22,28,0
W_N_0025,22,29,0
W_N_0025,22,30,0
W_N_0025,23,3,0
W_N_0025,23,4,0
W_N_0025,23,5,0
W_N_0025,23,6,0
W_N_0025,23,7,0
W_N_0025,23,8,0
W_N_0025,23,9,0
W_N_0025,23,10,0
W_N_0025,23,11,0
W_N_0025,23,12,0
W_N_0025,23,13,1
W_N_0025,23,14,0
W_N_0025,23,15,0
W_N_0025,23,16,0
W_N_0025,23,17,0
W_N_0025,23,18,1
W_N_0025,23,19,0
W_N_0025,23,20,0
W_N_0025,23,21,0
W_N_0025,23,22,0
W_N_0025,23,23,0
W_N_0025,23,24,0
W_N_0025,23,25,0
W_N_0025,23,26,0
W_N_0025,23,27,0
W_N_0025,23,28,0
W_N_0025,23,29,0
W_N_0025,23,30,0
W_N_0025,24,4,0
W_N_0025,24,5,0
W_N_0025,24,6,0
W_N_0025,24,7,1
W_N_0025,24,8,0
W_N_0025,24,9,0
W_N_0025,24,10,0
W_N_0025,24,11,1
W_N_0025,24,12,0
W_N_0025,24,13,0
W_N_0025,24,14,0
W_N_0025,24,15,0
W_N_0025,24,16,0
W_N_0025,24,17,0
W_N_0025,24,18,0
W_N_0025,24,19,0
W_N_0025,24,20,0
W_N_0025,24,21,0
W_N_0025,24,22,0
W_N_0025,24,23,0
W_N_0025,24,24,0
W_N_0025,24,25,0
W_N_0025,24,26,0
W_N_0025,24,27,0
W_N_0025,24,28,0
W_N_0025,24,29,1
W_N_0025,25,5,0
W_N_0025,25,6,0
W_N_0025,25,7,0
W_N_0025,25,8,0
W_N_0025,25,9,0
W_N_0025,25,10,0
W_N_0025,25,11,0
W_N_0025,25,12,0
W_N_0025,25,13,0
W_N_0025,25,14,1
W_N_0025,25,15,0
W_N_0025,25,16,0
W_N_0025,25,17,0
W_N_0025,25,18,0
W_N_0025,25,19,0
W_N_0025,25,20,0
W_N_0025,25,21,0
W_N_0025,25,22,0
W_N_0025,25,23,0
W_N_0025,25,24,0
W_N_0025,25,25,0
W_N_0025,25,26,0
W_N_0025,25,27,1
W_N_0025,25,28,0
W_N_0025,26,6,1
W_N_0025,26,7,0
W_N_0025,26,8,0
W_N_0025,26,9,0
W_N_0025,26,10,0
W_N_0025,26,11,0
W_N_0025,26,12,0
W_N_0025,26,13,0
W_N_0025,26,14,1
W_N_0025,26,15,0
W_N_0025,26,16,0
W_N_0025,26,17,1
W_N_0025,26,18,0
W_N_0025,26,19,0
W_N_0025,26,20,0
W_N_0025,26,21,0
W_N_0025,26,22,0
W_N_0025,26,23,0
W_N_0025,26,24,0
W_N_0025,26,25,0
W_N_0025,26,26,0
W_N_0025,26,27,1
W_N_0025,27,8,1
W_N_0025,27,9,1
W_N_0025,27,10,0
W_N_0025,27,11,0
W_N_0025,27,12,0
W_N_0025,27,13,0
W_N_0025,27,14,0
W_N_0025,27,15,0
W_N_0025,27,16,0
W_N_0025,27,17,0
W_N_0025,27,18,0
W_N_0025,27,19,0
W_N_0025,27,20,0
W_N_0025,27,21,0
W_N_0025,27,22,0
W_N_0025,27,23,0
W_N_0025,27,24,0
W_N_0025,27,25,0
W_N_0025,28,10,1
W_N_0025,28,11,0
W_N_0025,28,12,1
W_N_0025,28,13,0
W_N_0025,28,14,1
W_N_0025,28,15,0
W_N_0025,28,16,0
W_N_0025,28,17,1
W_N_0025,28,18,0
W_N_0025,28,19,0
W_N_0025,28,20,0
W_N_0025,28,21,0
W_N_0025,28,22,0
W_N_0025,28,23,0
W_N_0025,29,13,0
W_N_0025,29,14,0
W_N_0025,29,15,0
W_N_0025,29,16,0
W_N_0025,29,17,0
W_N_0025,29,18,0
W_N_0025,29,19,0
W_N_0025,29,20,0
W_F_0003,0,12,1
W_F_0003,0,13,0
W_F_0003,0,14,1
W_F_0003,0,15,0
W_F_0003,0,16,0
W_F_0003,0,17,1
W_F_0003,1,9,1
W_F_0003,1,10,0
W_F_0003,1,11,0
W_F_0003,1,12,0
W_F_0003,1,13,1
W_F_0003,1,14,0
W_F_0003,1,15,0
W_F_0003,1,16,0
W_F_0003,1,17,1
W_F_0003,1,18,1
W_F_0003,1,19,1
W_F_0003,2,7,1
W_F_0003,2,8,1
W_F_0003,2,9,0
W_F_0003,2,10,1
W_F_0003,2,11,0
W_F_0003,2,12,0
W_F_0003,2,13,1
W_F_0003,2,14,0
W_F_0003,2,15,1
W_F_0003,2,16,0
W_F_0003,2,17,0
W_F_0003,2,18,0
W_F_0003,2,19,0
W_F_0003,2,20,0
W_F_0003,2,21,1
W_F_0003,3,6,0
W_F_0003,3,7,0
W_F_0003,3,8,0
W_F_0003,3,9,0
W_F_0003,3,10,1
W_F_0003,3,11,0
W_F_0003,3,12,1
W_F_0003,3,13,0
W_F_0003,3,14,0
W_F_0003,3,15,0
W_F_0003,3,16,0
W_F_0003,3,17,0
W_F_0003,3,18,0
W_F_0003,3,19,0
W_F_0003,3,20,1
W_F_0003,3,21,0
W_F_0003,3,22,0
W_F_0003,4,5,0
W_F_0003,4,6,0
W_F_0003,4,7,0
W_F_0003,4,8,0
W_F_0003,4,9,0
W_F_0003,4,10,0
W_F_0003,4,11,0
W_F_0003,4,12,0
W_F_0003,4,13,0
W_F_0003,4,14,0
W_F_0003,4,15,0
W_F_0003,4,16,0
W_F_0003,4,17,1
W_F_0003,4,18,1
W_F_0003,4,19,0
W_F_0003,4,20,0
W_F_0003,4,21,0
W_F_0003,4,22,0
W_F_0003,4,23,1
W_F_0003,5,4,0
W_F_0003,5,5,0
W_F_0003,5,6,0
W_F_0003,5,7,0
W_F_0003,5,8,0
W_F_0003,5,9,0
W_F_0003,5,10,1
W_F_0003,5,11,0
W_F_0003,5,12,0
W_F_0003,5,13,0
W_F_0003,5,14,0
W_F_0003,5,15,0
W_F_0003,5,16,0
W_F_0003,5,17,0
W_F_0003,5,18,0
W_F_0003,5,19,0
W_F_0003,5,20,0
W_F_0003,5,21,0
W_F_0003,5,22,0
W_F_0003,5,23,0
W_F_0003,5,24,1
W_F_0003,6,3,0
W_F_0003,6,4,0
W_F_0003,6,5,0
W_F_0003,6,6,0
W_F_0003,6,7,0
W_F_0003,6,8,0
W_F_0003,6,9,0
W_F_0003,6,10,0
W_F_0003,6,11,0
W_F_0003,6,12,1
W_F_0003,6,13,0
W_F_0003,6,14,0
W_F_0003,6,15,0
W_F_0003,6,16,0
W_F_0003,6,17,0
W_F_0003,6,18,0
W_F_0003,6,19,0
W_F_0003,6,20,0
W_F_0003,6,21,1
W_F_0003,6,22,0
W_F_0003,6,23,0
W_F_0003,6,24,1
W_F_0003,6,25,0
W_F_0003,7,3,1
W_F_0003,7,4,1
W_F_0003,7,5,0
W_F_0003,7,6,0
W_F_0003,7,7,0
W_F_0003,7,8,0
W_F_0003,7,9,0
W_F_0003,7,10,0
W_F_0003,7,11,0
W_F_0003,7,12,0
W_F_0003,7,13,0
W_F_0003,7,14,0
W_F_0003,7,15,0
W_F_0003,7,16,0
W_F_0003,7,17,0
W_F_0003,7,18,0
W_F_0003,7,19,1
W_F_0003,7,20,0
W_F_0003,7,21,0
W_F_0003,7,22,1
W_F_0003,7,23,0
W_F_0003,7,24,1
W_F_0003,7,25,1
W_F_0003,7,26,1
W_F_0003,8,2,1
W_F_0003,8,3,0
W_F_0003,8,4,1
W_F_0003,8,5,0
W_F_0003,8,6,0
W_F_0003,8,7,0
W_F_0003,8,8,0
W_F_0003,8,9,0
W_F_0003,8,10,0
W_F_0003,8,11,0
W_F_0003,8,12,0
W_F_0003,8,13,0
W_F_0003,8,14,0
W_F_0003,8,15,1
W_F_0003,8,16,0
W_F_0003,8,17,1
W_F_0003,8,18,0
W_F_0003,8,19,0
W_F_0003,8,20,0
W_F_0003,8,21,0
W_F_0003,8,22,0
W_F_0003,8,23,1
W_F_0003,8,24,0
W_F_0003,8,25,0
W_F_0003,8,26,0
W_F_0003,9,2,0
W_F_0003,9,3,0
W_F_0003,9,4,0
W_F_0003,9,5,0
W_F_0003,9,6,0
W_F_0003,9,7,0
W_F_0003,9,8,0
W_F_0003,9,9,0
W_F_0003,9,10,0
W_F_0003,9,11,0
W_F_0003,9,12,1
W_F_0003,9,13,0
W_F_0003,9,14,0
W_F_0003,9,15,0
W_F_0003,9,16,0
W_F_0003,9,17,0
W_F_0003,9,18,0
W_F_0003,9,19,0
W_F_0003,9,20,0
W_F_0003,9,21,0
W_F_0003,9,22,0
W_F_0003,9,23,0
W_F_0003,9,24,1
W_F_0003,9,25,0
W_F_0003,9,26,0
W_F_0003,9,27,0
W_F_0003,10,1,0
W_F_0003,10,2,1
W_F_0003,10,3,0
W_F_0003,10,4,1
W_F_0003,10,5,0
W_F_0003,10,6,0
W_F_0003,10,7,0
W_F_0003,10,8,0
W_F_0003,10,9,1
W_F_0003,10,10,0
W_F_0003,10,11,0
W_F_0003,10,12,0
W_F_0003,10,13,0
W_F_0003,10,14,0
W_F_0003,10,15,0
W_F_0003,10,16,0
W_F_0003,10,17,0
W_F_0003,10,18,0
W_F_0003,10,19,0
W_F_0003,10,20,0
W_F_0003,10,21,0
W_F_0003,10,22,0
W_F_0003,10,23,0
W_F_0003,10,24,0
W_F_0003,10,25,1
W_F_0003,10,26,0
W_F_0003,10,27,0
W_F_0003,11,1,0
W_F_0003,11,2,0
W_F_0003,11,3,0
W_F_0003,11,4,1
W_F_0003,11,5,0
W_F_0003,11,6,1
W_F_0003,11,7,0
W_F_0003,11,8,0
W_F_0003,11,9,0
W_F_0003,11,10,0
W_F_0003,11,11,0
W_F_0003,11,12,0
W_F_0003,11,13,0
W_F_0003,11,14,1
W_F_0003,11,15,0
W_F_0003,11,16,0
W_F_0003,11,17,0
W_F_0003,11,18,1
W_F_0003,11,19,0
W_F_0003,11,20,0
W_F_0003,11,21,0
W_F_0003,11,22,1
W_F_0003,11,23,0
W_F_0003,11,24,1
W_F_0003,11,25,0
W_F_0003,11,26,0
W_F_0003,11,27,1
W_F_0003,12,1,0
W_F_0003,12,2,0
W_F_0003,12,3,0
W_F_0003,12,4,1
W_F_0003,12,5,1
W_F_0003,12,6,1
W_F_0003,12,7,0
W_F_0003,12,8,0
W_F_0003,12,9,0
W_F_0003,12,10,0
W_F_0003,12,11,1
W_F_0003,12,12,0
W_F_0003,12,13,0
W_F_0003,12,14,0
W_F_0003,12,15,0
W_F_0003,12,16,0
W_F_0003,12,17,0
W_F_0003,12,18,0
W_F_0003,12,19,1
W_F_0003,12,20,1
W_F_0003,12,21,1
W_F_0003,12,22,0
W_F_0003,12,23,0
W_F_0003,12,24,0
W_F_0003,12,25,0
W_F_0003,12,26,0
W_F_0003,12,27,1
W_F_0003,12,28,1
W_F_0003,13,1,0
W_F_0003,13,2,0
W_F_0003,13,3,0
W_F_0003,13,4,0
W_F_0003,13,5,0
W_F_0003,13,6,0
W_F_0003,13,7,0
W_F_0003,13,8,0
W_F_0003,13,9,0
W_F_0003,13,10,0
W_F_0003,13,11,0
W_F_0003,13,12,0
W_F_0003,13,13,0
W_F_0003,13,14,0
W_F_0003,13,15,0
W_F_0003,13,16,0
W_F_0003,13,17,0
W_F_0003,13,18,0
W_F_0003,13,19,0
W_F_0003,13,20,0
W_F_0003,13,21,0
W_F_0003,13,22,1
W_F_0003,13,23,0
W_F_0003,13,24,0
W_F_0003,13,25,0
W_F_0003,13,26,0
W_F_0003,13,27,0
W_F_0003,13,28,1
W_F_0003,14,1,0
W_F_0003,14,2,0
W_F_0003,14,3,0
W_F_0003,14,4,0
W_F_0003,14,5,0
W_F_0003,14,6,0
W_F_0003,14,7,0
W_F_0003,14,8,0
W_F_0003,14,9,0
W_F_0003,14,10,1
W_F_0003,14,11,0
W_F_0003,14,12,0
W_F_0003,14,13,0
W_F_0003,14,14,0
W_F_0003,14,15,0
W_F_0003,14,16,0
W_F_0003,14,17,0
W_F_0003,14,18,0
W_F_0003,14,19,0
W_F_0003,14,20,0
W_F_0003,14,21,0
W_F_0003,14,22,0
W_F_0003,14,23,0
W_F_0003,14,24,0
W_F_0003,14,25,1
W_F_0003,14,26,0
W_F_0003,14,27,0
W_F_0003,14,28,0
W_F_0003,15,0,0
W_F_0003,15,1,0
W_F_0003,15,2,1
W_F_0003,15,3,0
W_F_0003,15,4,0
W_F_0003,15,5,0
W_F_0003,15,6,1
W_F_0003,15,7,0
W_F_0003,15,8,0
W_F_0003,15,9,0
W_F_0003,15,10,0
W_F_0003,15,11,0
W_F_0003,15,12,0
W_F_0003,15,13,0
W_F_0003,15,14,0
W_F_0003,15,15,0
W_F_0003,15,16,0
W_F_0003,15,17,0
W_F_0003,15,18,0
W_F_0003,15,19,1
W_F_0003,15,20,0
W_F_0003,15,21,0
W_F_0003,15,22,0
W_F_0003,15,23,0
W_F_0003,15,24,0
W_F_0003,15,25,0
W_F_0003,15,26,0
W_F_0003,15,27,0
W_F_0003,15,28,1
W_F_0003,16,0,0
W_F_0003,16,1,1
W_F_0003,16,2,0
W_F_0003,16,3,0
W_F_0003,16,4,0
W_F_0003,16,5,0
W_F_0003,16,6,0
W_F_0003,16,7,0
W_F_0003,16,8,0
W_F_0003,16,9,0
W_F_0003,16,10,0
W_F_0003,16,11,0
W_F_0003,16,12,0
W_F_0003,16,13,0
W_F_0003,16,14,1
W_F_0003,16,15,1
W_F_0003,16,16,0
W_F_0003,16,17,0
W_F_0003,16,18,1
W_F_0003,16,19,0
W_F_0003,16,20,0
W_F_0003,16,21,0
W_F_0003,16,22,0
W_F_0003,16,23,0
W_F_0003,16,24,0
W_F_0003,16,25,0
W_F_0003,16,26,0
W_F_0003,16,27,1
W_F_0003,16,28,1
W_F_0003,17,1,0
W_F_0003,17,2,0
W_F_0003,17,3,0
W_F_0003,17,4,0
W_F_0003,17,5,0
W_F_0003,17,6,1
W_F_0003,17,7,0
W_F_0003,17,8,0
W_F_0003,17,9,0
W_F_0003,17,10,0
W_F_0003,17,11,1
W_F_0003,17,12,0
W_F_0003,17,13,0
W_F_0003,17,14,0
W_F_0003,17,15,0
W_F_0003,17,16,0
W_F_0003,17,17,0
W_F_0003,17,18,0
W_F_0003,17,19,0
W_F_0003,17,20,0
W_F_0003,17,21,0
W_F_0003,17,22,0
W_F_0003,17,23,1
W_F_0003,17,24,0
W_F_0003,17,25,0
W_F_0003,17,26,0
W_F_0003,17,27,0
W_F_0003,17,28,0
W_F_0003,18,1,0
W_F_0003,18,2,1
W_F_0003,18,3,1
W_F_0003,18,4,1
W_F_0003,18,5,0
W_F_0003,18,6,0
W_F_0003,18,7,0
W_F_0003,18,8,0
W_F_0003,18,9,0
W_F_0003,18,10,0
W_F_0003,18,11,0
W_F_0003,18,12,0
W_F_0003,18,13,1
W_F_0003,18,14,0
W_F_0003,18,15,0
W_F_0003,18,16,0
W_F_0003,18,17,0
W_F_0003,18,18,0
W_F_0003,18,19,0
W_F_0003,18,20,0
W_F_0003,18,21,0
W_F_0003,18,22,0
W_F_0003,18,23,0
W_F_0003,18,24,0
W_F_0003,18,25,0
W_F_0003,18,26,0
W_F_0003,18,27,0
W_F_0003,18,28,0
W_F_0003,19,1,1
W_F_0003,19,2,0
W_F_0003,19,3,0
W_F_0003,19,4,0
W_F_0003,19,5,0
W_F_0003,19,6,0
W_F_0003,19,7,0
W_F_0003,19,8,0
W_F_0003,19,9,0
W_F_0003,19,10,0
W_F_0003,19,11,0
W_F_0003,19,12,0
W_F_0003,19,13,0
W_F_0003,19,14,0
W_F_0003,19,15,1
W_F_0003,19,16,0
W_F_0003,19,17,0
W_F_0003,19,18,0
W_F_0003,19,19,0
W_F_0003,19,20,0
W_F_0003,19,21,1
W_F_0003,19,22,1
W_F_0003,19,23,1
W_F_0003,19,24,0
W_F_0003,19,25,1
W_F_0003,19,26,0
W_F_0003,19,27,0
W_F_0003,19,28,0
W_F_0003,20,1,1
W_F_0003,20,2,0
W_F_0003,20,3,0
W_F_0003,20,4,0
W_F_0003,20,5,0
W_F_0003,20,6,1
W_F_0003,20,7,0
W_F_0003,20,8,0
W_F_0003,20,9,0
W_F_0003,20,10,0
W_F_0003,20,11,0
W_F_0003,20,12,0
W_F_0003,20,13,0
W_F_0003,20,14,0
W_F_0003,20,15,0
W_F_0003,20,16,0
W_F_0003,20,17,0
W_F_0003,20,18,0
W_F_0003,20,19,0
W_F_0003,20,20,0
W_F_0003,20,21,0
W_F_0003,20,22,0
W_F_0003,20,23,0
W_F_0003,20,24,0
W_F_0003,20,25,0
W_F_0003,20,26,0
W_F_0003,20,27,0
W_F_0003,21,1,1
W_F_0003,21,2,0
W_F_0003,21,3,0
W_F_0003,21,4,0
W_F_0003,21,5,1
W_F_0003,21,6,0
W_F_0003,21,7,1
W_F_0003,21,8,0
W_F_0003,21,9,0
W_F_0003,21,10,0
W_F_0003,21,11,0
W_F_0003,21,12,0
W_F_0003,21,13,0
W_F_0003,21,14,0
W_F_0003,21,15,1
W_F_0003,21,16,0
W_F_0003,21,17,0
W_F_0003,21,18,0
W_F_0003,21,19,0
W_F_0003,21,20,1
W_F_0003,21,21,0
W_F_0003,21,22,0
W_F_0003,21,23,0
W_F_0003,21,24,0
W_F_0003,21,25,1
W_F_0003,21,26,0
W_F_0003,21,27,0
W_F_0003,22,2,1
W_F_0003,22,3,0
W_F_0003,22,4,0
W_F_0003,22,5,0
W_F_0003,22,6,1
W_F_0003,22,7,0
W_F_0003,22,8,0
W_F_0003,22,9,0
W_F_0003,22,10,0
W_F_0003,22,11,0
W_F_0003,22,12,0
W_F_0003,22,13,0
W_F_0003,22,14,0
W_F_0003,22,15,0
W_F_0003,22,16,0
W_F_0003,22,17,1
W_F_0003,22,18,0
W_F_0003,22,19,0
W_F_0003,22,20,0
W_F_0003,22,21,0
W_F_0003,22,22,0
W_F_0003,22,23,0
W_F_0003,22,24,0
W_F_0003,22,25,0
W_F_0003,22,26,1
W_F_0003,22,27,0
W_F_0003,23,2,0
W_F_0003,23,3,0
W_F_0003,23,4,0
W_F_0003,23,5,0
W_F_0003,23,6,0
W_F_0003,23,7,0
W_F_0003,23,8,1
W_F_0003,23,9,0
W_F_0003,23,10,0
W_F_0003,23,11,0
W_F_0003,23,12,0
W_F_0003,23,13,0
W_F_0003,23,14,0
W_F_0003,23,15,0
W_F_0003,23,16,1
W_F_0003,23,17,0
W_F_0003,23,18,0
W_F_0003,23,19,1
W_F_0003,23,20,0
W_F_0003,23,21,0
W_F_0003,23,22,0
W_F_0003,23,23,1
W_F_0003,23,24,0
W_F_0003,23,25,0
W_F_0003,23,26,0
W_F_0003,24,3,1
W_F_0003,24,4,1
W_F_0003,24,5,0
W_F_0003,24,6,0
W_F_0003,24,7,0
W_F_0003,24,8,0
W_F_0003,24,9,1
W_F_0003,24,10,0
W_F_0003,24,11,0
W_F_0003,24,12,0
W_F_0003,24,13,0
W_F_0003,24,14,0
W_F_0003,24,15,0
W_F_0003,24,16,0
W_F_0003,24,17,0
W_F_0003,24,18,0
W_F_0003,24,19,0
W_F_0003,24,20,0
W_F_0003,24,21,1
W_F_0003,24,22,0
W_F_0003,24,23,0
W_F_0003,24,24,0
W_F_0003,24,25,0
W_F_0003,24,26,0
W_F_0003,25,3,1
W_F_0003,25,4,0
W_F_0003,25,5,0
W_F_0003,25,6,0
W_F_0003,25,7,0
W_F_0003,25,8,0
W_F_0003,25,9,0
W_F_0003,25,10,0
W_F_0003,25,11,0
W_F_0003,25,12,0
W_F_0003,25,13,0
W_F_0003,25,14,0
W_F_0003,25,15,0
W_F_0003,25,16,0
W_F_0003,25,17,0
W_F_0003,25,18,0
W_F_0003,25,19,0
W_F_0003,25,20,1
W_F_0003,25,21,0
W_F_0003,25,22,0
W_F_0003,25,23,0
W_F_0003,25,24,0
W_F_0003,25,25,0
W_F_0003,26,4,1
W_F_0003,26,5,0
W_F_0003,26,6,1
W_F_0003,26,7,0
W_F_0003,26,8,0
W_F_0003,26,9,0
W_F_0003,26,10,0
W_F_0003,26,11,0
W_F_0003,26,12,0
W_F_0003,26,13,0
W_F_0003,26,14,0
W_F_0003,26,15,0
W_F_0003,26,16,0
W_F_0003,26,17,0
W_F_0003,26,18,1
W_F_0003,26,19,0
W_F_0003,26,20,0
W_F_0003,26,21,0
W_F_0003,26,22,0
W_F_0003,26,23,0
W_F_0003,26,24,0
W_F_0003,27,5,0
W_F_0003,27,6,0
W_F_0003,27,7,0
W_F_0003,27,8,0
W_F_0003,27,9,0
W_F_0003,27,10,1
W_F_0003,27,11,0
W_F_0003,27,12,0
W_F_0003,27,13,0
W_F_0003,27,14,0
W_F_0003,27,15,0
W_F_0003,27,16,1
W_F_0003,27,17,0
W_F_0003,27,18,1
W_F_0003,27,19,0
W_F_0003,27,20,0
W_F_0003,27,21,1
W_F_0003,27,22,0
W_F_0003,27,23,0
W_F_0003,28,6,0
W_F_0003,28,7,0
W_F_0003,28,8,0
W_F_0003,28,9,0
W_F_0003,28,10,0
W_F_0003,28,11,0
W_F_0003,28,12,0
W_F_0003,28,13,0
W_F_0003,28,14,0
W_F_0003,28,15,0
W_F_0003,28,16,1
W_F_0003,28,17,0
W_F_0003,28,18,0
W_F_0003,28,19,0
W_F_0003,28,20,0
W_F_0003,28,21,0
W_F_0003,28,22,0
W_F_0003,29,7,1
W_F_0003,29,8,0
W_F_0003,29,9,0
W_F_0003,29,10,0
W_F_0003,29,11,0
W_F_0003,29,12,1
W_F_0003,29,13,0
W_F_0003,29,14,0
W_F_0003,29,15,1
W_F_0003,29,16,1
W_F_0003,29,17,1
W_F_0003,29,18,1
W_F_0003,29,19,1
W_F_0003,29,20,0
W_F_0003,29,21,0
W_F_0003,30,9,0
W_F_0003,30,10,1
W_F_0003,30,11,0
W_F_0003,30,12,1
W_F_0003,30,13,1
W_F_0003,30,14,1
W_F_0003,30,15,1
W_F_0003,30,16,1
W_F_0003,30,17,1
W_F_0003,30,18,1
W_F_0003,30,19,0
W_F_0003,30,20,1
W_F_0003,31,11,1
W_F_0003,31,12,1
W_F_0003,31,13,0
W_F_0003,31,14,1
W_F_0003,31,15,1
W_F_0003,31,16,1
W_F_0003,31,17,1
W_N_0002,0,14,1
W_N_0002,0,15,1
W_N_0002,0,16,1
W_N_0002,0,17,0
W_N_0002,0,18,1
W_N_0002,0,19,0
W_N_0002,0,20,1
W_N_0002,0,21,0
W_N_0002,0,22,1
W_N_0002,1,12,0
W_N_0002,1,13,0
W_N_0002,1,14,1
W_N_0002,1,15,0
W_N_0002,1,16,0
W_N_0002,1,17,1
W_N_0002,1,18,0
W_N_0002,1,19,0
W_N_0002,1,20,0
W_N_0002,1,21,0
W_N_0002,1,22,1
W_N_0002,1,23,1
W_N_0002,1,24,0
W_N_0002,2,10,0
W_N_0002,2,11,0
W_N_0002,2,12,0
W_N_0002,2,13,1
W_N_0002,2,14,0
W_N_0002,2,15,0
W_N_0002,2,16,1
W_N_0002,2,17,1
W_N_0002,2,18,0
W_N_0002,2,19,0
W_N_0002,2,20,0
W_N_0002,2,21,0
W_N_0002,2,22,0
W_N_0002,2,23,0
W_N_0002,2,24,1
W_N_0002,2,25,0
W_N_0002,2,26,0
W_N_0002,3,8,1
W_N_0002,3,9,0
W_N_0002,3,10,0
W_N_0002,3,11,0
W_N_0002,3,12,0
W_N_0002,3,13,1
W_N_0002,3,14,1
W_N_0002,3,15,1
W_N_0002,3,16,1
W_N_0002,3,17,0
W_N_0002,3,18,0
W_N_0002,3,19,0
W_N_0002,3,20,0
W_N_0002,3,21,0
W_N_0002,3,22,0
W_N_0002,3,23,0
W_N_0002,3,24,0
W_N_0002,3,25,0
W_N_0002,3,26,0
W_N_0002,3,27,0
W_N_0002,3,28,1
W_N_0002,4,7,1
W_N_0002,4,8,1
W_N_0002,4,9,0
W_N_0002,4,10,0
W_N_0002,4,11,1
W_N_0002,4,12,0
W_N_0002,4,13,0
W_N_0002,4,14,0
W_N_0002,4,15,0
W_N_0002,4,16,0
W_N_0002,4,17,0
W_N_0002,4,18,0
W_N_0002,4,19,0
W_N_0002,4,20,0
W_N_0002,4,21,0
W_N_0002,4,22,1
W_N_0002,4,23,0
W_N_0002,4,24,0
W_N_0002,4,25,0
W_N_0002,4,26,0
W_N_0002,4,27,0
W_N_0002,4,28,0
W_N_0002,4,29,0
W_N_0002,5,6,1
W_N_0002,5,7,0
W_N_0002,5,8,0
W_N_0002,5,9,1
W_N_0002,5,10,0
W_N_0002,5,11,0
W_N_0002,5,12,0
W_N_0002,5,13,0
W_N_0002,5,14,0
W_N_0002,5,15,1
W_N_0002,5,16,0
W_N_0002,5,17,0
W_N_0002,5,18,0
W_N_0002,5,19,0
W_N_0002,5,20,0
W_N_0002,5,21,0
W_N_0002,5,22,1
W_N_0002,5,23,0
W_N_0002,5,24,0
W_N_0002,5,25,0
W_N_0002,5,26,0
W_N_0002,5,27,0
W_N_0002,5,28,0
W_N_0002,5,29,0
W_N_0002,5,30,0
W_N_0002,6,5,1
W_N_0002,6,6,1
W_N_0002,6,7,0
W_N_0002,6,8,0
W_N_0002,6,9,0
W_N_0002,6,10,0
W_N_0002,6,11,0
W_N_0002,6,12,0
W_N_0002,6,13,0
W_N_0002,6,14,1
W_N_0002,6,15,0
W_N_0002,6,16,0
W_N_0002,6,17,0
W_N_0002,6,18,0
W_N_0002,6,19,0
W_N_0002,6,20,0
W_N_0002,6,21,0
W_N_0002,6,22,0
W_N_0002,6,23,0
W_N_0002,6,24,0
W_N_0002,6,25,0
W_N_0002,6,26,0
W_N_0002,6,27,0
W_N_0002,6,28,0
W_N_0002,6,29,0
W_N_0002,6,30,0
W_N_0002,6,31,0
W_N_0002,7,4,1
W_N_0002,7,5,0
W_N_0002,7,6,1
W_N_0002,7,7,0
W_N_0002,7,8,0
W_N_0002,7,9,0
W_N_0002,7,10,0
W_N_0002,7,11,1
W_N_0002,7,12,0
W_N_0002,7,13,0
W_N_0002,7,14,0
W_N_0002,7,15,0
W_N_0002,7,16,0
W_N_0002,7,17,0
W_N_0002,7,18,0
W_N_0002,7,19,0
W_N_0002,7,20,0
W_N_0002,7,21,0
W_N_0002,7,22,1
W_N_0002,7,23,0
W_N_0002,7,24,0
W_N_0002,7,25,0
W_N_0002,7,26,0
W_N_0002,7,27,0
W_N_0002,7,28,0
W_N_0002,7,29,0
W_N_0002,7,30,0
W_N_0002,7,31,0
W_N_0002,7,32,0
W_N_0002,8,4,0
W_N_0002,8,5,1
W_N_0002,8,6,0
W_N_0002,8,7,0
W_N_0002,8,8,0
W_N_0002,8,9,0
W_N_0002,8,10,0
W_N_0002,8,11,0
W_N_0002,8,12,0
W_N_0002,8,13,0
W_N_0002,8,14,1
W_N_0002,8,15,1
W_N_0002,8,16,0
W_N_0002,8,17,0
W_N_0002,8,18,0
W_N_0002,8,19,0
W_N_0002,8,20,0
W_N_0002,8,21,0
W_N_0002,8,22,0
W_N_0002,8,23,0
W_N_0002,8,24,0
W_N_0002,8,25,0
W_N_0002,8,26,0
W_N_0002,8,27,0
W_N_0002,8,28,0
W_N_0002,8,29,0
W_N_0002,8,30,0
W_N_0002,8,31,0
W_N_0002,8,32,0
W_N_0002,9,3,0
W_N_0002,9,4,0
W_N_0002,9,5,0
W_N_0002,9,6,0
W_N_0002,9,7,0
W_N_0002,9,8,0
W_N_0002,9,9,0
W_N_0002,9,10,0
W_N_0002,9,11,0
W_N_0002,9,12,0
W_N_0002,9,13,0
W_N_0002,9,14,1
W_N_0002,9,15,1
W_N_0002,9,16,0
W_N_0002,9,17,0
W_N_0002,9,18,0
W_N_0002,9,19,0
W_N_0002,9,20,0
W_N_0002,9,21,0
W_N_0002,9,22,0
W_N_0002,9,23,0
W_N_0002,9,24,0
W_N_0002,9,25,0
W_N_0002,9,26,0
W_N_0002,9,27,0
W_N_0002,9,28,0
W_N_0002,9,29,0
W_N_0002,9,30,0
W_N_0002,9,31,0
W_N_0002,9,32,0
W_N_0002,9,33,0
W_N_0002,10,3,0
W_N_0002,10,4,1
W_N_0002,10,5,0
W_N_0002,10,6,0
W_N_0002,10,7,0
W_N_0002,10,8,0
W_N_0002,10,9,1
W_N_0002,10,10,0
W_N_0002,10,11,0
W_N_0002,10,12,0
W_N_0002,10,13,0
W_N_0002,10,14,0
W_N_0002,10,15,0
W_N_0002,10,16,0
W_N_0002,10,17,0
W_N_0002,10,18,1
W_N_0002,10,19,0
W_N_0002,10,20,1
W_N_0002,10,21,0
W_N_0002,10,22,1
W_N_0002,10,23,0
W_N_0002,10,24,0
W_N_0002,10,25,0
W_N_0002,10,26,0
W_N_0002,10,27,0
W_N_0002,10,28,1
W_N_0002,10,29,0
W_N_0002,10,30,1
W_N_0002,10,31,0
W_N_0002,10,32,0
W_N_0002,10,33,0
W_N_0002,11,2,0
W_N_0002,11,3,0
W_N_0002,11,4,0
W_N_0002,11,5,0
W_N_0002,11,6,0
W_N_0002,11,7,0
W_N_0002,11,8,1
W_N_0002,11,9,0
W_N_0002,11,10,0
W_N_0002,11,11,0
W_N_0002,11,12,0
W_N_0002,11,13,1
W_N_0002,11,14,1
W_N_0002,11,15,0
W_N_0002,11,16,1
W_N_0002,11,17,0
W_N_0002,11,18,1
W_N_0002,11,19,0
W_N_0002,11,20,0
W_N_0002,11,21,1
W_N_0002,11,22,0
W_N_0002,11,23,0
W_N_0002,11,24,0
W_N_0002,11,25,0
W_N_0002,11,26,0
W_N_0002,11,27,0
W_N_0002,11,28,0
W_N_0002,11,29,0
W_N_0002,11,30,0
W_N_0002,11,31,0
W_N_0002,11,32,0
W_N_0002,11,33,0
W_N_0002,11,34,0
W_N_0002,12,2,1
W_N_0002,12,3,0
W_N_0002,12,4,0
W_N_0002,12,5,0
W_N_0002,12,6,0
W_N_0002,12,7,1
W_N_0002,12,8,0
W_N_0002,12,9,0
W_N_0002,12,10,0
W_N_0002,12,11,0
W_N_0002,12,12,0
W_N_0002,12,13,0
W_N_0002,12,14,0
W_N_0002,12,15,0
W_N_0002,12,16,0
W_N_0002,12,17,0
W_N_0002,12,18,0
W_N_0002,12,19,0
W_N_0002,12,20,0
W_N_0002,12,21,0
W_N_0002,12,22,0
W_N_0002,12,23,1
W_N_0002,12,24,0
W_N_0002,12,25,1
W_N_0002,12,26,0
W_N_0002,12,27,0
W_N_0002,12,28,0
W_N_0002,12,29,0
W_N_0002,12,30,0
W_N_0002,12,31,0
W_N_0002,12,32,0
W_N_0002,12,33,0
W_N_0002,12,34,0
W_N_0002,13,1,1
W_N_0002,13,2,0
W_N_0002,13,3,0
W_N_0002,13,4,0
W_N_0002,13,5,0
W_N_0002,13,6,0
W_N_0002,13,7,0
W_N_0002,13,8,0
W_N_0002,13,9,0
W_N_0002,13,10,0
W_N_0002,13,11,0
W_N_0002,13,12,0
W_N_0002,13,13,0
W_N_0002,13,14,1
W_N_0002,13,15,0
W_N_0002,13,16,0
W_N_0002,13,17,0
W_N_0002,13,18,0
W_N_0002,13,19,0
W_N_0002,13,20,1
W_N_0002,13,21,0
W_N_0002,13,22,0
W_N_0002,13,23,1
W_N_0002,13,24,1
W_N_0002,13,25,0
W_N_0002,13,26,0
W_N_0002,13,27,0
W_N_0002,13,28,0
W_N_0002,13,29,0
W_N_0002,13,30,0
W_N_0002,13,31,0
W_N_0002,13,32,0
W_N_0002,13,33,0
W_N_0002,13,34,0
W_N_0002,13,35,0
W_N_0002,14,1,0
W_N_0002,14,2,0
W_N_0002,14,3,0
W_N_0002,14,4,0
W_N_0002,14,5,1
W_N_0002,14,6,1
W_N_0002,14,7,1
W_N_0002,14,8,0
W_N_0002,14,9,0
W_N_0002,14,10,0
W_N_0002,14,11,0
W_N_0002,14,12,0
W_N_0002,14,13,0
W_N_0002,14,14,0
W_N_0002,14,15,0
W_N_0002,14,16,0
W_N_0002,14,17,0
W_N_0002,14,18,0
W_N_0002,14,19,0
W_N_0002,14,20,0
W_N_0002,14,21,0
W_N_0002,14,22,1
W_N_0002,14,23,0
W_N_0002,14,24,0
W_N_0002,14,25,0
W_N_0002,14,26,0
W_N_0002,14,27,0
W_N_0002,14,28,0
W_N_0002,14,29,0
W_N_0002,14,30,0
W_N_0002,14,31,0
W_N_0002,14,32,0
W_N_0002,14,33,1
W_N_0002,14,34,0
W_N_0002,14,35,0
W_N_0002,15,1,0
W_N_0002,15,2,0
W_N_0002,15,3,0
W_N_0002,15,4,0
W_N_0002,15,5,0
W_N_0002,15,6,0
W_N_0002,15,7,0
W_N_0002,15,8,0
W_N_0002,15,9,0
W_N_0002,15,10,0
W_N_0002,15,11,0
W_N_0002,15,12,0
W_N_0002,15,13,1
W_N_0002,15,14,0
W_N_0002,15,15,0
W_N_0002,15,16,0
W_N_0002,15,17,0
W_N_0002,15,18,0
W_N_0002,15,19,0
W_N_0002,15,20,0
W_N_0002,15,21,0
W_N_0002,15,22,0
W_N_0002,15,23,0
W_N_0002,15,24,0
W_N_0002,15,25,0
W_N_0002,15,26,0
W_N_0002,15,27,0
W_N_0002,15,28,0
W_N_0002,15,29,0
W_N_0002,15,30,0
W_N_0002,15,31,0
W_N_0002,15,32,0
W_N_0002,15,33,0
W_N_0002,15,34,1
W_N_0002,15,35,0
W_N_0002,16,1,0
W_N_0002,16,2,0
W_N_0002,16,3,1
W_N_0002,16,4,0
W_N_0002,16,5,0
W_N_0002,16,6,0
W_N_0002,16,7,0
W_N_0002,16,8,0
W_N_0002,16,9,0
W_N_0002,16,10,0
W_N_0002,16,11,0
W_N_0002,16,12,0
W_N_0002,16,13,0
W_N_0002,16,14,0
W_N_0002,16,15,0
W_N_0002,16,16,0
W_N_0002,16,17,0
W_N_0002,16,18,0
W_N_0002,16,19,0
W_N_0002,16,20,0
W_N_0002,16,21,0
W_N_0002,16,22,0
W_N_0002,16,23,0
W_N_0002,16,24,0
W_N_0002,16,25,0
W_N_0002,16,26,0
W_N_0002,16,27,0
W_N_0002,16,28,0
W_N_0002,16,29,0
W_N_0002,16,30,0
W_N_0002,16,31,0
W_N_0002,16,32,1
W_N_0002,16,33,0
W_N_0002,16,34,0
W_N_0002,16,35,0
W_N_0002,17,0,1
W_N_0002,17,1,0
W_N_0002,17,2,0
W_N_0002,17,3,0
W_N_0002,17,4,0
W_N_0002,17,5,0
W_N_0002,17,6,0
W_N_0002,17,7,0
W_N_0002,17,8,0
W_N_0002,17,9,0
W_N_0002,17,10,0
W_N_0002,17,11,0
W_N_0002,17,12,0
W_N_0002,17,13,0
W_N_0002,17,14,1
W_N_0002,17,15,0
W_N_0002,17,16,0
W_N_0002,17,17,0
W_N_0002,17,18,0
W_N_0002,17,19,0
W_N_0002,17,20,0
W_N_0002,17,21,0
W_N_0002,17,22,0
W_N_0002,17,23,0
W_N_0002,17,24,1
W_N_0002,17,25,0
W_N_0002,17,26,0
W_N_0002,17,27,0
W_N_0002,17,28,0
W_N_0002,17,29,1
W_N_0002,17,30,0
W_N_0002,17,31,0
W_N_0002,17,32,0
W_N_0002,17,33,0
W_N_0002,17,34,0
W_N_0002,17,35,0
W_N_0002,17,36,1
W_N_0002,18,0,1
W_N_0002,18,1,0
W_N_0002,18,2,0
W_N_0002,18,3,0
W_N_0002,18,4,0
W_N_0002,18,5,0
W_N_0002,18,6,0
W_N_0002,18,7,0
W_N_0002,18,8,0
W_N_0002,18,9,0
W_N_0002,18,10,0
W_N_0002,18,11,0
W_N_0002,18,12,0
W_N_0002,18,13,0
W_N_0002,18,14,0
W_N_0002,18,15,1
W_N_0002,18,16,0
W_N_0002,18,17,0
W_N_0002,18,18,0
W_N_0002,18,19,0
W_N_0002,18,20,0
W_N_0002,18,21,0
W_N_0002,18,22,0
W_N_0002,18,23,0
W_N_0002,18,24,1
W_N_0002,18,25,0
W_N_0002,18,26,0
W_N_0002,18,27,0
W_N_0002,18,28,0
W_N_0002,18,29,0
W_N_0002,18,30,0
W_N_0002,18,31,0
W_N_0002,18,32,0
W_N_0002,18,33,0
W_N_0002,18,34,0
W_N_0002,18,35,0
W_N_0002,18,36,1
W_N_0002,19,0,1
W_N_0002,19,1,1
W_N_0002,19,2,0
W_N_0002,19,3,0
W_N_0002,19,4,1
W_N_0002,19,5,0
W_N_0002,19,6,0
W_N_0002,19,7,1
W_N_0002,19,8,0
W_N_0002,19,9,0
W_N_0002,19,10,0
W_N_0002,19,11,0
W_N_0002,19,12,0
W_N_0002,19,13,1
W_N_0002,19,14,1
W_N_0002,19,15,0
W_N_0002,19,16,0
W_N_0002,19,17,0
W_N_0002,19,18,0
W_N_0002,19,19,0
W_N_0002,19,20,0
W_N_0002,19,21,0
W_N_0002,19,22,0
W_N_0002,19,23,0
W_N_0002,19,24,0
W_N_0002,19,25,0
W_N_0002,19,26,1
W_N_0002,19,27,0
W_N_0002,19,28,0
W_N_0002,19,29,0
W_N_0002,19,30,0
W_N_0002,19,31,0
W_N_0002,19,32,0
W_N_0002,19,33,0
W_N_0002,19,34,0
W_N_0002,19,35,0
W_N_0002,19,36,1
W_N_0002,20,0,1
W_N_0002,20,1,0
W_N_0002,20,2,0
W_N_0002,20,3,0
W_N_0002,20,4,0
W_N_0002,20,5,0
W_N_0002,20,6,0
W_N_0002,20,7,0
W_N_0002,20,8,0
W_N_0002,20,9,0
W_N_0002,20,10,0
W_N_0002,20,11,0
W_N_0002,20,12,0
W_N_0002,20,13,0
W_N_0002,20,14,0
W_N_0002,20,15,0
W_N_0002,20,16,0
W_N_0002,20,17,0
W_N_0002,20,18,0
W_N_0002,20,19,0
W_N_0002,20,20,0
W_N_0002,20,21,1
W_N_0002,20,22,0
W_N_0002,20,23,0
W_N_0002,20,24,0
W_N_0002,20,25,0
W_N_0002,20,26,0
W_N_0002,20,27,0
W_N_0002,20,28,1
W_N_0002,20,29,0
W_N_0002,20,30,0
W_N_0002,20,31,0
W_N_0002,20,32,0
W_N_0002,20,33,0
W_N_0002,20,34,0
W_N_0002,20,35,0
W_N_0002,20,36,1
W_N_0002,21,0,1
W_N_0002,21,1,1
W_N_0002,21,2,0
W_N_0002,21,3,0
W_N_0002,21,4,0
W_N_0002,21,5,0
W_N_0002,21,6,0
W_N_0002,21,7,0
W_N_0002,21,8,0
W_N_0002,21,9,0
W_N_0002,21,10,0
W_N_0002,21,11,0
W_N_0002,21,12,0
W_N_0002,21,13,0
W_N_0002,21,14,0
W_N_0002,21,15,0
W_N_0002,21,16,0
W_N_0002,21,17,0
W_N_0002,21,18,0
W_N_0002,21,19,0
W_N_0002,21,20,0
W_N_0002,21,21,0
W_N_0002,21,22,0
W_N_0002,21,23,1
W_N_0002,21,24,1
W_N_0002,21,25,0
W_N_0002,21,26,0
W_N_0002,21,27,0
W_N_0002,21,28,0
W_N_0002,21,29,1
W_N_0002,21,30,0
W_N_0002,21,31,0
W_N_0002,21,32,0
W_N_0002,21,33,0
W_N_0002,21,34,0
W_N_0002,21,35,0
W_N_0002,21,36,1
W_N_0002,22,1,1
W_N_0002,22,2,0
W_N_0002,22,3,0
W_N_0002,22,4,1
W_N_0002,22,5,0
W_N_0002,22,6,0
W_N_0002,22,7,0
W_N_0002,22,8,0
W_N_0002,22,9,0
W_N_0002,22,10,0
W_N_0002,22,11,0
W_N_0002,22,12,0
W_N_0002,22,13,0
W_N_0002,22,14,0
W_N_0002,22,15,0
W_N_0002,22,16,0
W_N_0002,22,17,0
W_N_0002,22,18,0
W_N_0002,22,19,0
W_N_0002,22,20,0
W_N_0002,22,21,0
W_N_0002,22,22,0
W_N_0002,22,23,1
W_N_0002,22,24,0
W_N_0002,22,25,0
W_N_0002,22,26,0
W_N_0002,22,27,0
W_N_0002,22,28,0
W_N_0002,22,29,0
W_N_0002,22,30,0
W_N_0002,22,31,0
W_N_0002,22,32,1
W_N_0002,22,33,0
W_N_0002,22,34,0
W_N_0002,22,35,0
W_N_0002,23,1,1
W_N_0002,23,2,1
W_N_0002,23,3,0
W_N_0002,23,4,0
W_N_0002,23,5,1
W_N_0002,23,6,0
W_N_0002,23,7,0
W_N_0002,23,8,0
W_N_0002,23,9,0
W_N_0002,23,10,1
W_N_0002,23,11,1
W_N_0002,23,12,0
W_N_0002,23,13,0
W_N_0002,23,14,0
W_N_0002,23,15,0
W_N_0002,23,16,0
W_N_0002,23,17,0
W_N_0002,23,18,0
W_N_0002,23,19,0
W_N_0002,23,20,0
W_N_0002,23,21,0
W_N_0002,23,22,0
W_N_0002,23,23,1
W_N_0002,23,24,0
W_N_0002,23,25,0
W_N_0002,23,26,0
W_N_0002,23,27,0
W_N_0002,23,28,0
W_N_0002,23,29,1
W_N_0002,23,30,1
W_N_0002,23,31,0
W_N_0002,23,32,0
W_N_0002,23,33,1
W_N_0002,23,34,0
W_N_0002,23,35,0
W_N_0002,24,1,0
W_N_0002,24,2,1
W_N_0002,24,3,0
W_N_0002,24,4,0
W_N_0002,24,5,0
W_N_0002,24,6,0
W_N_0002,24,7,0
W_N_0002,24,8,0
W_N_0002,24,9,0
W_N_0002,24,10,0
W_N_0002,24,11,0
W_N_0002,24,12,0
W_N_0002,24,13,0
W_N_0002,24,14,0
W_N_0002,24,15,0
W_N_0002,24,16,0
W_N_0002,24,17,0
W_N_0002,24,18,0
W_N_0002,24,19,0
W_N_0002,24,20,0
W_N_0002,24,21,0
W_N_0002,24,22,1
W_N_0002,24,23,0
W_N_0002,24,24,0
W_N_0002,24,25,0
W_N_0002,24,26,0
W_N_0002,24,27,0
W_N_0002,24,28,0
W_N_0002,24,29,0
W_N_0002,24,30,0
W_N_0002,24,31,0
W_N_0002,24,32,0
W_N_0002,24,33,0
W_N_0002,24,34,0
W_N_0002,24,35,1
W_N_0002,25,1,0
W_N_0002,25,2,0
W_N_0002,25,3,0
W_N_0002,25,4,0
W_N_0002,25,5,0
W_N_0002,25,6,0
W_N_0002,25,7,0
W_N_0002,25,8,0
W_N_0002,25,9,0
W_N_0002,25,10,0
W_N_0002,25,11,0
W_N_0002,25,12,0
W_N_0002,25,13,0
W_N_0002,25,14,0
W_N_0002,25,15,0
W_N_0002,25,16,1
W_N_0002,25,17,0
W_N_0002,25,18,0
W_N_0002,25,19,0
W_N_0002,25,20,0
W_N_0002,25,21,0
W_N_0002,25,22,0
W_N_0002,25,23,0
W_N_0002,25,24,0
W_N_0002,25,25,0
W_N_0002,25,26,0
W_N_0002,25,27,0
W_N_0002,25,28,0
W_N_0002,25,29,0
W_N_0002,25,30,0
W_N_0002,25,31,0
W_N_0002,25,32,0
W_N_0002,25,33,0
W_N_0002,25,34,0
W_N_0002,25,35,0
W_N_0002,26,2,0
W_N_0002,26,3,0
W_N_0002,26,4,0
W_N_0002,26,5,0
W_N_0002,26,6,0
W_N_0002,26,7,0
W_N_0002,26,8,0
W_N_0002,26,9,0
W_N_0002,26,10,0
W_N_0002,26,11,0
W_N_0002,26,12,0
W_N_0002,26,13,0
W_N_0002,26,14,0
W_N_0002,26,15,0
W_N_0002,26,16,0
W_N_0002,26,17,0
W_N_0002,26,18,0
W_N_0002,26,19,1
W_N_0002,26,20,0
W_N_0002,26,21,0
W_N_0002,26,22,0
W_N_0002,26,23,0
W_N_0002,26,24,0
W_N_0002,26,25,0
W_N_0002,26,26,0
W_N_0002,26,27,0
W_N_0002,26,28,0
W_N_0002,26,29,0
W_N_0002,26,30,0
W_N_0002,26,31,0
W_N_0002,26,32,0
W_N_0002,26,33,1
W_N_0002,26,34,1
W_N_0002,27,2,0
W_N_0002,27,3,0
W_N_0002,27,4,0
W_N_0002,27,5,0
W_N_0002,27,6,0
W_N_0002,27,7,0
W_N_0002,27,8,0
W_N_0002,27,9,0
W_N_0002,27,10,0
W_N_0002,27,11,0
W_N_0002,27,12,0
W_N_0002,27,13,1
W_N_0002,27,14,1
W_N_0002,27,15,1
W_N_0002,27,16,0
W_N_0002,27,17,1
W_N_0002,27,18,0
W_N_0002,27,19,0
W_N_0002,27,20,0
W_N_0002,27,21,0
W_N_0002,27,22,0
W_N_0002,27,23,0
W_N_0002,27,24,0
W_N_0002,27,25,0
W_N_0002,27,26,0
W_N_0002,27,27,0
W_N_0002,27,28,0
W_N_0002,27,29,0
W_N_0002,27,30,0
W_N_0002,27,31,0
W_N_0002,27,32,0
W_N_0002,27,33,0
W_N_0002,27,34,1
W_N_0002,28,3,0
W_N_0002,28,4,0
W_N_0002,28,5,0
W_N_0002,28,6,0
W_N_0002,28,7,0
W_N_0002,28,8,0
W_N_0002,28,9,0
W_N_0002,28,10,1
W_N_0002,28,11,0
W_N_0002,28,12,0
W_N_0002,28,13,0
W_N_0002,28,14,0
W_N_0002,28,15,0
W_N_0002,28,16,1
W_N_0002,28,17,0
W_N_0002,28,18,1
W_N_0002,28,19,0
W_N_0002,28,20,0
W_N_0002,28,21,0
W_N_0002,28,22,0
W_N_0002,28,23,0
W_N_0002,28,24,0
W_N_0002,28,25,0
W_N_0002,28,26,0
W_N_0002,28,27,0
W_N_0002,28,28,0
W_N_0002,28,29,0
W_N_0002,28,30,0
W_N_0002,28,31,0
W_N_0002,28,32,1
W_N_0002,28,33,1
W_N_0002,29,3,1
W_N_0002,29,4,1
W_N_0002,29,5,0
W_N_0002,29,6,0
W_N_0002,29,7,1
W_N_0002,29,8,0
W_N_0002,29,9,0
W_N_0002,29,10,1
W_N_0002,29,11,1
W_N_0002,29,12,0
W_N_0002,29,13,0
W_N_0002,29,14,1
W_N_0002,29,15,0
W_N_0002,29,16,1
W_N_0002,29,17,0
W_N_0002,29,18,0
W_N_0002,29,19,1
W_N_0002,29,20,0
W_N_0002,29,21,0
W_N_0002,29,22,0
W_N_0002,29,23,0
W_N_0002,29,24,1
W_N_0002,29,25,0
W_N_0002,29,26,0
W_N_0002,29,27,0
W_N_0002,29,28,1
W_N_0002,29,29,0
W_N_0002,29,30,0
W_N_0002,29,31,0
W_N_0002,29,32,0
W_N_0002,29,33,0
W_N_0002,30,4,1
W_N_0002,30,5,0
W_N_0002,30,6,0
W_N_0002,30,7,0
W_N_0002,30,8,0
W_N_0002,30,9,0
W_N_0002,30,10,1
W_N_0002,30,11,0
W_N_0002,30,12,0
W_N_0002,30,13,0
W_N_0002,30,14,0
W_N_0002,30,15,0
W_N_0002,30,16,0
W_N_0002,30,17,0
W_N_0002,30,18,0
W_N_0002,30,19,0
W_N_0002,30,20,0
W_N_0002,30,21,0
W_N_0002,30,22,0
W_N_0002,30,23,1
W_N_0002,30,24,0
W_N_0002,30,25,1
W_N_0002,30,26,0
W_N_0002,30,27,0
W_N_0002,30,28,0
W_N_0002,30,29,0
W_N_0002,30,30,0
W_N_0002,30,31,1
W_N_0002,30,32,0
W_N_0002,31,4,1
W_N_0002,31,5,0
W_N_0002,31,6,1
W_N_0002,31,7,0
W_N_0002,31,8,1
W_N_0002,31,9,0
W_N_0002,31,10,0
W_N_0002,31,11,0
W_N_0002,31,12,1
W_N_0002,31,13,0
W_N_0002,31,14,0
W_N_0002,31,15,0
W_N_0002,31,16,0
W_N_0002,31,17,0
W_N_0002,31,18,0
W_N_0002,31,19,0
W_N_0002,31,20,0
W_N_0002,31,21,0
W_N_0002,31,22,0
W_N_0002,31,23,0
W_N_0002,31,24,0
W_N_0002,31,25,0
W_N_0002,31,26,1
W_N_0002,31,27,0
W_N_0002,31,28,0
W_N_0002,31,29,0
W_N_0002,31,30,0
W_N_0002,31,31,0
W_N_0002,31,32,1
W_N_0002,32,5,1
W_N_0002,32,6,1
W_N_0002,32,7,0
W_N_0002,32,8,0
W_N_0002,32,9,0
W_N_0002,32,10,1
W_N_0002,32,11,0
W_N_0002,32,12,0
W_N_0002,32,13,0
W_N_0002,32,14,0
W_N_0002,32,15,0
W_N_0002,32,16,0
W_N_0002,32,17,0
W_N_0002,32,18,0
W_N_0002,32,19,0
W_N_0002,32,20,0
W_N_0002,32,21,0
W_N_0002,32,22,0
W_N_0002,32,23,0
W_N_0002,32,24,0
W_N_0002,32,25,0
W_N_0002,32,26,0
W_N_0002,32,27,1
W_N_0002,32,28,0
W_N_0002,32,29,0
W_N_0002,32,30,1
W_N_0002,32,31,0
W_N_0002,33,6,0
W_N_0002,33,7,0
W_N_0002,33,8,0
W_N_0002,33,9,0
W_N_0002,33,10,0
W_N_0002,33,11,0
W_N_0002,33,12,1
W_N_0002,33,13,0
W_N_0002,33,14,0
W_N_0002,33,15,0
W_N_0002,33,16,0
W_N_0002,33,17,0
W_N_0002,33,18,0
W_N_0002,33,19,0
W_N_0002,33,20,1
W_N_0002,33,21,0
W_N_0002,33,22,0
W_N_0002,33,23,0
W_N_0002,33,24,0
W_N_0002,33,25,0
W_N_0002,33,26,0
W_N_0002,33,27,0
W_N_0002,33,28,1
W_N_0002,33,29,1
W_N_0002,33,30,1
W_N_0002,34,7,1
W_N_0002,34,8,0
W_N_0002,34,9,0
W_N_0002,34,10,0
W_N_0002,34,11,0
W_N_0002,34,12,0
W_N_0002,34,13,0
W_N_0002,34,14,0
W_N_0002,34,15,0
W_N_0002,34,16,0
W_N_0002,34,17,0
W_N_0002,34,18,0
W_N_0002,34,19,0
W_N_0002,34,20,0
W_N_0002,34,21,0
W_N_0002,34,22,1
W_N_0002,34,23,0
W_N_0002,34,24,0
W_N_0002,34,25,0
W_N_0002,34,26,1
W_N_0002,34,27,0
W_N_0002,34,28,1
W_N_0002,34,29,1
W_N_0002,35,8,0
W_N_0002,35,9,0
W_N_0002,35,10,1
W_N_0002,35,11,0
W_N_0002,35,12,0
W_N_0002,35,13,0
W_N_0002,35,14,0
W_N_0002,35,15,1
W_N_0002,35,16,0
W_N_0002,35,17,0
W_N_0002,35,18,1
W_N_0002,35,19,0
W_N_0002,35,20,0
W_N_0002,35,21,0
W_N_0002,35,22,0
W_N_0002,35,23,0
W_N_0002,35,24,0
W_N_0002,35,25,0
W_N_0002,35,26,0
W_N_0002,35,27,1
W_N_0002,35,28,1
W_N_0002,36,10,0
W_N_0002,36,11,0
W_N_0002,36,12,0
W_N_0002,36,13,1
W_N_0002,36,14,0
W_N_0002,36,15,0
W_N_0002,36,16,0
W_N_0002,36,17,0
W_N_0002,36,18,0
W_N_0002,36,19,0
W_N_0002,36,20,0
W_N_0002,36,21,0
W_N_0002,36,22,0
W_N_0002,36,23,1
W_N_0002,36,24,1
W_N_0002,36,25,0
W_N_0002,36,26,0
W_N_0002,37,11,1
W_N_0002,37,12,1
W_N_0002,37,13,1
W_N_0002,37,14,0
W_N_0002,37,15,1
W_N_0002,37,16,0
W_N_0002,37,17,0
W_N_0002,37,18,0
W_N_0002,37,19,0
W_N_0002,37,20,0
W_N_0002,37,21,0
W_N_0002,37,22,0
W_N_0002,37,23,1
W_N_0002,37,24,1
W_N_0002,37,25,1
W_N_0002,38,14,1
W_N_0002,38,15,0
W_N_0002,38,16,0
W_N_0002,38,17,0
W_N_0002,38,18,0
W_N_0002,38,19,0
W_N_0002,38,20,0
W_N_0002,38,21,0
W_N_0002,38,22,0
W_F_0016,0,15,1
W_F_0016,0,16,1
W_F_0016,0,17,1
W_F_0016,0,18,1
W_F_0016,0,19,1
W_F_0016,1,11,1
W_F_0016,1,12,1
W_F_0016,1,13,1
W_F_0016,1,14,1
W_F_0016,1,15,0
W_F_0016,1,16,0
W_F_0016,1,17,1
W_F_0016,1,18,0
W_F_0016,1,19,1
W_F_0016,1,20,0
W_F_0016,1,21,1
W_F_0016,1,22,1
W_F_0016,1,23,1
W_F_0016,2,9,1
W_F_0016,2,10,1
W_F_0016,2,11,1
W_F_0016,2,12,1
W_F_0016,2,13,1
W_F_0016,2,14,0
W_F_0016,2,15,1
W_F_0016,2,16,0
W_F_0016,2,17,0
W_F_0016,2,18,0
W_F_0016,2,19,0
W_F_0016,2,20,0
W_F_0016,2,21,0
W_F_0016,2,22,0
W_F_0016,2,23,1
W_F_0016,2,24,1
W_F_0016,2,25,1
W_F_0016,3,8,1
W_F_0016,3,9,0
W_F_0016,3,10,0
W_F_0016,3,11,1
W_F_0016,3,12,1
W_F_0016,3,13,0
W_F_0016,3,14,0
W_F_0016,3,15,0
W_F_0016,3,16,0
W_F_0016,3,17,0
W_F_0016,3,18,0
W_F_0016,3,19,0
W_F_0016,3,20,0
W_F_0016,3,21,0
W_F_0016,3,22,0
W_F_0016,3,23,0
W_F_0016,3,24,0
W_F_0016,3,25,0
W_F_0016,3,26,1
W_F_0016,4,6,1
W_F_0016,4,7,1
W_F_0016,4,8,0
W_F_0016,4,9,1
W_F_0016,4,10,1
W_F_0016,4,11,0
W_F_0016,4,12,0
W_F_0016,4,13,1
W_F_0016,4,14,0
W_F_0016,4,15,0
W_F_0016,4,16,0
W_F_0016,4,17,0
W_F_0016,4,18,0
W_F_0016,4,19,0
W_F_0016,4,20,0
W_F_0016,4,21,0
W_F_0016,4,22,0
W_F_0016,4,23,0
W_F_0016,4,24,1
W_F_0016,4,25,0
W_F_0016,4,26,0
W_F_0016,4,27,0
W_F_0016,4,28,1
W_F_0016,5,5,1
W_F_0016,5,6,1
W_F_0016,5,7,1
W_F_0016,5,8,1
W_F_0016,5,9,0
W_F_0016,5,10,1
W_F_0016,5,11,0
W_F_0016,5,12,0
W_F_0016,5,13,0
W_F_0016,5,14,0
W_F_0016,5,15,0
W_F_0016,5,16,0
W_F_0016,5,17,0
W_F_0016,5,18,0
W_F_0016,5,19,0
W_F_0016,5,20,0
W_F_0016,5,21,0
W_F_0016,5,22,0
W_F_0016,5,23,0
W_F_0016,5,24,0
W_F_0016,5,25,0
W_F_0016,5,26,0
W_F_0016,5,27,0
W_F_0016,5,28,0
W_F_0016,5,29,1
W_F_0016,6,4,1
W_F_0016,6,5,1
W_F_0016,6,6,1
W_F_0016,6,7,1
W_F_0016,6,8,0
W_F_0016,6,9,0
W_F_0016,6,10,1
W_F_0016,6,11,0
W_F_0016,6,12,0
W_F_0016,6,13,0
W_F_0016,6,14,0
W_F_0016,6,15,0
W_F_0016,6,16,0
W_F_0016,6,17,0
W_F_0016,6,18,0
W_F_0016,6,19,0
W_F_0016,6,20,0
W_F_0016,6,21,0
W_F_0016,6,22,0
W_F_0016,6,23,0
W_F_0016,6,24,0
W_F_0016,6,25,0
W_F_0016,6,26,0
W_F_0016,6,27,0
W_F_0016,6,28,0
W_F_0016,6,29,0
W_F_0016,6,30,1
W_F_0016,7,4,1
W_F_0016,7,5,1
W_F_0016,7,6,1
W_F_0016,7,7,1
W_F_0016,7,8,1
W_F_0016,7,9,0
W_F_0016,7,10,1
W_F_0016,7,11,1
W_F_0016,7,12,0
W_F_0016,7,13,0
W_F_0016,7,14,0
W_F_0016,7,15,0
W_F_0016,7,16,0
W_F_0016,7,17,0
W_F_0016,7,18,0
W_F_0016,7,19,1
W_F_0016,7,20,0
W_F_0016,7,21,0
W_F_0016,7,22,0
W_F_0016,7,23,0
W_F_0016,7,24,0
W_F_0016,7,25,0
W_F_0016,7,26,0
W_F_0016,7,27,0
W_F_0016,7,28,0
W_F_0016,7,29,0
W_F_0016,7,30,0
W_F_0016,7,31,1
W_F_0016,8,3,1
W_F_0016,8,4,1
W_F_0016,8,5,1
W_F_0016,8,6,1
W_F_0016,8,7,1
W_F_0016,8,8,0
W_F_0016,8,9,1
W_F_0016,8,10,0
W_F_0016,8,11,0
W_F_0016,8,12,0
W_F_0016,8,13,0
W_F_0016,8,14,0
W_F_0016,8,15,0
W_F_0016,8,16,0
W_F_0016,8,17,1
W_F_0016,8,18,0
W_F_0016,8,19,0
W_F_0016,8,20,0
W_F_0016,8,21,0
W_F_0016,8,22,0
W_F_0016,8,23,0
W_F_0016,8,24,0
W_F_0016,8,25,0
W_F_0016,8,26,0
W_F_0016,8,27,1
W_F_0016,8,28,0
W_F_0016,8,29,0
W_F_0016,8,30,0
W_F_0016,8,31,0
W_F_0016,9,2,1
W_F_0016,9,3,1
W_F_0016,9,4,1
W_F_0016,9,5,1
W_F_0016,9,6,0
W_F_0016,9,7,1
W_F_0016,9,8,1
W_F_0016,9,9,0
W_F_0016,9,10,0
W_F_0016,9,11,0
W_F_0016,9,12,0
W_F_0016,9,13,0
W_F_0016,9,14,0
W_F_0016,9,15,0
W_F_0016,9,16,0
W_F_0016,9,17,1
W_F_0016,9,18,0
W_F_0016,9,19,0
W_F_0016,9,20,0
W_F_0016,9,21,0
W_F_0016,9,22,0
W_F_0016,9,23,0
W_F_0016,9,24,0
W_F_0016,9,25,0
W_F_0016,9,26,0
W_F_0016,9,27,0
W_F_0016,9,28,0
W_F_0016,9,29,0
W_F_0016,9,30,0
W_F_0016,9,31,0
W_F_0016,9,32,0
W_F_0016,10,2,1
W_F_0016,10,3,1
W_F_0016,10,4,1
W_F_0016,10,5,1
W_F_0016,10,6,0
W_F_0016,10,7,0
W_F_0016,10,8,1
W_F_0016,10,9,0
W_F_0016,10,10,0
W_F_0016,10,11,0
W_F_0016,10,12,1
W_F_0016,10,13,0
W_F_0016,10,14,1
W_F_0016,10,15,0
W_F_0016,10,16,0
W_F_0016,10,17,0
W_F_0016,10,18,1
W_F_0016,10,19,0
W_F_0016,10,20,0
W_F_0016,10,21,0
W_F_0016,10,22,0
W_F_0016,10,23,0
W_F_0016,10,24,0
W_F_0016,10,25,1
W_F_0016,10,26,0
W_F_0016,10,27,0
W_F_0016,10,28,0
W_F_0016,10,29,0
W_F_0016,10,30,0
W_F_0016,10,31,0
W_F_0016,10,32,0
W_F_0016,11,1,1
W_F_0016,11,2,1
W_F_0016,11,3,1
W_F_0016,11,4,1
W_F_0016,11,5,1
W_F_0016,11,6,0
W_F_0016,11,7,0
W_F_0016,11,8,0
W_F_0016,11,9,0
W_F_0016,11,10,0
W_F_0016,11,11,0
W_F_0016,11,12,0
W_F_0016,11,13,0
W_F_0016,11,14,0
W_F_0016,11,15,0
W_F_0016,11,16,0
W_F_0016,11,17,1
W_F_0016,11,18,0
W_F_0016,11,19,0
W_F_0016,11,20,0
W_F_0016,11,21,0
W_F_0016,11,22,0
W_F_0016,11,23,0
W_F_0016,11,24,0
W_F_0016,11,25,0
W_F_0016,11,26,0
W_F_0016,11,27,0
W_F_0016,11,28,0
W_F_0016,11,29,0
W_F_0016,11,30,0
W_F_0016,11,31,0
W_F_0016,11,32,0
W_F_0016,11,33,0
W_F_0016,12,1,1
W_F_0016,12,2,1
W_F_0016,12,3,1
W_F_0016,12,4,1
W_F_0016,12,5,0
W_F_0016,12,6,0
W_F_0016,12,7,1
W_F_0016,12,8,0
W_F_0016,12,9,0
W_F_0016,12,10,0
W_F_0016,12,11,0
W_F_0016,12,12,0
W_F_0016,12,13,0
W_F_0016,12,14,0
W_F_0016,12,15,0
W_F_0016,12,16,0
W_F_0016,12,17,0
W_F_0016,12,18,1
W_F_0016,12,19,0
W_F_0016,12,20,0
W_F_0016,12,21,0
W_F_0016,12,22,0
W_F_0016,12,23,0
W_F_0016,12,24,0
W_F_0016,12,25,0
W_F_0016,12,26,0
W_F_0016,12,27,0
W_F_0016,12,28,0
W_F_0016,12,29,0
W_F_0016,12,30,0
W_F_0016,12,31,0
W_F_0016,12,32,0
W_F_0016,12,33,0
W_F_0016,13,1,1
W_F_0016,13,2,0
W_F_0016,13,3,1
W_F_0016,13,4,1
W_F_0016,13,5,1
W_F_0016,13,6,0
W_F_0016,13,7,1
W_F_0016,13,8,0
W_F_0016,13,9,0
W_F_0016,13,10,0
W_F_0016,13,11,0
W_F_0016,13,12,0
W_F_0016,13,13,0
W_F_0016,13,14,0
W_F_0016,13,15,0
W_F_0016,13,16,0
W_F_0016,13,17,1
W_F_0016,13,18,0
W_F_0016,13,19,0
W_F_0016,13,20,0
W_F_0016,13,21,0
W_F_0016,13,22,0
W_F_0016,13,23,0
W_F_0016,13,24,0
W_F_0016,13,25,0
W_F_0016,13,26,0
W_F_0016,13,27,0
W_F_0016,13,28,0
W_F_0016,13,29,0
W_F_0016,13,30,0
W_F_0016,13,31,0
W_F_0016,13,32,0
W_F_0016,13,33,0
W_F_0016,13,34,1
W_F_0016,14,0,1
W_F_0016,14,1,1
W_F_0016,14,2,0
W_F_0016,14,3,0
W_F_0016,14,4,0
W_F_0016,14,5,0
W_F_0016,14,6,0
W_F_0016,14,7,0
W_F_0016,14,8,0
W_F_0016,14,9,0
W_F_0016,14,10,0
W_F_0016,14,11,0
W_F_0016,14,12,0
W_F_0016,14,13,0
W_F_0016,14,14,0
W_F_0016,14,15,0
W_F_0016,14,16,0
W_F_0016,14,17,0
W_F_0016,14,18,0
W_F_0016,14,19,0
W_F_0016,14,20,0
W_F_0016,14,21,0
W_F_0016,14,22,0
W_F_0016,14,23,0
W_F_0016,14,24,1
W_F_0016,14,25,0
W_F_0016,14,26,0
W_F_0016,14,27,0
W_F_0016,14,28,0
W_F_0016,14,29,0
W_F_0016,14,30,0
W_F_0016,14,31,0
W_F_0016,14,32,0
W_F_0016,14,33,0
W_F_0016,14,34,0
W_F_0016,15,0,1
W_F_0016,15,1,1
W_F_0016,15,2,1
W_F_0016,15,3,0
W_F_0016,15,4,0
W_F_0016,15,5,0
W_F_0016,15,6,0
W_F_0016,15,7,0
W_F_0016,15,8,1
W_F_0016,15,9,0
W_F_0016,15,10,0
W_F_0016,15,11,1
W_F_0016,15,12,0
W_F_0016,15,13,1
W_F_0016,15,14,0
W_F_0016,15,15,0
W_F_0016,15,16,0
W_F_0016,15,17,0
W_F_0016,15,18,0
W_F_0016,15,19,1
W_F_0016,15,20,0
W_F_0016,15,21,0
W_F_0016,15,22,0
W_F_0016,15,23,0
W_F_0016,15,24,0
W_F_0016,15,25,0
W_F_0016,15,26,0
W_F_0016,15,27,0
W_F_0016,15,28,0
W_F_0016,15,29,0
W_F_0016,15,30,0
W_F_0016,15,31,0
W_F_0016,15,32,1
W_F_0016,15,33,0
W_F_0016,15,34,0
W_F_0016,16,0,1
W_F_0016,16,1,1
W_F_0016,16,2,1
W_F_0016,16,3,1
W_F_0016,16,4,1
W_F_0016,16,5,0
W_F_0016,16,6,0
W_F_0016,16,7,0
W_F_0016,16,8,0
W_F_0016,16,9,0
W_F_0016,16,10,0
W_F_0016,16,11,0
W_F_0016,16,12,0
W_F_0016,16,13,0
W_F_0016,16,14,0
W_F_0016,16,15,0
W_F_0016,16,16,0
W_F_0016,16,17,0
W_F_0016,16,18,0
W_F_0016,16,19,0
W_F_0016,16,20,0
W_F_0016,16,21,0
W_F_0016,16,22,0
W_F_0016,16,23,0
W_F_0016,16,24,0
W_F_0016,16,25,0
W_F_0016,16,26,0
W_F_0016,16,27,0
W_F_0016,16,28,0
W_F_0016,16,29,0
W_F_0016,16,30,0
W_F_0016,16,31,0
W_F_0016,16,32,0
W_F_0016,16,33,1
W_F_0016,16,34,0
W_F_0016,17,0,1
W_F_0016,17,1,1
W_F_0016,17,2,0
W_F_0016,17,3,0
W_F_0016,17,4,0
W_F_0016,17,5,1
W_F_0016,17,6,1
W_F_0016,17,7,0
W_F_0016,17,8,0
W_F_0016,17,9,1
W_F_0016,17,10,0
W_F_0016,17,11,0
W_F_0016,17,12,0
W_F_0016,17,13,0
W_F_0016,17,14,1
W_F_0016,17,15,0
W_F_0016,17,16,0
W_F_0016,17,17,0
W_F_0016,17,18,0
W_F_0016,17,19,0
W_F_0016,17,20,0
W_F_0016,17,21,1
W_F_0016,17,22,0
W_F_0016,17,23,0
W_F_0016,17,24,0
W_F_0016,17,25,0
W_F_0016,17,26,0
W_F_0016,17,27,0
W_F_0016,17,28,0
W_F_0016,17,29,0
W_F_0016,17,30,0
W_F_0016,17,31,0
W_F_0016,17,32,0
W_F_0016,17,33,0
W_F_0016,17,34,0
W_F_0016,18,0,1
W_F_0016,18,1,1
W_F_0016,18,2,0
W_F_0016,18,3,1
W_F_0016,18,4,1
W_F_0016,18,5,0
W_F_0016,18,6,0
W_F_0016,18,7,0
W_F_0016,18,8,0
W_F_0016,18,9,0
W_F_0016,18,10,0
W_F_0016,18,11,0
W_F_0016,18,12,0
W_F_0016,18,13,0
W_F_0016,18,14,0
W_F_0016,18,15,0
W_F_0016,18,16,0
W_F_0016,18,17,0
W_F_0016,18,18,0
W_F_0016,18,19,0
W_F_0016,18,20,0
W_F_0016,18,21,0
W_F_0016,18,22,0
W_F_0016,18,23,1
W_F_0016,18,24,0
W_F_0016,18,25,0
W_F_0016,18,26,0
W_F_0016,18,27,0
W_F_0016,18,28,0
W_F_0016,18,29,0
W_F_0016,18,30,0
W_F_0016,18,31,0
W_F_0016,18,32,0
W_F_0016,18,33,0
W_F_0016,18,34,0
W_F_0016,19,0,1
W_F_0016,19,1,1
W_F_0016,19,2,1
W_F_0016,19,3,0
W_F_0016,19,4,0
W_F_0016,19,5,0
W_F_0016,19,6,0
W_F_0016,19,7,0
W_F_0016,19,8,0
W_F_0016,19,9,0
W_F_0016,19,10,0
W_F_0016,19,11,1
W_F_0016,19,12,0
W_F_0016,19,13,0
W_F_0016,19,14,0
W_F_0016,19,15,0
W_F_0016,19,16,0
W_F_0016,19,17,0
W_F_0016,19,18,0
W_F_0016,19,19,0
W_F_0016,19,20,0
W_F_0016,19,21,1
W_F_0016,19,22,0
W_F_0016,19,23,0
W_F_0016,19,24,0
W_F_0016,19,25,0
W_F_0016,19,26,0
W_F_0016,19,27,0
W_F_0016,19,28,0
W_F_0016,19,29,0
W_F_0016,19,30,0
W_F_0016,19,31,0
W_F_0016,19,32,0
W_F_0016,19,33,0
W_F_0016,19,34,0
W_F_0016,20,0,1
W_F_0016,20,1,1
W_F_0016,20,2,1
W_F_0016,20,3,1
W_F_0016,20,4,0
W_F_0016,20,5,0
W_F_0016,20,6,0
W_F_0016,20,7,1
W_F_0016,20,8,0
W_F_0016,20,9,0
W_F_0016,20,10,1
W_F_0016,20,11,0
W_F_0016,20,12,0
W_F_0016,20,13,0
W_F_0016,20,14,0
W_F_0016,20,15,0
W_F_0016,20,16,0
W_F_0016,20,17,1
W_F_0016,20,18,0
W_F_0016,20,19,0
W_F_0016,20,20,0
W_F_0016,20,21,0
W_F_0016,20,22,0
W_F_0016,20,23,0
W_F_0016,20,24,0
W_F_0016,20,25,0
W_F_0016,20,26,0
W_F_0016,20,27,0
W_F_0016,20,28,0
W_F_0016,20,29,0
W_F_0016,20,30,0
W_F_0016,20,31,0
W_F_0016,20,32,0
W_F_0016,20,33,0
W_F_0016,20,34,1
W_F_0016,21,0,1
W_F_0016,21,1,1
W_F_0016,21,2,0
W_F_0016,21,3,0
W_F_0016,21,4,0
W_F_0016,21,5,1
W_F_0016,21,6,0
W_F_0016,21,7,0
W_F_0016,21,8,0
W_F_0016,21,9,0
W_F_0016,21,10,0
W_F_0016,21,11,0
W_F_0016,21,12,0
W_F_0016,21,13,0
W_F_0016,21,14,0
W_F_0016,21,15,0
W_F_0016,21,16,0
W_F_0016,21,17,0
W_F_0016,21,18,0
W_F_0016,21,19,0
W_F_0016,21,20,0
W_F_0016,21,21,1
W_F_0016,21,22,0
W_F_0016,21,23,0
W_F_0016,21,24,0
W_F_0016,21,25,0
W_F_0016,21,26,0
W_F_0016,21,27,0
W_F_0016,21,28,0
W_F_0016,21,29,0
W_F_0016,21,30,0
W_F_0016,21,31,0
W_F_0016,21,32,0
W_F_0016,21,33,1
W_F_0016,21,34,0
W_F_0016,22,1,0
W_F_0016,22,2,0
W_F_0016,22,3,0
W_F_0016,22,4,0
W_F_0016,22,5,0
W_F_0016,22,6,0
W_F_0016,22,7,0
W_F_0016,22,8,0
W_F_0016,22,9,0
W_F_0016,22,10,0
W_F_0016,22,11,0
W_F_0016,22,12,0
W_F_0016,22,13,0
W_F_0016,22,14,0
W_F_0016,22,15,0
W_F_0016,22,16,0
W_F_0016,22,17,0
W_F_0016,22,18,0
W_F_0016,22,19,1
W_F_0016,22,20,0
W_F_0016,22,21,0
W_F_0016,22,22,0
W_F_0016,22,23,0
W_F_0016,22,24,0
W_F_0016,22,25,0
W_F_0016,22,26,0
W_F_0016,22,27,0
W_F_0016,22,28,0
W_F_0016,22,29,0
W_F_0016,22,30,0
W_F_0016,22,31,0
W_F_0016,22,32,0
W_F_0016,22,33,0
W_F_0016,22,34,1
W_F_0016,23,1,1
W_F_0016,23,2,0
W_F_0016,23,3,0
W_F_0016,23,4,0
W_F_0016,23,5,0
W_F_0016,23,6,0
W_F_0016,23,7,0
W_F_0016,23,8,0
W_F_0016,23,9,0
W_F_0016,23,10,0
W_F_0016,23,11,0
W_F_0016,23,12,0
W_F_0016,23,13,0
W_F_0016,23,14,0
W_F_0016,23,15,0
W_F_0016,23,16,0
W_F_0016,23,17,0
W_F_0016,23,18,0
W_F_0016,23,19,0
W_F_0016,23,20,0
W_F_0016,23,21,0
W_F_0016,23,22,0
W_F_0016,23,23,0
W_F_0016,23,24,0
W_F_0016,23,25,0
W_F_0016,23,26,0
W_F_0016,23,27,1
W_F_0016,23,28,0
W_F_0016,23,29,0
W_F_0016,23,30,0
W_F_0016,23,31,0
W_F_0016,23,32,0
W_F_0016,23,33,0
W_F_0016,24,1,1
W_F_0016,24,2,0
W_F_0016,24,3,0
W_F_0016,24,4,0
W_F_0016,24,5,1
W_F_0016,24,6,0
W_F_0016,24,7,0
W_F_0016,24,8,0
W_F_0016,24,9,0
W_F_0016,24,10,0
W_F_0016,24,11,0
W_F_0016,24,12,0
W_F_0016,24,13,0
W_F_0016,24,14,0
W_F_0016,24,15,0
W_F_0016,24,16,0
W_F_0016,24,17,0
W_F_0016,24,18,0
W_F_0016,24,19,0
W_F_0016,24,20,0
W_F_0016,24,21,0
W_F_0016,24,22,0
W_F_0016,24,23,0
W_F_0016,24,24,0
W_F_0016,24,25,0
W_F_0016,24,26,0
W_F_0016,24,27,0
W_F_0016,24,28,0
W_F_0016,24,29,0
W_F_0016,24,30,0
W_F_0016,24,31,1
W_F_0016,24,32,0
W_F_0016,24,33,0
W_F_0016,25,2,0
W_F_0016,25,3,0
W_F_0016,25,4,0
W_F_0016,25,5,0
W_F_0016,25,6,0
W_F_0016,25,7,0
W_F_0016,25,8,0
W_F_0016,25,9,0
W_F_0016,25,10,0
W_F_0016,25,11,0
W_F_0016,25,12,0
W_F_0016,25,13,0
W_F_0016,25,14,0
W_F_0016,25,15,0
W_F_0016,25,16,0
W_F_0016,25,17,0
W_F_0016,25,18,0
W_F_0016,25,19,0
W_F_0016,25,20,0
W_F_0016,25,21,1
W_F_0016,25,22,0
W_F_0016,25,23,0
W_F_0016,25,24,0
W_F_0016,25,25,0
W_F_0016,25,26,0
W_F_0016,25,27,0
W_F_0016,25,28,0
W_F_0016,25,29,0
W_F_0016,25,30,0
W_F_0016,25,31,0
W_F_0016,25,32,0
W_F_0016,25,33,0
W_F_0016,26,2,0
W_F_0016,26,3,0
W_F_0016,26,4,1
W_F_0016,26,5,0
W_F_0016,26,6,0
W_F_0016,26,7,0
W_F_0016,26,8,0
W_F_0016,26,9,0
W_F_0016,26,10,0
W_F_0016,26,11,0
W_F_0016,26,12,0
W_F_0016,26,13,0
W_F_0016,26,14,0
W_F_0016,26,15,0
W_F_0016,26,16,0
W_F_0016,26,17,0
W_F_0016,26,18,0
W_F_0016,26,19,0
W_F_0016,26,20,0
W_F_0016,26,21,0
W_F_0016,26,22,0
W_F_0016,26,23,0
W_F_0016,26,24,0
W_F_0016,26,25,0
W_F_0016,26,26,0
W_F_0016,26,27,0
W_F_0016,26,28,0
W_F_0016,26,29,0
W_F_0016,26,30,1
W_F_0016,26,31,0
W_F_0016,26,32,0
W_F_0016,27,3,0
W_F_0016,27,4,1
W_F_0016,27,5,0
W_F_0016,27,6,1
W_F_0016,27,7,0
W_F_0016,27,8,0
W_F_0016,27,9,0
W_F_0016,27,10,0
W_F_0016,27,11,0
W_F_0016,27,12,0
W_F_0016,27,13,0
W_F_0016,27,14,0
W_F_0016,27,15,0
W_F_0016,27,16,0
W_F_0016,27,17,0
W_F_0016,27,18,0
W_F_0016,27,19,0
W_F_0016,27,20,0
W_F_0016,27,21,0
W_F_0016,27,22,0
W_F_0016,27,23,0
W_F_0016,27,24,0
W_F_0016,27,25,0
W_F_0016,27,26,0
W_F_0016,27,27,0
W_F_0016,27,28,0
W_F_0016,27,29,0
W_F_0016,27,30,0
W_F_0016,27,31,0
W_F_0016,28,3,1
W_F_0016,28,4,1
W_F_0016,28,5,1
W_F_0016,28,6,1
W_F_0016,28,7,1
W_F_0016,28,8,1
W_F_0016,28,9,0
W_F_0016,28,10,0
W_F_0016,28,11,0
W_F_0016,28,12,0
W_F_0016,28,13,0
W_F_0016,28,14,0
W_F_0016,28,15,0
W_F_0016,28,16,0
W_F_0016,28,17,0
W_F_0016,28,18,0
W_F_0016,28,19,0
W_F_0016,28,20,0
W_F_0016,28,21,1
W_F_0016,28,22,0
W_F_0016,28,23,0
W_F_0016,28,24,0
W_F_0016,28,25,0
W_F_0016,28,26,0
W_F_0016,28,27,0
W_F_0016,28,28,0
W_F_0016,28,29,0
W_F_0016,28,30,0
W_F_0016,28,31,0
W_F_0016,29,4,0
W_F_0016,29,5,1
W_F_0016,29,6,0
W_F_0016,29,7,1
W_F_0016,29,8,0
W_F_0016,29,9,1
W_F_0016,29,10,0
W_F_0016,29,11,0
W_F_0016,29,12,0
W_F_0016,29,13,0
W_F_0016,29,14,0
W_F_0016,29,15,0
W_F_0016,29,16,0
W_F_0016,29,17,0
W_F_0016,29,18,0
W_F_0016,29,19,0
W_F_0016,29,20,0
W_F_0016,29,21,0
W_F_0016,29,22,0
W_F_0016,29,23,0
W_F_0016,29,24,0
W_F_0016,29,25,0
W_F_0016,29,26,1
W_F_0016,29,27,1
W_F_0016,29,28,0
W_F_0016,29,29,0
W_F_0016,29,30,0
W_F_0016,30,5,1
W_F_0016,30,6,0
W_F_0016,30,7,1
W_F_0016,30,8,0
W_F_0016,30,9,0
W_F_0016,30,10,0
W_F_0016,30,11,0
W_F_0016,30,12,0
W_F_0016,30,13,0
W_F_0016,30,14,0
W_F_0016,30,15,0
W_F_0016,30,16,0
W_F_0016,30,17,0
W_F_0016,30,18,0
W_F_0016,30,19,0
W_F_0016,30,20,0
W_F_0016,30,21,0
W_F_0016,30,22,0
W_F_0016,30,23,0
W_F_0016,30,24,0
W_F_0016,30,25,0
W_F_0016,30,26,0
W_F_0016,30,27,0
W_F_0016,30,28,1
W_F_0016,30,29,1
W_F_0016,31,6,1
W_F_0016,31,7,0
W_F_0016,31,8,1
W_F_0016,31,9,0
W_F_0016,31,10,0
W_F_0016,31,11,0
W_F_0016,31,12,0
W_F_0016,31,13,0
W_F_0016,31,14,0
W_F_0016,31,15,0
W_F_0016,31,16,0
W_F_0016,31,17,0
W_F_0016,31,18,0
W_F_0016,31,19,0
W_F_0016,31,20,0
W_F_0016,31,21,0
W_F_0016,31,22,0
W_F_0016,31,23,0
W_F_0016,31,24,0
W_F_0016,31,25,0
W_F_0016,31,26,0
W_F_0016,31,27,1
W_F_0016,31,28,0
W_F_0016,32,7,1
W_F_0016,32,8,0
W_F_0016,32,9,0
W_F_0016,32,10,1
W_F_0016,32,11,1
W_F_0016,32,12,0
W_F_0016,32,13,0
W_F_0016,32,14,0
W_F_0016,32,15,1
W_F_0016,32,16,0
W_F_0016,32,17,0
W_F_0016,32,18,0
W_F_0016,32,19,0
W_F_0016,32,20,0
W_F_0016,32,21,0
W_F_0016,32,22,0
W_F_0016,32,23,0
W_F_0016,32,24,0
W_F_0016,32,25,0
W_F_0016,32,26,0
W_F_0016,32,27,0
W_F_0016,33,9,0
W_F_0016,33,10,1
W_F_0016,33,11,1
W_F_0016,33,12,0
W_F_0016,33,13,0
W_F_0016,33,14,0
W_F_0016,33,15,0
W_F_0016,33,16,0
W_F_0016,33,17,0
W_F_0016,33,18,1
W_F_0016,33,19,0
W_F_0016,33,20,0
W_F_0016,33,21,0
W_F_0016,33,22,0
W_F_0016,33,23,0
W_F_0016,33,24,1
W_F_0016,33,25,0
W_F_0016,34,11,1
W_F_0016,34,12,0
W_F_0016,34,13,0
W_F_0016,34,14,0
W_F_0016,34,15,0
W_F_0016,34,16,0
W_F_0016,34,17,0
W_F_0016,34,18,0
W_F_0016,34,19,0
W_F_0016,34,20,0
W_F_0016,34,21,0
W_F_0016,34,22,1
W_F_0016,34,23,0
W_F_0016,34,24,0
W_F_0016,35,13,1
W_F_0016,35,14,0
W_F_0016,35,15,1
W_F_0016,35,16,1
W_F_0016,35,17,0
W_F_0016,35,18,1
W_F_0016,35,19,0
W_F_0016,35,20,0
W_F_0016,35,21,1
W_N_0015,0,18,0
W_N_0015,0,19,0
W_N_0015,0,20,1
W_N_0015,0,21,0
W_N_0015,0,22,1
W_N_0015,0,23,1
W_N_0015,0,24,0
W_N_0015,1,14,1
W_N_0015,1,15,1
W_N_0015,1,16,0
W_N_0015,1,17,0
W_N_0015,1,18,0
W_N_0015,1,19,0
W_N_0015,1,20,0
W_N_0015,1,21,1
W_N_0015,1,22,0
W_N_0015,1,23,0
W_N_0015,1,24,0
W_N_0015,1,25,0
W_N_0015,1,26,0
W_N_0015,1,27,0
W_N_0015,2,12,0
W_N_0015,2,13,0
W_N_0015,2,14,0
W_N_0015,2,15,0
W_N_0015,2,16,0
W_N_0015,2,17,0
W_N_0015,2,18,0
W_N_0015,2,19,0
W_N_0015,2,20,0
W_N_0015,2,21,0
W_N_0015,2,22,0
W_N_0015,2,23,0
W_N_0015,2,24,0
W_N_0015,2,25,0
W_N_0015,2,26,1
W_N_0015,2,27,1
W_N_0015,2,28,0
W_N_0015,2,29,0
W_N_0015,3,10,1
W_N_0015,3,11,0
W_N_0015,3,12,1
W_N_0015,3,13,0
W_N_0015,3,14,0
W_N_0015,3,15,0
W_N_0015,3,16,0
W_N_0015,3,17,0
W_N_0015,3,18,0
W_N_0015,3,19,0
W_N_0015,3,20,1
W_N_0015,3,21,0
W_N_0015,3,22,0
W_N_0015,3,23,0
W_N_0015,3,24,0
W_N_0015,3,25,0
W_N_0015,3,26,0
W_N_0015,3,27,0
W_N_0015,3,28,0
W_N_0015,3,29,0
W_N_0015,3,30,0
W_N_0015,3,31,0
W_N_0015,4,9,0
W_N_0015,4,10,0
W_N_0015,4,11,0
W_N_0015,4,12,0
W_N_0015,4,13,0
W_N_0015,4,14,0
W_N_0015,4,15,1
W_N_0015,4,16,0
W_N_0015,4,17,0
W_N_0015,4,18,0
W_N_0015,4,19,0
W_N_0015,4,20,0
W_N_0015,4,21,0
W_N_0015,4,22,0
W_N_0015,4,23,1
W_N_0015,4,24,1
W_N_0015,4,25,1
W_N_0015,4,26,0
W_N_0015,4,27,0
W_N_0015,4,28,1
W_N_0015,4,29,0
W_N_0015,4,30,0
W_N_0015,4,31,0
W_N_0015,4,32,0
W_N_0015,4,33,0
W_N_0015,5,8,1
W_N_0015,5,9,0
W_N_0015,5,10,0
W_N_0015,5,11,0
W_N_0015,5,12,0
W_N_0015,5,13,0
W_N_0015,5,14,0
W_N_0015,5,15,0
W_N_0015,5,16,0
W_N_0015,5,17,0
W_N_0015,5,18,0
W_N_0015,5,19,0
W_N_0015,5,20,0
W_N_0015,5,21,0
W_N_0015,5,22,0
W_N_0015,5,23,0
W_N_0015,5,24,0
W_N_0015,5,25,0
W_N_0015,5,26,0
W_N_0015,5,27,0
W_N_0015,5,28,0
W_N_0015,5,29,1
W_N_0015,5,30,0
W_N_0015,5,31,0
W_N_0015,5,32,0
W_N_0015,5,33,0
W_N_0015,5,34,0
W_N_0015,6,7,0
W_N_0015,6,8,0
W_N_0015,6,9,0
W_N_0015,6,10,0
W_N_0015,6,11,0
W_N_0015,6,12,0
W_N_0015,6,13,1
W_N_0015,6,14,0
W_N_0015,6,15,0
W_N_0015,6,16,0
W_N_0015,6,17,0
W_N_0015,6,18,1
W_N_0015,6,19,0
W_N_0015,6,20,0
W_N_0015,6,21,0
W_N_0015,6,22,0
W_N_0015,6,23,0
W_N_0015,6,24,0
W_N_0015,6,25,0
W_N_0015,6,26,0
W_N_0015,6,27,0
W_N_0015,6,28,0
W_N_0015,6,29,1
W_N_0015,6,30,0
W_N_0015,6,31,0
W_N_0015,6,32,0
W_N_0015,6,33,0
W_N_0015,6,34,0
W_N_0015,6,35,0
W_N_0015,7,6,0
W_N_0015,7,7,0
W_N_0015,7,8,0
W_N_0015,7,9,0
W_N_0015,7,10,0
W_N_0015,7,11,0
W_N_0015,7,12,0
W_N_0015,7,13,0
W_N_0015,7,14,0
W_N_0015,7,15,0
W_N_0015,7,16,0
W_N_0015,7,17,0
W_N_0015,7,18,0
W_N_0015,7,19,1
W_N_0015,7,20,0
W_N_0015,7,21,0
W_N_0015,7,22,0
W_N_0015,7,23,0
W_N_0015,7,24,0
W_N_0015,7,25,0
W_N_0015,7,26,0
W_N_0015,7,27,0
W_N_0015,7,28,0
W_N_0015,7,29,1
W_N_0015,7,30,0
W_N_0015,7,31,0
W_N_0015,7,32,0
W_N_0015,7,33,0
W_N_0015,7,34,0
W_N_0015,7,35,0
W_N_0015,7,36,1
W_N_0015,8,5,0
W_N_0015,8,6,1
W_N_0015,8,7,0
W_N_0015,8,8,0
W_N_0015,8,9,0
W_N_0015,8,10,0
W_N_0015,8,11,0
W_N_0015,8,12,0
W_N_0015,8,13,0
W_N_0015,8,14,0
W_N_0015,8,15,0
W_N_0015,8,16,0
W_N_0015,8,17,0
W_N_0015,8,18,0
W_N_0015,8,19,0
W_N_0015,8,20,0
W_N_0015,8,21,0
W_N_0015,8,22,0
W_N_0015,8,23,0
W_N_0015,8,24,0
W_N_0015,8,25,0
W_N_0015,8,26,0
W_N_0015,8,27,0
W_N_0015,8,28,0
W_N_0015,8,29,0
W_N_0015,8,30,0
W_N_0015,8,31,0
W_N_0015,8,32,0
W_N_0015,8,33,0
W_N_0015,8,34,0
W_N_0015,8,35,0
W_N_0015,8,36,0
W_N_0015,9,4,0
W_N_0015,9,5,0
W_N_0015,9,6,1
W_N_0015,9,7,0
W_N_0015,9,8,0
W_N_0015,9,9,0
W_N_0015,9,10,0
W_N_0015,9,11,0
W_N_0015,9,12,0
W_N_0015,9,13,0
W_N_0015,9,14,0
W_N_0015,9,15,0
W_N_0015,9,16,0
W_N_0015,9,17,0
W_N_0015,9,18,0
W_N_0015,9,19,0
W_N_0015,9,20,0
W_N_0015,9,21,0
W_N_0015,9,22,0
W_N_0015,9,23,1
W_N_0015,9,24,0
W_N_0015,9,25,0
W_N_0015,9,26,0
W_N_0015,9,27,0
W_N_0015,9,28,0
W_N_0015,9,29,0
W_N_0015,9,30,0
W_N_0015,9,31,0
W_N_0015,9,32,0
W_N_0015,9,33,0
W_N_0015,9,34,0
W_N_0015,9,35,0
W_N_0015,9,36,1
W_N_0015,9,37,0
W_N_0015,10,4,1
W_N_0015,10,5,0
W_N_0015,10,6,0
W_N_0015,10,7,0
W_N_0015,10,8,1
W_N_0015,10,9,0
W_N_0015,10,10,0
W_N_0015,10,11,0
W_N_0015,10,12,0
W_N_0015,10,13,0
W_N_0015,10,14,0
W_N_0015,10,15,1
W_N_0015,10,16,0
W_N_0015,10,17,0
W_N_0015,10,18,0
W_N_0015,10,19,1
W_N_0015,10,20,0
W_N_0015,10,21,0
W_N_0015,10,22,0
W_N_0015,10,23,0
W_N_0015,10,24,0
W_N_0015,10,25,0
W_N_0015,10,26,0
W_N_0015,10,27,0
W_N_0015,10,28,0
W_N_0015,10,29,0
W_N_0015,10,30,1
W_N_0015,10,31,0
W_N_0015,10,32,0
W_N_0015,10,33,0
W_N_0015,10,34,0
W_N_0015,10,35,1
W_N_0015,10,36,0
W_N_0015,10,37,0
W_N_0015,10,38,0
W_N_0015,11,3,0
W_N_0015,11,4,0
W_N_0015,11,5,1
W_N_0015,11,6,0
W_N_0015,11,7,0
W_N_0015,11,8,0
W_N_0015,11,9,0
W_N_0015,11,10,0
W_N_0015,11,11,0
W_N_0015,11,12,1
W_N_0015,11,13,0
W_N_0015,11,14,0
W_N_0015,11,15,0
W_N_0015,11,16,0
W_N_0015,11,17,0
W_N_0015,11,18,0
W_N_0015,11,19,0
W_N_0015,11,20,0
W_N_0015,11,21,0
W_N_0015,11,22,0
W_N_0015,11,23,0
W_N_0015,11,24,0
W_N_0015,11,25,0
W_N_0015,11,26,0
W_N_0015,11,27,0
W_N_0015,11,28,0
W_N_0015,11,29,0
W_N_0015,11,30,0
W_N_0015,11,31,0
W_N_0015,11,32,1
W_N_0015,11,33,0
W_N_0015,11,34,0
W_N_0015,11,35,0
W_N_0015,11,36,0
W_N_0015,11,37,0
W_N_0015,11,38,0
W_N_0015,12,3,0
W_N_0015,12,4,0
W_N_0015,12,5,0
W_N_0015,12,6,0
W_N_0015,12,7,0
W_N_0015,12,8,0
W_N_0015,12,9,0
W_N_0015,12,10,0
W_N_0015,12,11,0
W_N_0015,12,12,0
W_N_0015,12,13,0
W_N_0015,12,14,0
W_N_0015,12,15,0
W_N_0015,12,16,0
W_N_0015,12,17,0
W_N_0015,12,18,0
W_N_0015,12,19,0
W_N_0015,12,20,0
W_N_0015,12,21,0
W_N_0015,12,22,0
W_N_0015,12,23,0
W_N_0015,12,24,0
W_N_0015,12,25,0
W_N_0015,12,26,0
W_N_0015,12,27,0
W_N_0015,12,28,0
W_N_0015,12,29,0
W_N_0015,12,30,0
W_N_0015,12,31,0
W_N_0015,12,32,0
W_N_0015,12,33,0
W_N_0015,12,34,0
W_N_0015,12,35,0
W_N_0015,12,36,0
W_N_0015,12,37,0
W_N_0015,12,38,0
W_N_0015,12,39,0
W_N_0015,13,2,0
W_N_0015,13,3,0
W_N_0015,13,4,0
W_N_0015,13,5,0
W_N_0015,13,6,0
W_N_0015,13,7,0
W_N_0015,13,8,0
W_N_0015,13,9,0
W_N_0015,13,10,0
W_N_0015,13,11,0
W_N_0015,13,12,0
W_N_0015,13,13,0
W_N_0015,13,14,1
W_N_0015,13,15,0
W_N_0015,13,16,0
W_N_0015,13,17,0
W_N_0015,13,18,0
W_N_0015,13,19,0
W_N_0015,13,20,1
W_N_0015,13,21,0
W_N_0015,13,22,0
W_N_0015,13,23,0
W_N_0015,13,24,0
W_N_0015,13,25,0
W_N_0015,13,26,0
W_N_0015,13,27,0
W_N_0015,13,28,0
W_N_0015,13,29,0
W_N_0015,13,30,0
W_N_0015,13,31,0
W_N_0015,13,32,0
W_N_0015,13,33,0
W_N_0015,13,34,0
W_N_0015,13,35,0
W_N_0015,13,36,0
W_N_0015,13,37,0
W_N_0015,13,38,0
W_N_0015,13,39,0
W_N_0015,14,2,0
W_N_0015,14,3,0
W_N_0015,14,4,0
W_N_0015,14,5,0
W_N_0015,14,6,0
W_N_0015,14,7,0
W_N_0015,14,8,0
W_N_0015,14,9,0
W_N_0015,14,10,0
W_N_0015,14,11,0
W_N_0015,14,12,0
W_N_0015,14,13,0
W_N_0015,14,14,0
W_N_0015,14,15,0
W_N_0015,14,16,0
W_N_0015,14,17,0
W_N_0015,14,18,0
W_N_0015,14,19,0
W_N_0015,14,20,0
W_N_0015,14,21,0
W_N_0015,14,22,1
W_N_0015,14,23,1
W_N_0015,14,24,0
W_N_0015,14,25,0
W_N_0015,14,26,0
W_N_0015,14,27,0
W_N_0015,14,28,0
W_N_0015,14,29,0
W_N_0015,14,30,0
W_N_0015,14,31,0
W_N_0015,14,32,0
W_N_0015,14,33,0
W_N_0015,14,34,0
W_N_0015,14,35,0
W_N_0015,14,36,0
W_N_0015,14,37,0
W_N_0015,14,38,0
W_N_0015,14,39,0
W_N_0015,14,40,0
W_N_0015,15,1,0
W_N_0015,15,2,1
W_N_0015,15,3,0
W_N_0015,15,4,0
W_N_0015,15,5,0
W_N_0015,15,6,0
W_N_0015,15,7,0
W_N_0015,15,8,0
W_N_0015,15,9,0
W_N_0015,15,10,0
W_N_0015,15,11,0
W_N_0015,15,12,1
W_N_0015,15,13,1
W_N_0015,15,14,0
W_N_0015,15,15,0
W_N_0015,15,16,0
W_N_0015,15,17,0
W_N_0015,15,18,0
W_N_0015,15,19,0
W_N_0015,15,20,0
W_N_0015,15,21,0
W_N_0015,15,22,0
W_N_0015,15,23,0
W_N_0015,15,24,0
W_N_0015,15,25,0
W_N_0015,15,26,0
W_N_0015,15,27,0
W_N_0015,15,28,0
W_N_0015,15,29,0
W_N_0015,15,30,0
W_N_0015,15,31,0
W_N_0015,15,32,0
W_N_0015,15,33,0
W_N_0015,15,34,0
W_N_0015,15,35,0
W_N_0015,15,36,1
W_N_0015,15,37,0
W_N_0015,15,38,0
W_N_0015,15,39,0
W_N_0015,15,40,0
W_N_0015,16,1,0
W_N_0015,16,2,0
W_N_0015,16,3,0
W_N_0015,16,4,1
W_N_0015,16,5,0
W_N_0015,16,6,0
W_N_0015,16,7,0
W_N_0015,16,8,0
W_N_0015,16,9,0
W_N_0015,16,10,0
W_N_0015,16,11,0
W_N_0015,16,12,0
W_N_0015,16,13,0
W_N_0015,16,14,0
W_N_0015,16,15,0
W_N_0015,16,16,0
W_N_0015,16,17,0
W_N_0015,16,18,0
W_N_0015,16,19,0
W_N_0015,16,20,0
W_N_0015,16,21,0
W_N_0015,16,22,0
W_N_0015,16,23,0
W_N_0015,16,24,1
W_N_0015,16,25,0
W_N_0015,16,26,0
W_N_0015,16,27,0
W_N_0015,16,28,0
W_N_0015,16,29,0
W_N_0015,16,30,0
W_N_0015,16,31,0
W_N_0015,16,32,0
W_N_0015,16,33,0
W_N_0015,16,34,0
W_N_0015,16,35,0
W_N_0015,16,36,1
W_N_0015,16,37,0
W_N_0015,16,38,0
W_N_0015,16,39,0
W_N_0015,16,40,0
W_N_0015,17,1,0
W_N_0015,17,2,0
W_N_0015,17,3,0
W_N_0015,17,4,0
W_N_0015,17,5,0
W_N_0015,17,6,0
W_N_0015,17,7,1
W_N_0015,17,8,0
W_N_0015,17,9,0
W_N_0015,17,10,0
W_N_0015,17,11,1
W_N_0015,17,12,0
W_N_0015,17,13,0
W_N_0015,17,14,0
W_N_0015,17,15,0
W_N_0015,17,16,0
W_N_0015,17,17,0
W_N_0015,17,18,0
W_N_0015,17,19,0
W_N_0015,17,20,0
W_N_0015,17,21,0
W_N_0015,17,22,0
W_N_0015,17,23,0
W_N_0015,17,24,0
W_N_0015,17,25,0
W_N_0015,17,26,0
W_N_0015,17,27,0
W_N_0015,17,28,0
W_N_0015,17,29,0
W_N_0015,17,30,0
W_N_0015,17,31,0
W_N_0015,17,32,1
W_N_0015,17,33,0
W_N_0015,17,34,0
W_N_0015,17,35,0
W_N_0015,17,36,0
W_N_0015,17,37,0
W_N_0015,17,38,0
W_N_0015,17,39,0
W_N_0015,17,40,0
W_N_0015,17,41,0
W_N_0015,18,1,0
W_N_0015,18,2,0
W_N_0015,18,3,0
W_N_0015,18,4,0
W_N_0015,18,5,0
W_N_0015,18,6,0
W_N_0015,18,7,0
W_N_0015,18,8,0
W_N_0015,18,9,0
W_N_0015,18,10,0
W_N_0015,18,11,0
W_N_0015,18,12,0
W_N_0015,18,13,0
W_N_0015,18,14,0
W_N_0015,18,15,0
W_N_0015,18,16,1
W_N_0015,18,17,0
W_N_0015,18,18,0
W_N_0015,18,19,0
W_N_0015,18,20,0
W_N_0015,18,21,0
W_N_0015,18,22,0
W_N_0015,18,23,0
W_N_0015,18,24,0
W_N_0015,18,25,0
W_N_0015,18,26,0
W_N_0015,18,27,0
W_N_0015,18,28,0
W_N_0015,18,29,0
W_N_0015,18,30,0
W_N_0015,18,31,0
W_N_0015,18,32,0
W_N_0015,18,33,0
W_N_0015,18,34,0
W_N_0015,18,35,0
W_N_0015,18,36,0
W_N_0015,18,37,0
W_N_0015,18,38,0
W_N_0015,18,39,0
W_N_0015,18,40,0
W_N_0015,18,41,0
W_N_0015,19,0,0
W_N_0015,19,1,0
W_N_0015,19,2,0
W_N_0015,19,3,0
W_N_0015,19,4,0
W_N_0015,19,5,0
W_N_0015,19,6,0
W_N_0015,19,7,0
W_N_0015,19,8,0
W_N_0015,19,9,0
W_N_0015,19,10,0
W_N_0015,19,11,0
W_N_0015,19,12,0
W_N_0015,19,13,0
W_N_0015,19,14,0
W_N_0015,19,15,1
W_N_0015,19,16,0
W_N_0015,19,17,0
W_N_0015,19,18,0
W_N_0015,19,19,0
W_N_0015,19,20,0
W_N_0015,19,21,0
W_N_0015,19,22,0
W_N_0015,19,23,0
W_N_0015,19,24,0
W_N_0015,19,25,0
W_N_0015,19,26,0
W_N_0015,19,27,0
W_N_0015,19,28,0
W_N_0015,19,29,0
W_N_0015,19,30,0
W_N_0015,19,31,0
W_N_0015,19,32,0
W_N_0015,19,33,0
W_N_0015,19,34,1
W_N_0015,19,35,0
W_N_0015,19,36,0
W_N_0015,19,37,0
W_N_0015,19,38,0
W_N_0015,19,39,0
W_N_0015,19,40,1
W_N_0015,19,41,0
W_N_0015,20,0,0
W_N_0015,20,1,0
W_N_0015,20,2,1
W_N_0015,20,3,0
W_N_0015,20,4,0
W_N_0015,20,5,0
W_N_0015,20,6,0
W_N_0015,20,7,0
W_N_0015,20,8,0
W_N_0015,20,9,0
W_N_0015,20,10,0
W_N_0015,20,11,0
W_N_0015,20,12,0
W_N_0015,20,13,0
W_N_0015,20,14,0
W_N_0015,20,15,0
W_N_0015,20,16,0
W_N_0015,20,17,0
W_N_0015,20,18,0
W_N_0015,20,19,0
W_N_0015,20,20,0
W_N_0015,20,21,0
W_N_0015,20,22,0
W_N_0015,20,23,0
W_N_0015,20,24,0
W_N_0015,20,25,0
W_N_0015,20,26,1
W_N_0015,20,27,1
W_N_0015,20,28,0
W_N_0015,20,29,0
W_N_0015,20,30,0
W_N_0015,20,31,0
W_N_0015,20,32,0
W_N_0015,20,33,0
W_N_0015,20,34,0
W_N_0015,20,35,0
W_N_0015,20,36,0
W_N_0015,20,37,0
W_N_0015,20,38,0
W_N_0015,20,39,0
W_N_0015,20,40,0
W_N_0015,20,41,1
W_N_0015,21,0,0
W_N_0015,21,1,0
W_N_0015,21,2,0
W_N_0015,21,3,0
W_N_0015,21,4,0
W_N_0015,21,5,0
W_N_0015,21,6,0
W_N_0015,21,7,0
W_N_0015,21,8,0
W_N_0015,21,9,0
W_N_0015,21,10,0
W_N_0015,21,11,0
W_N_0015,21,12,0
W_N_0015,21,13,0
W_N_0015,21,14,0
W_N_0015,21,15,0
W_N_0015,21,16,0
W_N_0015,21,17,0
W_N_0015,21,18,0
W_N_0015,21,19,0
W_N_0015,21,20,0
W_N_0015,21,21,0
W_N_0015,21,22,0
W_N_0015,21,23,0
W_N_0015,21,24,1
W_N_0015,21,25,0
W_N_0015,21,26,0
W_N_0015,21,27,0
W_N_0015,21,28,0
W_N_0015,21,29,0
W_N_0015,21,30,0
W_N_0015,21,31,0
W_N_0015,21,32,0
W_N_0015,21,33,0
W_N_0015,21,34,0
W_N_0015,21,35,0
W_N_0015,21,36,0
W_N_0015,21,37,1
W_N_0015,21,38,0
W_N_0015,21,39,0
W_N_0015,21,40,0
W_N_0015,21,41,1
W_N_0015,22,0,0
W_N_0015,22,1,1
W_N_0015,22,2,1
W_N_0015,22,3,1
W_N_0015,22,4,0
W_N_0015,22,5,0
W_N_0015,22,6,0
W_N_0015,22,7,0
W_N_0015,22,8,0
W_N_0015,22,9,0
W_N_0015,22,10,0
W_N_0015,22,11,0
W_N_0015,22,12,0
W_N_0015,22,13,0
W_N_0015,22,14,0
W_N_0015,22,15,1
W_N_0015,22,16,0
W_N_0015,22,17,0
W_N_0015,22,18,0
W_N_0015,22,19,0
W_N_0015,22,20,0
W_N_0015,22,21,0
W_N_0015,22,22,1
W_N_0015,22,23,0
W_N_0015,22,24,1
W_N_0015,22,25,0
W_N_0015,22,26,0
W_N_0015,22,27,0
W_N_0015,22,28,0
W_N_0015,22,29,0
W_N_0015,22,30,0
W_N_0015,22,31,0
W_N_0015,22,32,0
W_N_0015,22,33,0
W_N_0015,22,34,0
W_N_0015,22,35,1
W_N_0015,22,36,0
W_N_0015,22,37,0
W_N_0015,22,38,0
W_N_0015,22,39,0
W_N_0015,22,40,0
W_N_0015,22,41,0
W_N_0015,23,0,0
W_N_0015,23,1,0
W_N_0015,23,2,0
W_N_0015,23,3,0
W_N_0015,23,4,0
W_N_0015,23,5,0
W_N_0015,23,6,0
W_N_0015,23,7,0
W_N_0015,23,8,0
W_N_0015,23,9,0
W_N_0015,23,10,0
W_N_0015,23,11,0
W_N_0015,23,12,0
W_N_0015,23,13,0
W_N_0015,23,14,0
W_N_0015,23,15,0
W_N_0015,23,16,0
W_N_0015,23,17,1
W_N_0015,23,18,0
W_N_0015,23,19,1
W_N_0015,23,20,0
W_N_0015,23,21,0
W_N_0015,23,22,1
W_N_0015,23,23,0
W_N_0015,23,24,0
W_N_0015,23,25,0
W_N_0015,23,26,0
W_N_0015,23,27,1
W_N_0015,23,28,0
W_N_0015,23,29,0
W_N_0015,23,30,1
W_N_0015,23,31,0
W_N_0015,23,32,0
W_N_0015,23,33,1
W_N_0015,23,34,0
W_N_0015,23,35,0
W_N_0015,23,36,0
W_N_0015,23,37,0
W_N_0015,23,38,0
W_N_0015,23,39,0
W_N_0015,23,40,1
W_N_0015,23,41,0
W_N_0015,24,0,0
W_N_0015,24,1,0
W_N_0015,24,2,0
W_N_0015,24,3,1
W_N_0015,24,4,1
W_N_0015,24,5,0
W_N_0015,24,6,0
W_N_0015,24,7,1
W_N_0015,24,8,0
W_N_0015,24,9,0
W_N_0015,24,10,0
W_N_0015,24,11,0
W_N_0015,24,12,0
W_N_0015,24,13,0
W_N_0015,24,14,0
W_N_0015,24,15,0
W_N_0015,24,16,0
W_N_0015,24,17,0
W_N_0015,24,18,0
W_N_0015,24,19,0
W_N_0015,24,20,0
W_N_0015,24,21,0
W_N_0015,24,22,0
W_N_0015,24,23,0
W_N_0015,24,24,0
W_N_0015,24,25,0
W_N_0015,24,26,0
W_N_0015,24,27,0
W_N_0015,24,28,0
W_N_0015,24,29,0
W_N_0015,24,30,0
W_N_0015,24,31,0
W_N_0015,24,32,0
W_N_0015,24,33,0
W_N_0015,24,34,0
W_N_0015,24,35,0
W_N_0015,24,36,0
W_N_0015,24,37,1
W_N_0015,24,38,0
W_N_0015,24,39,0
W_N_0015,24,40,1
W_N_0015,24,41,0
W_N_0015,25,0,0
W_N_0015,25,1,0
W_N_0015,25,2,0
W_N_0015,25,3,0
W_N_0015,25,4,0
W_N_0015,25,5,0
W_N_0015,25,6,1
W_N_0015,25,7,0
W_N_0015,25,8,0
W_N_0015,25,9,0
W_N_0015,25,10,0
W_N_0015,25,11,0
W_N_0015,25,12,0
W_N_0015,25,13,0
W_N_0015,25,14,0
W_N_0015,25,15,0
W_N_0015,25,16,0
W_N_0015,25,17,0
W_N_0015,25,18,0
W_N_0015,25,19,0
W_N_0015,25,20,0
W_N_0015,25,21,0
W_N_0015,25,22,0
W_N_0015,25,23,0
W_N_0015,25,24,0
W_N_0015,25,25,0
W_N_0015,25,26,0
W_N_0015,25,27,0
W_N_0015,25,28,0
W_N_0015,25,29,0
W_N_0015,25,30,0
W_N_0015,25,31,0
W_N_0015,25,32,0
W_N_0015,25,33,0
W_N_0015,25,34,0
W_N_0015,25,35,0
W_N_0015,25,36,0
W_N_0015,25,37,0
W_N_0015,25,38,1
W_N_0015,25,39,0
W_N_0015,25,40,1
W_N_0015,25,41,0
W_N_0015,26,0,0
W_N_0015,26,1,0
W_N_0015,26,2,0
W_N_0015,26,3,0
W_N_0015,26,4,1
W_N_0015,26,5,0
W_N_0015,26,6,0
W_N_0015,26,7,0
W_N_0015,26,8,0
W_N_0015,26,9,0
W_N_0015,26,10,0
W_N_0015,26,11,0
W_N_0015,26,12,1
W_N_0015,26,13,0
W_N_0015,26,14,0
W_N_0015,26,15,0
W_N_0015,26,16,0
W_N_0015,26,17,0
W_N_0015,26,18,0
W_N_0015,26,19,0
W_N_0015,26,20,0
W_N_0015,26,21,0
W_N_0015,26,22,0
W_N_0015,26,23,0
W_N_0015,26,24,1
W_N_0015,26,25,0
W_N_0015,26,26,1
W_N_0015,26,27,0
W_N_0015,26,28,0
W_N_0015,26,29,0
W_N_0015,26,30,0
W_N_0015,26,31,1
W_N_0015,26,32,0
W_N_0015,26,33,0
W_N_0015,26,34,0
W_N_0015,26,35,0
W_N_0015,26,36,0
W_N_0015,26,37,0
W_N_0015,26,38,0
W_N_0015,26,39,0
W_N_0015,26,40,0
W_N_0015,26,41,0
W_N_0015,27,1,0
W_N_0015,27,2,0
W_N_0015,27,3,0
W_N_0015,27,4,0
W_N_0015,27,5,0
W_N_0015,27,6,0
W_N_0015,27,7,0
W_N_0015,27,8,0
W_N_0015,27,9,0
W_N_0015,27,10,0
W_N_0015,27,11,1
W_N_0015,27,12,0
W_N_0015,27,13,0
W_N_0015,27,14,1
W_N_0015,27,15,0
W_N_0015,27,16,0
W_N_0015,27,17,0
W_N_0015,27,18,0
W_N_0015,27,19,0
W_N_0015,27,20,0
W_N_0015,27,21,0
W_N_0015,27,22,0
W_N_0015,27,23,0
W_N_0015,27,24,0
W_N_0015,27,25,0
W_N_0015,27,26,0
W_N_0015,27,27,0
W_N_0015,27,28,0
W_N_0015,27,29,0
W_N_0015,27,30,0
W_N_0015,27,31,1
W_N_0015,27,32,0
W_N_0015,27,33,0
W_N_0015,27,34,0
W_N_0015,27,35,0
W_N_0015,27,36,0
W_N_0015,27,37,0
W_N_0015,27,38,0
W_N_0015,27,39,0
W_N_0015,27,40,0
W_N_0015,27,41,0
W_N_0015,28,1,0
W_N_0015,28,2,0
W_N_0015,28,3,0
W_N_0015,28,4,0
W_N_0015,28,5,0
W_N_0015,28,6,0
W_N_0015,28,7,0
W_N_0015,28,8,0
W_N_0015,28,9,0
W_N_0015,28,10,0
W_N_0015,28,11,0
W_N_0015,28,12,0
W_N_0015,28,13,0
W_N_0015,28,14,0
W_N_0015,28,15,0
W_N_0015,28,16,0
W_N_0015,28,17,0
W_N_0015,28,18,0
W_N_0015,28,19,0
W_N_0015,28,20,0
W_N_0015,28,21,0
W_N_0015,28,22,0
W_N_0015,28,23,0
W_N_0015,28,24,0
W_N_0015,28,25,0
W_N_0015,28,26,0
W_N_0015,28,27,0
W_N_0015,28,28,1
W_N_0015,28,29,0
W_N_0015,28,30,1
W_N_0015,28,31,0
W_N_0015,28,32,0
W_N_0015,28,33,0
W_N_0015,28,34,0
W_N_0015,28,35,0
W_N_0015,28,36,0
W_N_0015,28,37,0
W_N_0015,28,38,0
W_N_0015,28,39,1
W_N_0015,28,40,0
W_N_0015,28,41,1
W_N_0015,29,2,0
W_N_0015,29,3,0
W_N_0015,29,4,0
W_N_0015,29,5,0
W_N_0015,29,6,0
W_N_0015,29,7,0
W_N_0015,29,8,0
W_N_0015,29,9,0
W_N_0015,29,10,0
W_N_0015,29,11,0
W_N_0015,29,12,0
W_N_0015,29,13,1
W_N_0015,29,14,0
W_N_0015,29,15,0
W_N_0015,29,16,0
W_N_0015,29,17,1
W_N_0015,29,18,0
W_N_0015,29,19,0
W_N_0015,29,20,0
W_N_0015,29,21,0
W_N_0015,29,22,0
W_N_0015,29,23,0
W_N_0015,29,24,0
W_N_0015,29,25,0
W_N_0015,29,26,0
W_N_0015,29,27,0
W_N_0015,29,28,0
W_N_0015,29,29,1
W_N_0015,29,30,0
W_N_0015,29,31,0
W_N_0015,29,32,0
W_N_0015,29,33,0
W_N_0015,29,34,0
W_N_0015,29,35,0
W_N_0015,29,36,0
W_N_0015,29,37,0
W_N_0015,29,38,0
W_N_0015,29,39,1
W_N_0015,29,40,1
W_N_0015,30,2,0
W_N_0015,30,3,0
W_N_0015,30,4,0
W_N_0015,30,5,0
W_N_0015,30,6,1
W_N_0015,30,7,0
W_N_0015,30,8,0
W_N_0015,30,9,0
W_N_0015,30,10,0
W_N_0015,30,11,1
W_N_0015,30,12,0
W_N_0015,30,13,0
W_N_0015,30,14,1
W_N_0015,30,15,0
W_N_0015,30,16,0
W_N_0015,30,17,0
W_N_0015,30,18,0
W_N_0015,30,19,0
W_N_0015,30,20,1
W_N_0015,30,21,0
W_N_0015,30,22,1
W_N_0015,30,23,0
W_N_0015,30,24,0
W_N_0015,30,25,0
W_N_0015,30,26,0
W_N_0015,30,27,0
W_N_0015,30,28,0
W_N_0015,30,29,0
W_N_0015,30,30,0
W_N_0015,30,31,0
W_N_0015,30,32,0
W_N_0015,30,33,0
W_N_0015,30,34,0
W_N_0015,30,35,0
W_N_0015,30,36,0
W_N_0015,30,37,1
W_N_0015,30,38,0
W_N_0015,30,39,0
W_N_0015,30,40,0
W_N_0015,31,2,1
W_N_0015,31,3,0
W_N_0015,31,4,0
W_N_0015,31,5,0
W_N_0015,31,6,1
W_N_0015,31,7,0
W_N_0015,31,8,0
W_N_0015,31,9,0
W_N_0015,31,10,0
W_N_0015,31,11,1
W_N_0015,31,12,0
W_N_0015,31,13,0
W_N_0015,31,14,0
W_N_0015,31,15,0
W_N_0015,31,16,0
W_N_0015,31,17,0
W_N_0015,31,18,0
W_N_0015,31,19,1
W_N_0015,31,20,0
W_N_0015,31,21,0
W_N_0015,31,22,0
W_N_0015,31,23,0
W_N_0015,31,24,0
W_N_0015,31,25,0
W_N_0015,31,26,0
W_N_0015,31,27,0
W_N_0015,31,28,0
W_N_0015,31,29,0
W_N_0015,31,30,0
W_N_0015,31,31,1
W_N_0015,31,32,0
W_N_0015,31,33,0
W_N_0015,31,34,0
W_N_0015,31,35,0
W_N_0015,31,36,0
W_N_0015,31,37,1
W_N_0015,31,38,0
W_N_0015,31,39,0
W_N_0015,31,40,0
W_N_0015,32,2,0
W_N_0015,32,3,0
W_N_0015,32,4,0
W_N_0015,32,5,0
W_N_0015,32,6,0
W_N_0015,32,7,0
W_N_0015,32,8,0
W_N_0015,32,9,0
W_N_0015,32,10,0
W_N_0015,32,11,0
W_N_0015,32,12,0
W_N_0015,32,13,1
W_N_0015,32,14,0
W_N_0015,32,15,0
W_N_0015,32,16,0
W_N_0015,32,17,0
W_N_0015,32,18,0
W_N_0015,32,19,1
W_N_0015,32,20,0
W_N_0015,32,21,0
W_N_0015,32,22,0
W_N_0015,32,23,0
W_N_0015,32,24,0
W_N_0015,32,25,0
W_N_0015,32,26,0
W_N_0015,32,27,0
W_N_0015,32,28,0
W_N_0015,32,29,0
W_N_0015,32,30,0
W_N_0015,32,31,0
W_N_0015,32,32,0
W_N_0015,32,33,0
W_N_0015,32,34,0
W_N_0015,32,35,1
W_N_0015,32,36,0
W_N_0015,32,37,1
W_N_0015,32,38,0
W_N_0015,32,39,0
W_N_0015,33,3,0
W_N_0015,33,4,0
W_N_0015,33,5,0
W_N_0015,33,6,0
W_N_0015,33,7,0
W_N_0015,33,8,0
W_N_0015,33,9,1
W_N_0015,33,10,0
W_N_0015,33,11,0
W_N_0015,33,12,0
W_N_0015,33,13,0
W_N_0015,33,14,0
W_N_0015,33,15,0
W_N_0015,33,16,0
W_N_0015,33,17,0
W_N_0015,33,18,0
W_N_0015,33,19,0
W_N_0015,33,20,0
W_N_0015,33,21,0
W_N_0015,33,22,0
W_N_0015,33,23,0
W_N_0015,33,24,0
W_N_0015,33,25,0
W_N_0015,33,26,0
W_N_0015,33,27,0
W_N_0015,33,28,0
W_N_0015,33,29,0
W_N_0015,33,30,1
W_N_0015,33,31,0
W_N_0015,33,32,1
W_N_0015,33,33,0
W_N_0015,33,34,0
W_N_0015,33,35,0
W_N_0015,33,36,0
W_N_0015,33,37,0
W_N_0015,33,38,0
W_N_0015,33,39,0
W_N_0015,34,4,0
W_N_0015,34,5,0
W_N_0015,34,6,0
W_N_0015,34,7,0
W_N_0015,34,8,0
W_N_0015,34,9,0
W_N_0015,34,10,1
W_N_0015,34,11,1
W_N_0015,34,12,0
W_N_0015,34,13,0
W_N_0015,34,14,0
W_N_0015,34,15,0
W_N_0015,34,16,0
W_N_0015,34,17,0
W_N_0015,34,18,0
W_N_0015,34,19,0
W_N_0015,34,20,0
W_N_0015,34,21,0
W_N_0015,34,22,0
W_N_0015,34,23,0
W_N_0015,34,24,0
W_N_0015,34,25,0
W_N_0015,34,26,0
W_N_0015,34,27,0
W_N_0015,34,28,0
W_N_0015,34,29,0
W_N_0015,34,30,0
W_N_0015,34,31,0
W_N_0015,34,32,0
W_N_0015,34,33,0
W_N_0015,34,34,0
W_N_0015,34,35,0
W_N_0015,34,36,0
W_N_0015,34,37,0
W_N_0015,34,38,0
W_N_0015,35,4,0
W_N_0015,35,5,0
W_N_0015,35,6,0
W_N_0015,35,7,0
W_N_0015,35,8,0
W_N_0015,35,9,0
W_N_0015,35,10,1
W_N_0015,35,11,0
W_N_0015,35,12,0
W_N_0015,35,13,0
W_N_0015,35,14,0
W_N_0015,35,15,0
W_N_0015,35,16,0
W_N_0015,35,17,0
W_N_0015,35,18,0
W_N_0015,35,19,0
W_N_0015,35,20,0
W_N_0015,35,21,1
W_N_0015,35,22,0
W_N_0015,35,23,0
W_N_0015,35,24,0
W_N_0015,35,25,0
W_N_0015,35,26,0
W_N_0015,35,27,0
W_N_0015,35,28,0
W_N_0015,35,29,0
W_N_0015,35,30,0
W_N_0015,35,31,1
W_N_0015,35,32,0
W_N_0015,35,33,0
W_N_0015,35,34,0
W_N_0015,35,35,0
W_N_0015,35,36,0
W_N_0015,35,37,0
W_N_0015,36,5,0
W_N_0015,36,6,0
W_N_0015,36,7,0
W_N_0015,36,8,0
W_N_0015,36,9,0
W_N_0015,36,10,0
W_N_0015,36,11,0
W_N_0015,36,12,0
W_N_0015,36,13,0
W_N_0015,36,14,0
W_N_0015,36,15,1
W_N_0015,36,16,0
W_N_0015,36,17,0
W_N_0015,36,18,0
W_N_0015,36,19,0
W_N_0015,36,20,0
W_N_0015,36,21,0
W_N_0015,36,22,0
W_N_0015,36,23,0
W_N_0015,36,24,0
W_N_0015,36,25,0
W_N_0015,36,26,0
W_N_0015,36,27,0
W_N_0015,36,28,1
W_N_0015,36,29,0
W_N_0015,36,30,0
W_N_0015,36,31,0
W_N_0015,36,32,0
W_N_0015,36,33,0
W_N_0015,36,34,0
W_N_0015,36,35,0
W_N_0015,36,36,0
W_N_0015,36,37,0
W_N_0015,37,5,0
W_N_0015,37,6,0
W_N_0015,37,7,0
W_N_0015,37,8,1
W_N_0015,37,9,0
W_N_0015,37,10,0
W_N_0015,37,11,0
W_N_0015,37,12,0
W_N_0015,37,13,0
W_N_0015,37,14,0
W_N_0015,37,15,0
W_N_0015,37,16,0
W_N_0015,37,17,0
W_N_0015,37,18,0
W_N_0015,37,19,0
W_N_0015,37,20,0
W_N_0015,37,21,0
W_N_0015,37,22,0
W_N_0015,37,23,0
W_N_0015,37,24,0
W_N_0015,37,25,0
W_N_0015,37,26,0
W_N_0015,37,27,0
W_N_0015,37,28,0
W_N_0015,37,29,0
W_N_0015,37,30,0
W_N_0015,37,31,0
W_N_0015,37,32,1
W_N_0015,37,33,0
W_N_0015,37,34,0
W_N_0015,37,35,0
W_N_0015,37,36,0
W_N_0015,38,6,0
W_N_0015,38,7,0
W_N_0015,38,8,0
W_N_0015,38,9,1
W_N_0015,38,10,1
W_N_0015,38,11,0
W_N_0015,38,12,0
W_N_0015,38,13,0
W_N_0015,38,14,0
W_N_0015,38,15,0
W_N_0015,38,16,0
W_N_0015,38,17,0
W_N_0015,38,18,0
W_N_0015,38,19,0
W_N_0015,38,20,0
W_N_0015,38,21,0
W_N_0015,38,22,0
W_N_0015,38,23,0
W_N_0015,38,24,0
W_N_0015,38,25,0
W_N_0015,38,26,0
W_N_0015,38,27,0
W_N_0015,38,28,0
W_N_0015,38,29,0
W_N_0015,38,30,0
W_N_0015,38,31,0
W_N_0015,38,32,0
W_N_0015,38,33,0
W_N_0015,38,34,0
W_N_0015,38,35,0
W_N_0015,39,7,1
W_N_0015,39,8,0
W_N_0015,39,9,0
W_N_0015,39,10,0
W_N_0015,39,11,0
W_N_0015,39,12,0
W_N_0015,39,13,0
W_N_0015,39,14,0
W_N_0015,39,15,0
W_N_0015,39,16,0
W_N_0015,39,17,0
W_N_0015,39,18,0
W_N_0015,39,19,0
W_N_0015,39,20,0
W_N_0015,39,21,0
W_N_0015,39,22,0
W_N_0015,39,23,0
W_N_0015,39,24,1
W_N_0015,39,25,0
W_N_0015,39,26,0
W_N_0015,39,27,0
W_N_0015,39,28,0
W_N_0015,39,29,0
W_N_0015,39,30,0
W_N_0015,39,31,1
W_N_0015,39,32,1
W_N_0015,39,33,0
W_N_0015,39,34,0
W_N_0015,40,8,0
W_N_0015,40,9,0
W_N_0015,40,10,0
W_N_0015,40,11,0
W_N_0015,40,12,0
W_N_0015,40,13,0
W_N_0015,40,14,0
W_N_0015,40,15,0
W_N_0015,40,16,0
W_N_0015,40,17,0
W_N_0015,40,18,0
W_N_0015,40,19,0
W_N_0015,40,20,0
W_N_0015,40,21,0
W_N_0015,40,22,0
W_N_0015,40,23,0
W_N_0015,40,24,0
W_N_0015,40,25,0
W_N_0015,40,26,1
W_N_0015,40,27,0
W_N_0015,40,28,1
W_N_0015,40,29,0
W_N_0015,40,30,0
W_N_0015,40,31,0
W_N_0015,40,32,0
W_N_0015,40,33,0
W_N_0015,41,10,0
W_N_0015,41,11,0
W_N_0015,41,12,0
W_N_0015,41,13,1
W_N_0015,41,14,0
W_N_0015,41,15,1
W_N_0015,41,16,0
W_N_0015,41,17,0
W_N_0015,41,18,0
W_N_0015,41,19,0
W_N_0015,41,20,0
W_N_0015,41,21,0
W_N_0015,41,22,0
W_N_0015,41,23,0
W_N_0015,41,24,0
W_N_0015,41,25,0
W_N_0015,41,26,0
W_N_0015,41,27,1
W_N_0015,41,28,1
W_N_0015,41,29,0
W_N_0015,41,30,0
W_N_0015,41,31,0
W_N_0015,41,32,0
W_N_0015,42,11,0
W_N_0015,42,12,0
W_N_0015,42,13,0
W_N_0015,42,14,0
W_N_0015,42,15,0
W_N_0015,42,16,0
W_N_0015,42,17,0
W_N_0015,42,18,1
W_N_0015,42,19,0
W_N_0015,42,20,0
W_N_0015,42,21,0
W_N_0015,42,22,0
W_N_0015,42,23,0
W_N_0015,42,24,0
W_N_0015,42,25,0
W_N_0015,42,26,1
W_N_0015,42,27,1
W_N_0015,42,28,0
W_N_0015,42,29,0
W_N_0015,42,30,0
W_N_0015,43,13,0
W_N_0015,43,14,0
W_N_0015,43,15,1
W_N_0015,43,16,0
W_N_0015,43,17,0
W_N_0015,43,18,0
W_N_0015,43,19,0
W_N_0015,43,20,0
W_N_0015,43,21,0
W_N_0015,43,22,0
W_N_0015,43,23,0
W_N_0015,43,24,0
W_N_0015,43,25,0
W_N_0015,43,26,1
W_N_0015,43,27,0
W_N_0015,43,28,1
W_N_0015,44,16,0
W_N_0015,44,17,1
W_N_0015,44,18,0
W_N_0015,44,19,0
W_N_0015,44,20,0
W_N_0015,44,21,1
W_N_0015,44,22,0
W_N_0015,44,23,0
W_N_0015,44,24,0
W_N_0015,44,25,0
W_N_0066,0,14,1
W_N_0066,0,15,0
W_N_0066,0,16,0
W_N_0066,0,17,0
W_N_0066,0,18,0
W_N_0066,0,19,1
W_N_0066,0,20,1
W_N_0066,0,21,0
W_N_0066,0,22,1
W_N_0066,1,12,0
W_N_0066,1,13,0
W_N_0066,1,14,0
W_N_0066,1,15,0
W_N_0066,1,16,0
W_N_0066,1,17,0
W_N_0066,1,18,0
W_N_0066,1,19,0
W_N_0066,1,20,0
W_N_0066,1,21,0
W_N_0066,1,22,0
W_N_0066,1,23,0
W_N_0066,1,24,0
W_N_0066,2,10,0
W_N_0066,2,11,1
W_N_0066,2,12,1
W_N_0066,2,13,0
W_N_0066,2,14,0
W_N_0066,2,15,0
W_N_0066,2,16,0
W_N_0066,2,17,0
W_N_0066,2,18,0
W_N_0066,2,19,0
W_N_0066,2,20,0
W_N_0066,2,21,0
W_N_0066,2,22,1
W_N_0066,2,23,0
W_N_0066,2,24,0
W_N_0066,2,25,0
W_N_0066,2,26,0
W_N_0066,3,8,1
W_N_0066,3,9,0
W_N_0066,3,10,0
W_N_0066,3,11,0
W_N_0066,3,12,0
W_N_0066,3,13,0
W_N_0066,3,14,0
W_N_0066,3,15,0
W_N_0066,3,16,0
W_N_0066,3,17,0
W_N_0066,3,18,0
W_N_0066,3,19,0
W_N_0066,3,20,0
W_N_0066,3,21,0
W_N_0066,3,22,0
W_N_0066,3,23,0
W_N_0066,3,24,1
W_N_0066,3,25,0
W_N_0066,3,26,0
W_N_0066,3,27,0
W_N_0066,3,28,0
W_N_0066,4,7,1
W_N_0066,4,8,0
W_N_0066,4,9,0
W_N_0066,4,10,0
W_N_0066,4,11,0
W_N_0066,4,12,0
W_N_0066,4,13,0
W_N_0066,4,14,0
W_N_0066,4,15,0
W_N_0066,4,16,0
W_N_0066,4,17,0
W_N_0066,4,18,0
W_N_0066,4,19,0
W_N_0066,4,20,0
W_N_0066,4,21,0
W_N_0066,4,22,0
W_N_0066,4,23,0
W_N_0066,4,24,0
W_N_0066,4,25,0
W_N_0066,4,26,0
W_N_0066,4,27,0
W_N_0066,4,28,0
W_N_0066,4,29,1
W_N_0066,5,6,0
W_N_0066,5,7,0
W_N_0066,5,8,0
W_N_0066,5,9,0
W_N_0066,5,10,0
W_N_0066,5,11,0
W_N_0066,5,12,0
W_N_0066,5,13,0
W_N_0066,5,14,0
W_N_0066,5,15,0
W_N_0066,5,16,0
W_N_0066,5,17,0
W_N_0066,5,18,0
W_N_0066,5,19,0
W_N_0066,5,20,0
W_N_0066,5,21,0
W_N_0066,5,22,0
W_N_0066,5,23,0
W_N_0066,5,24,0
W_N_0066,5,25,0
W_N_0066,5,26,0
W_N_0066,5,27,0
W_N_0066,5,28,0
W_N_0066,5,29,0
W_N_0066,5,30,0
W_N_0066,6,5,0
W_N_0066,6,6,0
W_N_0066,6,7,0
W_N_0066,6,8,0
W_N_0066,6,9,0
W_N_0066,6,10,0
W_N_0066,6,11,0
W_N_0066,6,12,0
W_N_0066,6,13,0
W_N_0066,6,14,0
W_N_0066,6,15,0
W_N_0066,6,16,0
W_N_0066,6,17,0
W_N_0066,6,18,0
W_N_0066,6,19,1
W_N_0066,6,20,0
W_N_0066,6,21,0
W_N_0066,6,22,0
W_N_0066,6,23,0
W_N_0066,6,24,0
W_N_0066,6,25,0
W_N_0066,6,26,0
W_N_0066,6,27,0
W_N_0066,6,28,0
W_N_0066,6,29,0
W_N_0066,6,30,1
W_N_0066,6,31,0
W_N_0066,7,4,0
W_N_0066,7,5,0
W_N_0066,7,6,0
W_N_0066,7,7,0
W_N_0066,7,8,0
W_N_0066,7,9,0
W_N_0066,7,10,0
W_N_0066,7,11,0
W_N_0066,7,12,0
W_N_0066,7,13,0
W_N_0066,7,14,0
W_N_0066,7,15,0
W_N_0066,7,16,0
W_N_0066,7,17,0
W_N_0066,7,18,0
W_N_0066,7,19,1
W_N_0066,7,20,0
W_N_0066,7,21,0
W_N_0066,7,22,1
W_N_0066,7,23,0
W_N_0066,7,24,0
W_N_0066,7,25,0
W_N_0066,7,26,0
W_N_0066,7,27,0
W_N_0066,7,28,0
W_N_0066,7,29,0
W_N_0066,7,30,0
W_N_0066,7,31,0
W_N_0066,7,32,0
W_N_0066,8,4,0
W_N_0066,8,5,0
W_N_0066,8,6,1
W_N_0066,8,7,0
W_N_0066,8,8,0
W_N_0066,8,9,0
W_N_0066,8,10,0
W_N_0066,8,11,1
W_N_0066,8,12,1
W_N_0066,8,13,0
W_N_0066,8,14,1
W_N_0066,8,15,0
W_N_0066,8,16,0
W_N_0066,8,17,0
W_N_0066,8,18,0
W_N_0066,8,19,0
W_N_0066,8,20,0
W_N_0066,8,21,0
W_N_0066,8,22,0
W_N_0066,8,23,0
W_N_0066,8,24,0
W_N_0066,8,25,0
W_N_0066,8,26,1
W_N_0066,8,27,1
W_N_0066,8,28,0
W_N_0066,8,29,0
W_N_0066,8,30,0
W_N_0066,8,31,0
W_N_0066,8,32,0
W_N_0066,9,3,0
W_N_0066,9,4,1
W_N_0066,9,5,0
W_N_0066,9,6,0
W_N_0066,9,7,1
W_N_0066,9,8,0
W_N_0066,9,9,0
W_N_0066,9,10,0
W_N_0066,9,11,0
W_N_0066,9,12,0
W_N_0066,9,13,0
W_N_0066,9,14,1
W_N_0066,9,15,0
W_N_0066,9,16,0
W_N_0066,9,17,0
W_N_0066,9,18,0
W_N_0066,9,19,0
W_N_0066,9,20,0
W_N_0066,9,21,0
W_N_0066,9,22,0
W_N_0066,9,23,0
W_N_0066,9,24,0
W_N_0066,9,25,0
W_N_0066,9,26,0
W_N_0066,9,27,0
W_N_0066,9,28,0
W_N_0066,9,29,0
W_N_0066,9,30,0
W_N_0066,9,31,0
W_N_0066,9,32,0
W_N_0066,9,33,0
W_N_0066,10,3,0
W_N_0066,10,4,0
W_N_0066,10,5,0
W_N_0066,10,6,0
W_N_0066,10,7,0
W_N_0066,10,8,0
W_N_0066,10,9,0
W_N_0066,10,10,0
W_N_0066,10,11,1
W_N_0066,10,12,0
W_N_0066,10,13,0
W_N_0066,10,14,0
W_N_0066,10,15,0
W_N_0066,10,16,1
W_N_0066,10,17,0
W_N_0066,10,18,0
W_N_0066,10,19,0
W_N_0066,10,20,0
W_N_0066,10,21,0
W_N_0066,10,22,0
W_N_0066,10,23,0
W_N_0066,10,24,0
W_N_0066,10,25,1
W_N_0066,10,26,0
W_N_0066,10,27,0
W_N_0066,10,28,0
W_N_0066,10,29,0
W_N_0066,10,30,0
W_N_0066,10,31,0
W_N_0066,10,32,0
W_N_0066,10,33,1
W_N_0066,11,2,0
W_N_0066,11,3,0
W_N_0066,11,4,0
W_N_0066,11,5,0
W_N_0066,11,6,0
W_N_0066,11,7,0
W_N_0066,11,8,0
W_N_0066,11,9,0
W_N_0066,11,10,0
W_N_0066,11,11,0
W_N_0066,11,12,0
W_N_0066,11,13,0
W_N_0066,11,14,0
W_N_0066,11,15,0
W_N_0066,11,16,0
W_N_0066,11,17,0
W_N_0066,11,18,0
W_N_0066,11,19,0
W_N_0066,11,20,0
W_N_0066,11,21,0
W_N_0066,11,22,0
W_N_0066,11,23,1
W_N_0066,11,24,0
W_N_0066,11,25,0
W_N_0066,11,26,1
W_N_0066,11,27,0
W_N_0066,11,28,0
W_N_0066,11,29,0
W_N_0066,11,30,0
W_N_0066,11,31,0
W_N_0066,11,32,0
W_N_0066,11,33,0
W_N_0066,11,34,0
W_N_0066,12,2,0
W_N_0066,12,3,0
W_N_0066,12,4,0
W_N_0066,12,5,0
W_N_0066,12,6,0
W_N_0066,12,7,0
W_N_0066,12,8,0
W_N_0066,12,9,0
W_N_0066,12,10,0
W_N_0066,12,11,0
W_N_0066,12,12,0
W_N_0066,12,13,0
W_N_0066,12,14,0
W_N_0066,12,15,0
W_N_0066,12,16,0
W_N_0066,12,17,0
W_N_0066,12,18,0
W_N_0066,12,19,0
W_N_0066,12,20,1
W_N_0066,12,21,0
W_N_0066,12,22,0
W_N_0066,12,23,0
W_N_0066,12,24,0
W_N_0066,12,25,0
W_N_0066,12,26,0
W_N_0066,12,27,0
W_N_0066,12,28,0
W_N_0066,12,29,0
W_N_0066,12,30,0
W_N_0066,12,31,0
W_N_0066,12,32,1
W_N_0066,12,33,0
W_N_0066,12,34,0
W_N_0066,13,1,0
W_N_0066,13,2,0
W_N_0066,13,3,0
W_N_0066,13,4,0
W_N_0066,13,5,0
W_N_0066,13,6,0
W_N_0066,13,7,0
W_N_0066,13,8,0
W_N_0066,13,9,0
W_N_0066,13,10,0
W_N_0066,13,11,0
W_N_0066,13,12,0
W_N_0066,13,13,0
W_N_0066,13,14,0
W_N_0066,13,15,0
W_N_0066,13,16,0
W_N_0066,13,17,0
W_N_0066,13,18,0
W_N_0066,13,19,0
W_N_0066,13,20,0
W_N_0066,13,21,0
W_N_0066,13,22,0
W_N_0066,13,23,0
W_N_0066,13,24,0
W_N_0066,13,25,0
W_N_0066,13,26,0
W_N_0066,13,27,0
W_N_0066,13,28,0
W_N_0066,13,29,0
W_N_0066,13,30,0
W_N_0066,13,31,0
W_N_0066,13,32,0
W_N_0066,13,33,0
W_N_0066,13,34,0
W_N_0066,13,35,0
W_N_0066,14,1,0
W_N_0066,14,2,0
W_N_0066,14,3,0
W_N_0066,14,4,0
W_N_0066,14,5,0
W_N_0066,14,6,0
W_N_0066,14,7,0
W_N_0066,14,8,0
W_N_0066,14,9,0
W_N_0066,14,10,0
W_N_0066,14,11,0
W_N_0066,14,12,0
W_N_0066,14,13,0
W_N_0066,14,14,0
W_N_0066,14,15,0
W_N_0066,14,16,0
W_N_0066,14,17,0
W_N_0066,14,18,0
W_N_0066,14,19,0
W_N_0066,14,20,0
W_N_0066,14,21,0
W_N_0066,14,22,0
W_N_0066,14,23,0
W_N_0066,14,24,0
W_N_0066,14,25,0
W_N_0066,14,26,0
W_N_0066,14,27,0
W_N_0066,14,28,0
W_N_0066,14,29,0
W_N_0066,14,30,0
W_N_0066,14,31,0
W_N_0066,14,32,0
W_N_0066,14,33,0
W_N_0066,14,34,0
W_N_0066,14,35,0
W_N_0066,15,1,0
W_N_0066,15,2,1
W_N_0066,15,3,0
W_N_0066,15,4,0
W_N_0066,15,5,1
W_N_0066,15,6,0
W_N_0066,15,7,0
W_N_0066,15,8,0
W_N_0066,15,9,0
W_N_0066,15,10,0
W_N_0066,15,11,0
W_N_0066,15,12,0
W_N_0066,15,13,0
W_N_0066,15,14,0
W_N_0066,15,15,0
W_N_0066,15,16,0
W_N_0066,15,17,0
W_N_0066,15,18,1
W_N_0066,15,19,0
W_N_0066,15,20,0
W_N_0066,15,21,0
W_N_0066,15,22,0
W_N_0066,15,23,0
W_N_0066,15,24,0
W_N_0066,15,25,0
W_N_0066,15,26,0
W_N_0066,15,27,0
W_N_0066,15,28,0
W_N_0066,15,29,0
W_N_0066,15,30,0
W_N_0066,15,31,0
W_N_0066,15,32,0
W_N_0066,15,33,0
W_N_0066,15,34,0
W_N_0066,15,35,0
W_N_0066,16,1,0
W_N_0066,16,2,0
W_N_0066,16,3,0
W_N_0066,16,4,0
W_N_0066,16,5,0
W_N_0066,16,6,0
W_N_0066,16,7,0
W_N_0066,16,8,0
W_N_0066,16,9,0
W_N_0066,16,10,0
W_N_0066,16,11,1
W_N_0066,16,12,0
W_N_0066,16,13,0
W_N_0066,16,14,0
W_N_0066,16,15,0
W_N_0066,16,16,0
W_N_0066,16,17,0
W_N_0066,16,18,0
W_N_0066,16,19,1
W_N_0066,16,20,1
W_N_0066,16,21,0
W_N_0066,16,22,0
W_N_0066,16,23,0
W_N_0066,16,24,0
W_N_0066,16,25,0
W_N_0066,16,26,0
W_N_0066,16,27,0
W_N_0066,16,28,0
W_N_0066,16,29,0
W_N_0066,16,30,0
W_N_0066,16,31,0
W_N_0066,16,32,0
W_N_0066,16,33,0
W_N_0066,16,34,1
W_N_0066,16,35,0
W_N_0066,17,0,1
W_N_0066,17,1,0
W_N_0066,17,2,0
W_N_0066,17,3,0
W_N_0066,17,4,0
W_N_0066,17,5,0
W_N_0066,17,6,0
W_N_0066,17,7,0
W_N_0066,17,8,0
W_N_0066,17,9,0
W_N_0066,17,10,0
W_N_0066,17,11,0
W_N_0066,17,12,0
W_N_0066,17,13,0
W_N_0066,17,14,0
W_N_0066,17,15,0
W_N_0066,17,16,0
W_N_0066,17,17,0
W_N_0066,17,18,0
W_N_0066,17,19,0
W_N_0066,17,20,1
W_N_0066,17,21,0
W_N_0066,17,22,0
W_N_0066,17,23,0
W_N_0066,17,24,0
W_N_0066,17,25,0
W_N_0066,17,26,0
W_N_0066,17,27,0
W_N_0066,17,28,0
W_N_0066,17,29,0
W_N_0066,17,30,1
W_N_0066,17,31,0
W_N_0066,17,32,0
W_N_0066,17,33,0
W_N_0066,17,34,0
W_N_0066,17,35,0
W_N_0066,17,36,0
W_N_0066,18,0,1
W_N_0066,18,1,0
W_N_0066,18,2,0
W_N_0066,18,3,0
W_N_0066,18,4,0
W_N_0066,18,5,0
W_N_0066,18,6,0
W_N_0066,18,7,0
W_N_0066,18,8,0
W_N_0066,18,9,0
W_N_0066,18,10,0
W_N_0066,18,11,0
W_N_0066,18,12,0
W_N_0066,18,13,0
W_N_0066,18,14,0
W_N_0066,18,15,0
W_N_0066,18,16,0
W_N_0066,18,17,1
W_N_0066,18,18,0
W_N_0066,18,19,0
W_N_0066,18,20,1
W_N_0066,18,21,1
W_N_0066,18,22,0
W_N_0066,18,23,0
W_N_0066,18,24,0
W_N_0066,18,25,0
W_N_0066,18,26,0
W_N_0066,18,27,0
W_N_0066,18,28,0
W_N_0066,18,29,0
W_N_0066,18,30,0
W_N_0066,18,31,0
W_N_0066,18,32,0
W_N_0066,18,33,0
W_N_0066,18,34,0
W_N_0066,18,35,0
W_N_0066,18,36,1
W_N_0066,19,0,0
W_N_0066,19,1,1
W_N_0066,19,2,0
W_N_0066,19,3,0
W_N_0066,19,4,0
W_N_0066,19,5,0
W_N_0066,19,6,1
W_N_0066,19,7,0
W_N_0066,19,8,0
W_N_0066,19,9,0
W_N_0066,19,10,0
W_N_0066,19,11,0
W_N_0066,19,12,0
W_N_0066,19,13,0
W_N_0066,19,14,1
W_N_0066,19,15,0
W_N_0066,19,16,0
W_N_0066,19,17,0
W_N_0066,19,18,0
W_N_0066,19,19,0
W_N_0066,19,20,0
W_N_0066,19,21,0
W_N_0066,19,22,0
W_N_0066,19,23,0
W_N_0066,19,24,0
W_N_0066,19,25,0
W_N_0066,19,26,0
W_N_0066,19,27,0
W_N_0066,19,28,0
W_N_0066,19,29,0
W_N_0066,19,30,0
W_N_0066,19,31,0
W_N_0066,19,32,0
W_N_0066,19,33,1
W_N_0066,19,34,0
W_N_0066,19,35,0
W_N_0066,19,36,0
W_N_0066,20,0,0
W_N_0066,20,1,0
W_N_0066,20,2,0
W_N_0066,20,3,0
W_N_0066,20,4,0
W_N_0066,20,5,0
W_N_0066,20,6,1
W_N_0066,20,7,0
W_N_0066,20,8,0
W_N_0066,20,9,0
W_N_0066,20,10,0
W_N_0066,20,11,0
W_N_0066,20,12,0
W_N_0066,20,13,0
W_N_0066,20,14,0
W_N_0066,20,15,0
W_N_0066,20,16,0
W_N_0066,20,17,0
W_N_0066,20,18,0
W_N_0066,20,19,0
W_N_0066,20,20,1
W_N_0066,20,21,0
W_N_0066,20,22,0
W_N_0066,20,23,1
W_N_0066,20,24,0
W_N_0066,20,25,0
W_N_0066,20,26,1
W_N_0066,20,27,0
W_N_0066,20,28,0
W_N_0066,20,29,0
W_N_0066,20,30,1
W_N_0066,20,31,0
W_N_0066,20,32,0
W_N_0066,20,33,0
W_N_0066,20,34,0
W_N_0066,20,35,0
W_N_0066,20,36,0
W_N_0066,21,0,1
W_N_0066,21,1,1
W_N_0066,21,2,0
W_N_0066,21,3,0
W_N_0066,21,4,0
W_N_0066,21,5,0
W_N_0066,21,6,0
W_N_0066,21,7,0
W_N_0066,21,8,0
W_N_0066,21,9,0
W_N_0066,21,10,0
W_N_0066,21,11,0
W_N_0066,21,12,0
W_N_0066,21,13,0
W_N_0066,21,14,0
W_N_0066,21,15,1
W_N_0066,21,16,0
W_N_0066,21,17,0
W_N_0066,21,18,0
W_N_0066,21,19,1
W_N_0066,21,20,0
W_N_0066,21,21,0
W_N_0066,21,22,0
W_N_0066,21,23,0
W_N_0066,21,24,0
W_N_0066,21,25,0
W_N_0066,21,26,0
W_N_0066,21,27,0
W_N_0066,21,28,0
W_N_0066,21,29,0
W_N_0066,21,30,0
W_N_0066,21,31,0
W_N_0066,21,32,0
W_N_0066,21,33,0
W_N_0066,21,34,0
W_N_0066,21,35,0
W_N_0066,21,36,1
W_N_0066,22,1,0
W_N_0066,22,2,0
W_N_0066,22,3,0
W_N_0066,22,4,0
W_N_0066,22,5,0
W_N_0066,22,6,0
W_N_0066,22,7,0
W_N_0066,22,8,0
W_N_0066,22,9,1
W_N_0066,22,10,0
W_N_0066,22,11,0
W_N_0066,22,12,0
W_N_0066,22,13,0
W_N_0066,22,14,0
W_N_0066,22,15,0
W_N_0066,22,16,0
W_N_0066,22,17,0
W_N_0066,22,18,0
W_N_0066,22,19,0
W_N_0066,22,20,0
W_N_0066,22,21,0
W_N_0066,22,22,0
W_N_0066,22,23,0
W_N_0066,22,24,0
W_N_0066,22,25,0
W_N_0066,22,26,0
W_N_0066,22,27,0
W_N_0066,22,28,0
W_N_0066,22,29,0
W_N_0066,22,30,0
W_N_0066,22,31,0
W_N_0066,22,32,0
W_N_0066,22,33,1
W_N_0066,22,34,0
W_N_0066,22,35,1
W_N_0066,23,1,0
W_N_0066,23,2,0
W_N_0066,23,3,0
W_N_0066,23,4,0
W_N_0066,23,5,0
W_N_0066,23,6,0
W_N_0066,23,7,0
W_N_0066,23,8,0
W_N_0066,23,9,0
W_N_0066,23,10,0
W_N_0066,23,11,0
W_N_0066,23,12,0
W_N_0066,23,13,0
W_N_0066,23,14,0
W_N_0066,23,15,0
W_N_0066,23,16,0
W_N_0066,23,17,0
W_N_0066,23,18,0
W_N_0066,23,19,0
W_N_0066,23,20,0
W_N_0066,23,21,0
W_N_0066,23,22,0
W_N_0066,23,23,0
W_N_0066,23,24,0
W_N_0066,23,25,0
W_N_0066,23,26,0
W_N_0066,23,27,0
W_N_0066,23,28,0
W_N_0066,23,29,0
W_N_0066,23,30,0
W_N_0066,23,31,1
W_N_0066,23,32,0
W_N_0066,23,33,0
W_N_0066,23,34,0
W_N_0066,23,35,0
W_N_0066,24,1,0
W_N_0066,24,2,0
W_N_0066,24,3,0
W_N_0066,24,4,0
W_N_0066,24,5,0
W_N_0066,24,6,0
W_N_0066,24,7,1
W_N_0066,24,8,0
W_N_0066,24,9,0
W_N_0066,24,10,0
W_N_0066,24,11,1
W_N_0066,24,12,0
W_N_0066,24,13,0
W_N_0066,24,14,1
W_N_0066,24,15,0
W_N_0066,24,16,0
W_N_0066,24,17,1
W_N_0066,24,18,0
W_N_0066,24,19,0
W_N_0066,24,20,0
W_N_0066,24,21,0
W_N_0066,24,22,0
W_N_0066,24,23,0
W_N_0066,24,24,0
W_N_0066,24,25,0
W_N_0066,24,26,0
W_N_0066,24,27,1
W_N_0066,24,28,0
W_N_0066,24,29,0
W_N_0066,24,30,0
W_N_0066,24,31,0
W_N_0066,24,32,0
W_N_0066,24,33,0
W_N_0066,24,34,0
W_N_0066,24,35,1
W_N_0066,25,1,0
W_N_0066,25,2,0
W_N_0066,25,3,0
W_N_0066,25,4,0
W_N_0066,25,5,0
W_N_0066,25,6,0
W_N_0066,25,7,0
W_N_0066,25,8,0
W_N_0066,25,9,0
W_N_0066,25,10,0
W_N_0066,25,11,0
W_N_0066,25,12,0
W_N_0066,25,13,0
W_N_0066,25,14,0
W_N_0066,25,15,1
W_N_0066,25,16,0
W_N_0066,25,17,0
W_N_0066,25,18,0
W_N_0066,25,19,0
W_N_0066,25,20,0
W_N_0066,25,21,0
W_N_0066,25,22,0
W_N_0066,25,23,0
W_N_0066,25,24,0
W_N_0066,25,25,0
W_N_0066,25,26,0
W_N_0066,25,27,0
W_N_0066,25,28,0
W_N_0066,25,29,0
W_N_0066,25,30,0
W_N_0066,25,31,0
W_N_0066,25,32,0
W_N_0066,25,33,0
W_N_0066,25,34,0
W_N_0066,25,35,1
W_N_0066,26,2,1
W_N_0066,26,3,0
W_N_0066,26,4,0
W_N_0066,26,5,0
W_N_0066,26,6,0
W_N_0066,26,7,0
W_N_0066,26,8,0
W_N_0066,26,9,0
W_N_0066,26,10,0
W_N_0066,26,11,0
W_N_0066,26,12,0
W_N_0066,26,13,0
W_N_0066,26,14,0
W_N_0066,26,15,0
W_N_0066,26,16,0
W_N_0066,26,17,0
W_N_0066,26,18,0
W_N_0066,26,19,0
W_N_0066,26,20,0
W_N_0066,26,21,0
W_N_0066,26,22,0
W_N_0066,26,23,0
W_N_0066,26,24,0
W_N_0066,26,25,0
W_N_0066,26,26,0
W_N_0066,26,27,0
W_N_0066,26,28,0
W_N_0066,26,29,0
W_N_0066,26,30,0
W_N_0066,26,31,0
W_N_0066,26,32,0
W_N_0066,26,33,1
W_N_0066,26,34,0
W_N_0066,27,2,0
W_N_0066,27,3,0
W_N_0066,27,4,0
W_N_0066,27,5,0
W_N_0066,27,6,0
W_N_0066,27,7,0
W_N_0066,27,8,0
W_N_0066,27,9,0
W_N_0066,27,10,0
W_N_0066,27,11,0
W_N_0066,27,12,0
W_N_0066,27,13,0
W_N_0066,27,14,0
W_N_0066,27,15,0
W_N_0066,27,16,0
W_N_0066,27,17,0
W_N_0066,27,18,0
W_N_0066,27,19,0
W_N_0066,27,20,0
W_N_0066,27,21,0
W_N_0066,27,22,0
W_N_0066,27,23,0
W_N_0066,27,24,0
W_N_0066,27,25,0
W_N_0066,27,26,0
W_N_0066,27,27,0
W_N_0066,27,28,0
W_N_0066,27,29,1
W_N_0066,27,30,0
W_N_0066,27,31,0
W_N_0066,27,32,0
W_N_0066,27,33,0
W_N_0066,27,34,1
W_N_0066,28,3,0
W_N_0066,28,4,0
W_N_0066,28,5,0
W_N_0066,28,6,0
W_N_0066,28,7,0
W_N_0066,28,8,0
W_N_0066,28,9,0
W_N_0066,28,10,0
W_N_0066,28,11,0
W_N_0066,28,12,1
W_N_0066,28,13,0
W_N_0066,28,14,0
W_N_0066,28,15,0
W_N_0066,28,16,0
W_N_0066,28,17,0
W_N_0066,28,18,0
W_N_0066,28,19,0
W_N_0066,28,20,1
W_N_0066,28,21,1
W_N_0066,28,22,0
W_N_0066,28,23,0
W_N_0066,28,24,0
W_N_0066,28,25,1
W_N_0066,28,26,0
W_N_0066,28,27,0
W_N_0066,28,28,0
W_N_0066,28,29,0
W_N_0066,28,30,0
W_N_0066,28,31,0
W_N_0066,28,32,0
W_N_0066,28,33,0
W_N_0066,29,3,0
W_N_0066,29,4,0
W_N_0066,29,5,0
W_N_0066,29,6,1
W_N_0066,29,7,0
W_N_0066,29,8,0
W_N_0066,29,9,0
W_N_0066,29,10,0
W_N_0066,29,11,0
W_N_0066,29,12,0
W_N_0066,29,13,0
W_N_0066,29,14,1
W_N_0066,29,15,0
W_N_0066,29,16,0
W_N_0066,29,17,0
W_N_0066,29,18,0
W_N_0066,29,19,0
W_N_0066,29,20,0
W_N_0066,29,21,0
W_N_0066,29,22,0
W_N_0066,29,23,0
W_N_0066,29,24,0
W_N_0066,29,25,0
W_N_0066,29,26,0
W_N_0066,29,27,0
W_N_0066,29,28,0
W_N_0066,29,29,0
W_N_0066,29,30,0
W_N_0066,29,31,1
W_N_0066,29,32,0
W_N_0066,29,33,0
W_N_0066,30,4,0
W_N_0066,30,5,0
W_N_0066,30,6,0
W_N_0066,30,7,0
W_N_0066,30,8,0
W_N_0066,30,9,0
W_N_0066,30,10,0
W_N_0066,30,11,0
W_N_0066,30,12,0
W_N_0066,30,13,0
W_N_0066,30,14,0
W_N_0066,30,15,1
W_N_0066,30,16,0
W_N_0066,30,17,0
W_N_0066,30,18,0
W_N_0066,30,19,0
W_N_0066,30,20,0
W_N_0066,30,21,0
W_N_0066,30,22,0
W_N_0066,30,23,0
W_N_0066,30,24,1
W_N_0066,30,25,0
W_N_0066,30,26,0
W_N_0066,30,27,0
W_N_0066,30,28,0
W_N_0066,30,29,0
W_N_0066,30,30,0
W_N_0066,30,31,1
W_N_0066,30,32,0
W_N_0066,31,4,0
W_N_0066,31,5,1
W_N_0066,31,6,0
W_N_0066,31,7,0
W_N_0066,31,8,0
W_N_0066,31,9,0
W_N_0066,31,10,1
W_N_0066,31,11,0
W_N_0066,31,12,0
W_N_0066,31,13,0
W_N_0066,31,14,0
W_N_0066,31,15,0
W_N_0066,31,16,0
W_N_0066,31,17,0
W_N_0066,31,18,0
W_N_0066,31,19,0
W_N_0066,31,20,0
W_N_0066,31,21,0
W_N_0066,31,22,0
W_N_0066,31,23,1
W_N_0066,31,24,0
W_N_0066,31,25,0
W_N_0066,31,26,0
W_N_0066,31,27,0
W_N_0066,31,28,1
W_N_0066,31,29,0
W_N_0066,31,30,0
W_N_0066,31,31,1
W_N_0066,31,32,0
W_N_0066,32,5,0
W_N_0066,32,6,0
W_N_0066,32,7,0
W_N_0066,32,8,0
W_N_0066,32,9,0
W_N_0066,32,10,0
W_N_0066,32,11,1
W_N_0066,32,12,0
W_N_0066,32,13,0
W_N_0066,32,14,0
W_N_0066,32,15,0
W_N_0066,32,16,0
W_N_0066,32,17,0
W_N_0066,32,18,0
W_N_0066,32,19,0
W_N_0066,32,20,0
W_N_0066,32,21,0
W_N_0066,32,22,1
W_N_0066,32,23,0
W_N_0066,32,24,0
W_N_0066,32,25,0
W_N_0066,32,26,0
W_N_0066,32,27,0
W_N_0066,32,28,0
W_N_0066,32,29,0
W_N_0066,32,30,0
W_N_0066,32,31,1
W_N_0066,33,6,0
W_N_0066,33,7,0
W_N_0066,33,8,0
W_N_0066,33,9,1
W_N_0066,33,10,0
W_N_0066,33,11,0
W_N_0066,33,12,0
W_N_0066,33,13,0
W_N_0066,33,14,0
W_N_0066,33,15,0
W_N_0066,33,16,0
W_N_0066,33,17,0
W_N_0066,33,18,0
W_N_0066,33,19,0
W_N_0066,33,20,0
W_N_0066,33,21,0
W_N_0066,33,22,0
W_N_0066,33,23,1
W_N_0066,33,24,0
W_N_0066,33,25,0
W_N_0066,33,26,0
W_N_0066,33,27,0
W_N_0066,33,28,0
W_N_0066,33,29,0
W_N_0066,33,30,1
W_N_0066,34,7,0
W_N_0066,34,8,0
W_N_0066,34,9,0
W_N_0066,34,10,0
W_N_0066,34,11,1
W_N_0066,34,12,0
W_N_0066,34,13,0
W_N_0066,34,14,0
W_N_0066,34,15,0
W_N_0066,34,16,0
W_N_0066,34,17,0
W_N_0066,34,18,0
W_N_0066,34,19,0
W_N_0066,34,20,0
W_N_0066,34,21,0
W_N_0066,34,22,0
W_N_0066,34,23,0
W_N_0066,34,24,0
W_N_0066,34,25,0
W_N_0066,34,26,0
W_N_0066,34,27,0
W_N_0066,34,28,1
W_N_0066,34,29,0
W_N_0066,35,8,1
W_N_0066,35,9,1
W_N_0066,35,10,1
W_N_0066,35,11,0
W_N_0066,35,12,0
W_N_0066,35,13,0
W_N_0066,35,14,0
W_N_0066,35,15,0
W_N_0066,35,16,0
W_N_0066,35,17,0
W_N_0066,35,18,1
W_N_0066,35,19,0
W_N_0066,35,20,0
W_N_0066,35,21,0
W_N_0066,35,22,0
W_N_0066,35,23,0
W_N_0066,35,24,0
W_N_0066,35,25,0
W_N_0066,35,26,1
W_N_0066,35,27,0
W_N_0066,35,28,0
W_N_0066,36,10,0
W_N_0066,36,11,0
W_N_0066,36,12,0
W_N_0066,36,13,0
W_N_0066,36,14,0
W_N_0066,36,15,0
W_N_0066,36,16,1
W_N_0066,36,17,0
W_N_0066,36,18,0
W_N_0066,36,19,0
W_N_0066,36,20,0
W_N_0066,36,21,0
W_N_0066,36,22,0
W_N_0066,36,23,1
W_N_0066,36,24,1
W_N_0066,36,25,0
W_N_0066,36,26,0
W_N_0066,37,11,1
W_N_0066,37,12,1
W_N_0066,37,13,0
W_N_0066,37,14,0
W_N_0066,37,15,0
W_N_0066,37,16,0
W_N_0066,37,17,0
W_N_0066,37,18,1
W_N_0066,37,19,1
W_N_0066,37,20,0
W_N_0066,37,21,0
W_N_0066,37,22,0
W_N_0066,37,23,1
W_N_0066,37,24,1
W_N_0066,37,25,1
W_N_0066,38,14,0
W_N_0066,38,15,1
W_N_0066,38,16,1
W_N_0066,38,17,0
W_N_0066,38,18,0
W_N_0066,38,19,0
W_N_0066,38,20,1
W_N_0066,38,21,0
W_N_0066,38,22,0
W_N_0038,0,10,1
W_N_0038,0,11,0
W_N_0038,0,12,0
W_N_0038,0,13,0
W_N_0038,0,14,0
W_N_0038,0,15,1
W_N_0038,1,7,1
W_N_0038,1,8,0
W_N_0038,1,9,0
W_N_0038,1,10,0
W_N_0038,1,11,0
W_N_0038,1,12,0
W_N_0038,1,13,0
W_N_0038,1,14,0
W_N_0038,1,15,0
W_N_0038,1,16,0
W_N_0038,1,17,1
W_N_0038,1,18,1
W_N_0038,2,6,0
W_N_0038,2,7,0
W_N_0038,2,8,0
W_N_0038,2,9,0
W_N_0038,2,10,0
W_N_0038,2,11,0
W_N_0038,2,12,0
W_N_0038,2,13,0
W_N_0038,2,14,1
W_N_0038,2,15,1
W_N_0038,2,16,0
W_N_0038,2,17,0
W_N_0038,2,18,0
W_N_0038,2,19,1
W_N_0038,3,4,0
W_N_0038,3,5,1
W_N_0038,3,6,0
W_N_0038,3,7,0
W_N_0038,3,8,0
W_N_0038,3,9,0
W_N_0038,3,10,0
W_N_0038,3,11,0
W_N_0038,3,12,0
W_N_0038,3,13,1
W_N_0038,3,14,0
W_N_0038,3,15,0
W_N_0038,3,16,0
W_N_0038,3,17,0
W_N_0038,3,18,0
W_N_0038,3,19,0
W_N_0038,3,20,0
W_N_0038,3,21,1
W_N_0038,4,3,0
W_N_0038,4,4,1
W_N_0038,4,5,0
W_N_0038,4,6,0
W_N_0038,4,7,0
W_N_0038,4,8,0
W_N_0038,4,9,0
W_N_0038,4,10,0
W_N_0038,4,11,1
W_N_0038,4,12,0
W_N_0038,4,13,0
W_N_0038,4,14,0
W_N_0038,4,15,0
W_N_0038,4,16,0
W_N_0038,4,17,0
W_N_0038,4,18,0
W_N_0038,4,19,0
W_N_0038,4,20,0
W_N_0038,4,21,0
W_N_0038,4,22,0
W_N_0038,5,2,0
W_N_0038,5,3,0
W_N_0038,5,4,0
W_N_0038,5,5,0
W_N_0038,5,6,0
W_N_0038,5,7,0
W_N_0038,5,8,0
W_N_0038,5,9,0
W_N_0038,5,10,0
W_N_0038,5,11,1
W_N_0038,5,12,0
W_N_0038,5,13,0
W_N_0038,5,14,1
W_N_0038,5,15,0
W_N_0038,5,16,0
W_N_0038,5,17,0
W_N_0038,5,18,0
W_N_0038,5,19,0
W_N_0038,5,20,0
W_N_0038,5,21,0
W_N_0038,5,22,0
W_N_0038,5,23,0
W_N_0038,6,2,0
W_N_0038,6,3,0
W_N_0038,6,4,0
W_N_0038,6,5,0
W_N_0038,6,6,0
W_N_0038,6,7,0
W_N_0038,6,8,1
W_N_0038,6,9,0
W_N_0038,6,10,0
W_N_0038,6,11,1
W_N_0038,6,12,0
W_N_0038,6,13,1
W_N_0038,6,14,0
W_N_0038,6,15,0
W_N_0038,6,16,0
W_N_0038,6,17,0
W_N_0038,6,18,0
W_N_0038,6,19,0
W_N_0038,6,20,0
W_N_0038,6,21,0
W_N_0038,6,22,0
W_N_0038,6,23,1
W_N_0038,7,1,0
W_N_0038,7,2,0
W_N_0038,7,3,0
W_N_0038,7,4,1
W_N_0038,7,5,0
W_N_0038,7,6,0
W_N_0038,7,7,0
W_N_0038,7,8,0
W_N_0038,7,9,0
W_N_0038,7,10,0
W_N_0038,7,11,0
W_N_0038,7,12,1
W_N_0038,7,13,0
W_N_0038,7,14,0
W_N_0038,7,15,0
W_N_0038,7,16,1
W_N_0038,7,17,0
W_N_0038,7,18,0
W_N_0038,7,19,0
W_N_0038,7,20,0
W_N_0038,7,21,0
W_N_0038,7,22,0
W_N_0038,7,23,0
W_N_0038,7,24,0
W_N_0038,8,1,0
W_N_0038,8,2,0
W_N_0038,8,3,0
W_N_0038,8,4,0
W_N_0038,8,5,0
W_N_0038,8,6,0
W_N_0038,8,7,0
W_N_0038,8,8,1
W_N_0038,8,9,0
W_N_0038,8,10,0
W_N_0038,8,11,0
W_N_0038,8,12,0
W_N_0038,8,13,0
W_N_0038,8,14,0
W_N_0038,8,15,1
W_N_0038,8,16,0
W_N_0038,8,17,0
W_N_0038,8,18,1
W_N_0038,8,19,0
W_N_0038,8,20,0
W_N_0038,8,21,0
W_N_0038,8,22,0
W_N_0038,8,23,0
W_N_0038,8,24,0
W_N_0038,9,0,0
W_N_0038,9,1,0
W_N_0038,9,2,0
W_N_0038,9,3,0
W_N_0038,9,4,0
W_N_0038,9,5,0
W_N_0038,9,6,1
W_N_0038,9,7,0
W_N_0038,9,8,0
W_N_0038,9,9,0
W_N_0038,9,10,0
W_N_0038,9,11,0
W_N_0038,9,12,1
W_N_0038,9,13,0
W_N_0038,9,14,0
W_N_0038,9,15,0
W_N_0038,9,16,0
W_N_0038,9,17,0
W_N_0038,9,18,0
W_N_0038,9,19,0
W_N_0038,9,20,0
W_N_0038,9,21,0
W_N_0038,9,22,0
W_N_0038,9,23,0
W_N_0038,9,24,0
W_N_0038,9,25,1
W_N_0038,10,0,0
W_N_0038,10,1,0
W_N_0038,10,2,1
W_N_0038,10,3,0
W_N_0038,10,4,0
W_N_0038,10,5,0
W_N_0038,10,6,0
W_N_0038,10,7,0
W_N_0038,10,8,0
W_N_0038,10,9,1
W_N_0038,10,10,1
W_N_0038,10,11,0
W_N_0038,10,12,0
W_N_0038,10,13,0
W_N_0038,10,14,1
W_N_0038,10,15,0
W_N_0038,10,16,1
W_N_0038,10,17,0
W_N_0038,10,18,1
W_N_0038,10,19,0
W_N_0038,10,20,0
W_N_0038,10,21,1
W_N_0038,10,22,0
W_N_0038,10,23,0
W_N_0038,10,24,0
W_N_0038,10,25,0
W_N_0038,11,0,1
W_N_0038,11,1,0
W_N_0038,11,2,0
W_N_0038,11,3,0
W_N_0038,11,4,0
W_N_0038,11,5,0
W_N_0038,11,6,0
W_N_0038,11,7,1
W_N_0038,11,8,1
W_N_0038,11,9,0
W_N_0038,11,10,0
W_N_0038,11,11,0
W_N_0038,11,12,0
W_N_0038,11,13,0
W_N_0038,11,14,0
W_N_0038,11,15,0
W_N_0038,11,16,0
W_N_0038,11,17,0
W_N_0038,11,18,0
W_N_0038,11,19,0
W_N_0038,11,20,0
W_N_0038,11,21,0
W_N_0038,11,22,0
W_N_0038,11,23,0
W_N_0038,11,24,1
W_N_0038,11,25,0
W_N_0038,12,0,1
W_N_0038,12,1,0
W_N_0038,12,2,0
W_N_0038,12,3,0
W_N_0038,12,4,0
W_N_0038,12,5,0
W_N_0038,12,6,0
W_N_0038,12,7,0
W_N_0038,12,8,0
W_N_0038,12,9,0
W_N_0038,12,10,0
W_N_0038,12,11,1
W_N_0038,12,12,0
W_N_0038,12,13,0
W_N_0038,12,14,1
W_N_0038,12,15,0
W_N_0038,12,16,0
W_N_0038,12,17,0
W_N_0038,12,18,0
W_N_0038,12,19,0
W_N_0038,12,20,1
W_N_0038,12,21,0
W_N_0038,12,22,0
W_N_0038,12,23,0
W_N_0038,12,24,0
W_N_0038,12,25,0
W_N_0038,13,0,0
W_N_0038,13,1,0
W_N_0038,13,2,0
W_N_0038,13,3,0
W_N_0038,13,4,0
W_N_0038,13,5,0
W_N_0038,13,6,0
W_N_0038,13,7,0
W_N_0038,13,8,0
W_N_0038,13,9,0
W_N_0038,13,10,0
W_N_0038,13,11,0
W_N_0038,13,12,0
W_N_0038,13,13,1
W_N_0038,13,14,0
W_N_0038,13,15,0
W_N_0038,13,16,0
W_N_0038,13,17,0
W_N_0038,13,18,0
W_N_0038,13,19,0
W_N_0038,13,20,1
W_N_0038,13,21,1
W_N_0038,13,22,0
W_N_0038,13,23,0
W_N_0038,13,24,0
W_N_0038,13,25,0
W_N_0038,14,0,1
W_N_0038,14,1,0
W_N_0038,14,2,0
W_N_0038,14,3,0
W_N_0038,14,4,0
W_N_0038,14,5,0
W_N_0038,14,6,0
W_N_0038,14,7,0
W_N_0038,14,8,1
W_N_0038,14,9,1
W_N_0038,14,10,0
W_N_0038,14,11,1
W_N_0038,14,12,0
W_N_0038,14,13,0
W_N_0038,14,14,1
W_N_0038,14,15,0
W_N_0038,14,16,0
W_N_0038,14,17,1
W_N_0038,14,18,0
W_N_0038,14,19,0
W_N_0038,14,20,0
W_N_0038,14,21,0
W_N_0038,14,22,0
W_N_0038,14,23,0
W_N_0038,14,24,0
W_N_0038,14,25,0
W_N_0038,15,0,0
W_N_0038,15,1,0
W_N_0038,15,2,0
W_N_0038,15,3,0
W_N_0038,15,4,0
W_N_0038,15,5,0
W_N_0038,15,6,0
W_N_0038,15,7,0
W_N_0038,15,8,1
W_N_0038,15,9,0
W_N_0038,15,10,0
W_N_0038,15,11,0
W_N_0038,15,12,1
W_N_0038,15,13,0
W_N_0038,15,14,0
W_N_0038,15,15,0
W_N_0038,15,16,0
W_N_0038,15,17,0
W_N_0038,15,18,0
W_N_0038,15,19,0
W_N_0038,15,20,0
W_N_0038,15,21,0
W_N_0038,15,22,0
W_N_0038,15,23,0
W_N_0038,15,24,0
W_N_0038,15,25,0
W_N_0038,16,0,0
W_N_0038,16,1,0
W_N_0038,16,2,1
W_N_0038,16,3,0
W_N_0038,16,4,0
W_N_0038,16,5,0
W_N_0038,16,6,0
W_N_0038,16,7,0
W_N_0038,16,8,0
W_N_0038,16,9,0
W_N_0038,16,10,0
W_N_0038,16,11,1
W_N_0038,16,12,0
W_N_0038,16,13,0
W_N_0038,16,14,0
W_N_0038,16,15,0
W_N_0038,16,16,0
W_N_0038,16,17,1
W_N_0038,16,18,0
W_N_0038,16,19,0
W_N_0038,16,20,0
W_N_0038,16,21,1
W_N_0038,16,22,0
W_N_0038,16,23,0
W_N_0038,16,24,0
W_N_0038,16,25,1
W_N_0038,17,1,0
W_N_0038,17,2,0
W_N_0038,17,3,0
W_N_0038,17,4,0
W_N_0038,17,5,0
W_N_0038,17,6,0
W_N_0038,17,7,0
W_N_0038,17,8,0
W_N_0038,17,9,0
W_N_0038,17,10,0
W_N_0038,17,11,0
W_N_0038,17,12,0
W_N_0038,17,13,0
W_N_0038,17,14,0
W_N_0038,17,15,0
W_N_0038,17,16,1
W_N_0038,17,17,0
W_N_0038,17,18,0
W_N_0038,17,19,0
W_N_0038,17,20,0
W_N_0038,17,21,0
W_N_0038,17,22,0
W_N_0038,17,23,0
W_N_0038,17,24,0
W_N_0038,18,1,0
W_N_0038,18,2,0
W_N_0038,18,3,1
W_N_0038,18,4,0
W_N_0038,18,5,0
W_N_0038,18,6,0
W_N_0038,18,7,0
W_N_0038,18,8,0
W_N_0038,18,9,1
W_N_0038,18,10,0
W_N_0038,18,11,1
W_N_0038,18,12,1
W_N_0038,18,13,1
W_N_0038,18,14,0
W_N_0038,18,15,0
W_N_0038,18,16,0
W_N_0038,18,17,0
W_N_0038,18,18,0
W_N_0038,18,19,0
W_N_0038,18,20,0
W_N_0038,18,21,0
W_N_0038,18,22,0
W_N_0038,18,23,0
W_N_0038,18,24,0
W_N_0038,19,2,1
W_N_0038,19,3,0
W_N_0038,19,4,0
W_N_0038,19,5,0
W_N_0038,19,6,0
W_N_0038,19,7,0
W_N_0038,19,8,0
W_N_0038,19,9,0
W_N_0038,19,10,0
W_N_0038,19,11,0
W_N_0038,19,12,0
W_N_0038,19,13,0
W_N_0038,19,14,1
W_N_0038,19,15,0
W_N_0038,19,16,0
W_N_0038,19,17,1
W_N_0038,19,18,0
W_N_0038,19,19,0
W_N_0038,19,20,0
W_N_0038,19,21,0
W_N_0038,19,22,0
W_N_0038,19,23,1
W_N_0038,20,2,1
W_N_0038,20,3,0
W_N_0038,20,4,0
W_N_0038,20,5,0
W_N_0038,20,6,0
W_N_0038,20,7,1
W_N_0038,20,8,1
W_N_0038,20,9,0
W_N_0038,20,10,0
W_N_0038,20,11,1
W_N_0038,20,12,0
W_N_0038,20,13,1
W_N_0038,20,14,0
W_N_0038,20,15,0
W_N_0038,20,16,1
W_N_0038,20,17,0
W_N_0038,20,18,1
W_N_0038,20,19,0
W_N_0038,20,20,0
W_N_0038,20,21,0
W_N_0038,20,22,1
W_N_0038,20,23,0
W_N_0038,21,3,0
W_N_0038,21,4,0
W_N_0038,21,5,0
W_N_0038,21,6,0
W_N_0038,21,7,0
W_N_0038,21,8,0
W_N_0038,21,9,0
W_N_0038,21,10,0
W_N_0038,21,11,0
W_N_0038,21,12,0
W_N_0038,21,13,1
W_N_0038,21,14,0
W_N_0038,21,15,0
W_N_0038,21,16,0
W_N_0038,21,17,0
W_N_0038,21,18,0
W_N_0038,21,19,1
W_N_0038,21,20,0
W_N_0038,21,21,0
W_N_0038,21,22,0
W_N_0038,22,4,0
W_N_0038,22,5,0
W_N_0038,22,6,0
W_N_0038,22,7,0
W_N_0038,22,8,0
W_N_0038,22,9,0
W_N_0038,22,10,1
W_N_0038,22,11,0
W_N_0038,22,12,0
W_N_0038,22,13,0
W_N_0038,22,14,0
W_N_0038,22,15,0
W_N_0038,22,16,0
W_N_0038,22,17,0
W_N_0038,22,18,0
W_N_0038,22,19,0
W_N_0038,22,20,1
W_N_0038,22,21,1
W_N_0038,23,5,1
W_N_0038,23,6,1
W_N_0038,23,7,0
W_N_0038,23,8,0
W_N_0038,23,9,0
W_N_0038,23,10,1
W_N_0038,23,11,1
W_N_0038,23,12,0
W_N_0038,23,13,0
W_N_0038,23,14,0
W_N_0038,23,15,1
W_N_0038,23,16,0
W_N_0038,23,17,1
W_N_0038,23,18,1
W_N_0038,23,19,0
W_N_0038,24,7,1
W_N_0038,24,8,0
W_N_0038,24,9,1
W_N_0038,24,10,0
W_N_0038,24,11,0
W_N_0038,24,12,0
W_N_0038,24,13,0
W_N_0038,24,14,0
W_N_0038,24,15,0
W_N_0038,24,16,0
W_N_0038,24,17,0
W_N_0038,24,18,0
W_N_0038,25,10,1
W_N_0038,25,11,0
W_N_0038,25,12,0
W_N_0038,25,13,0
W_N_0038,25,14,0
W_N_0038,25,15,1
W_N_0142,0,10,1
W_N_0142,0,11,0
W_N_0142,0,12,1
W_N_0142,0,13,0
W_N_0142,0,14,0
W_N_0142,0,15,1
W_N_0142,1,7,0
W_N_0142,1,8,1
W_N_0142,1,9,1
W_N_0142,1,10,0
W_N_0142,1,11,0
W_N_0142,1,12,1
W_N_0142,1,13,0
W_N_0142,1,14,0
W_N_0142,1,15,0
W_N_0142,1,16,1
W_N_0142,1,17,0
W_N_0142,1,18,1
W_N_0142,2,6,1
W_N_0142,2,7,0
W_N_0142,2,8,0
W_N_0142,2,9,0
W_N_0142,2,10,0
W_N_0142,2,11,0
W_N_0142,2,12,0
W_N_0142,2,13,0
W_N_0142,2,14,0
W_N_0142,2,15,0
W_N_0142,2,16,0
W_N_0142,2,17,0
W_N_0142,2,18,0
W_N_0142,2,19,0
W_N_0142,3,4,0
W_N_0142,3,5,0
W_N_0142,3,6,0
W_N_0142,3,7,0
W_N_0142,3,8,0
W_N_0142,3,9,0
W_N_0142,3,10,0
W_N_0142,3,11,0
W_N_0142,3,12,0
W_N_0142,3,13,0
W_N_0142,3,14,0
W_N_0142,3,15,0
W_N_0142,3,16,0
W_N_0142,3,17,0
W_N_0142,3,18,1
W_N_0142,3,19,1
W_N_0142,3,20,0
W_N_0142,3,21,0
W_N_0142,4,3,0
W_N_0142,4,4,1
W_N_0142,4,5,0
W_N_0142,4,6,0
W_N_0142,4,7,1
W_N_0142,4,8,0
W_N_0142,4,9,0
W_N_0142,4,10,0
W_N_0142,4,11,0
W_N_0142,4,12,0
W_N_0142,4,13,0
W_N_0142,4,14,0
W_N_0142,4,15,0
W_N_0142,4,16,1
W_N_0142,4,17,0
W_N_0142,4,18,0
W_N_0142,4,19,0
W_N_0142,4,20,0
W_N_0142,4,21,0
W_N_0142,4,22,0
W_N_0142,5,2,0
W_N_0142,5,3,0
W_N_0142,5,4,0
W_N_0142,5,5,0
W_N_0142,5,6,0
W_N_0142,5,7,1
W_N_0142,5,8,0
W_N_0142,5,9,1
W_N_0142,5,10,0
W_N_0142,5,11,0
W_N_0142,5,12,0
W_N_0142,5,13,0
W_N_0142,5,14,0
W_N_0142,5,15,0
W_N_0142,5,16,0
W_N_0142,5,17,0
W_N_0142,5,18,0
W_N_0142,5,19,0
W_N_0142,5,20,0
W_N_0142,5,21,0
W_N_0142,5,22,0
W_N_0142,5,23,0
W_N_0142,6,2,0
W_N_0142,6,3,0
W_N_0142,6,4,0
W_N_0142,6,5,1
W_N_0142,6,6,0
W_N_0142,6,7,0
W_N_0142,6,8,0
W_N_0142,6,9,1
W_N_0142,6,10,0
W_N_0142,6,11,0
W_N_0142,6,12,0
W_N_0142,6,13,1
W_N_0142,6,14,0
W_N_0142,6,15,0
W_N_0142,6,16,0
W_N_0142,6,17,1
W_N_0142,6,18,1
W_N_0142,6,19,0
W_N_0142,6,20,0
W_N_0142,6,21,1
W_N_0142,6,22,0
W_N_0142,6,23,0
W_N_0142,7,1,0
W_N_0142,7,2,0
W_N_0142,7,3,0
W_N_0142,7,4,0
W_N_0142,7,5,0
W_N_0142,7,6,0
W_N_0142,7,7,0
W_N_0142,7,8,0
W_N_0142,7,9,0
W_N_0142,7,10,1
W_N_0142,7,11,0
W_N_0142,7,12,0
W_N_0142,7,13,1
W_N_0142,7,14,0
W_N_0142,7,15,0
W_N_0142,7,16,0
W_N_0142,7,17,0
W_N_0142,7,18,0
W_N_0142,7,19,0
W_N_0142,7,20,0
W_N_0142,7,21,0
W_N_0142,7,22,0
W_N_0142,7,23,0
W_N_0142,7,24,0
W_N_0142,8,1,0
W_N_0142,8,2,0
W_N_0142,8,3,0
W_N_0142,8,4,0
W_N_0142,8,5,0
W_N_0142,8,6,0
W_N_0142,8,7,0
W_N_0142,8,8,0
W_N_0142,8,9,0
W_N_0142,8,10,1
W_N_0142,8,11,0
W_N_0142,8,12,0
W_N_0142,8,13,0
W_N_0142,8,14,0
W_N_0142,8,15,0
W_N_0142,8,16,0
W_N_0142,8,17,1
W_N_0142,8,18,0
W_N_0142,8,19,0
W_N_0142,8,20,0
W_N_0142,8,21,0
W_N_0142,8,22,0
W_N_0142,8,23,0
W_N_0142,8,24,0
W_N_0142,9,0,1
W_N_0142,9,1,0
W_N_0142,9,2,0
W_N_0142,9,3,0
W_N_0142,9,4,0
W_N_0142,9,5,0
W_N_0142,9,6,0
W_N_0142,9,7,1
W_N_0142,9,8,0
W_N_0142,9,9,0
W_N_0142,9,10,0
W_N_0142,9,11,0
W_N_0142,9,12,0
W_N_0142,9,13,1
W_N_0142,9,14,0
W_N_0142,9,15,0
W_N_0142,9,16,0
W_N_0142,9,17,0
W_N_0142,9,18,1
W_N_0142,9,19,0
W_N_0142,9,20,0
W_N_0142,9,21,0
W_N_0142,9,22,0
W_N_0142,9,23,0
W_N_0142,9,24,0
W_N_0142,9,25,0
W_N_0142,10,0,0
W_N_0142,10,1,0
W_N_0142,10,2,0
W_N_0142,10,3,0
W_N_0142,10,4,0
W_N_0142,10,5,0
W_N_0142,10,6,0
W_N_0142,10,7,0
W_N_0142,10,8,0
W_N_0142,10,9,0
W_N_0142,10,10,0
W_N_0142,10,11,1
W_N_0142,10,12,0
W_N_0142,10,13,0
W_N_0142,10,14,0
W_N_0142,10,15,0
W_N_0142,10,16,0
W_N_0142,10,17,1
W_N_0142,10,18,1
W_N_0142,10,19,0
W_N_0142,10,20,0
W_N_0142,10,21,0
W_N_0142,10,22,0
W_N_0142,10,23,0
W_N_0142,10,24,0
W_N_0142,10,25,0
W_N_0142,11,0,0
W_N_0142,11,1,0
W_N_0142,11,2,0
W_N_0142,11,3,0
W_N_0142,11,4,0
W_N_0142,11,5,1
W_N_0142,11,6,1
W_N_0142,11,7,0
W_N_0142,11,8,0
W_N_0142,11,9,0
W_N_0142,11,10,0
W_N_0142,11,11,0
W_N_0142,11,12,0
W_N_0142,11,13,0
W_N_0142,11,14,1
W_N_0142,11,15,0
W_N_0142,11,16,0
W_N_0142,11,17,0
W_N_0142,11,18,0
W_N_0142,11,19,0
W_N_0142,11,20,0
W_N_0142,11,21,1
W_N_0142,11,22,0
W_N_0142,11,23,0
W_N_0142,11,24,0
W_N_0142,11,25,0
W_N_0142,12,0,0
W_N_0142,12,1,0
W_N_0142,12,2,0
W_N_0142,12,3,0
W_N_0142,12,4,0
W_N_0142,12,5,1
W_N_0142,12,6,1
W_N_0142,12,7,0
W_N_0142,12,8,0
W_N_0142,12,9,0
W_N_0142,12,10,0
W_N_0142,12,11,0
W_N_0142,12,12,1
W_N_0142,12,13,1
W_N_0142,12,14,0
W_N_0142,12,15,0
W_N_0142,12,16,0
W_N_0142,12,17,0
W_N_0142,12,18,0
W_N_0142,12,19,1
W_N_0142,12,20,0
W_N_0142,12,21,0
W_N_0142,12,22,0
W_N_0142,12,23,0
W_N_0142,12,24,0
W_N_0142,12,25,0
W_N_0142,13,0,0
W_N_0142,13,1,0
W_N_0142,13,2,0
W_N_0142,13,3,0
W_N_0142,13,4,0
W_N_0142,13,5,1
W_N_0142,13,6,0
W_N_0142,13,7,0
W_N_0142,13,8,0
W_N_0142,13,9,0
W_N_0142,13,10,0
W_N_0142,13,11,1
W_N_0142,13,12,0
W_N_0142,13,13,1
W_N_0142,13,14,0
W_N_0142,13,15,0
W_N_0142,13,16,1
W_N_0142,13,17,1
W_N_0142,13,18,1
W_N_0142,13,19,0
W_N_0142,13,20,0
W_N_0142,13,21,0
W_N_0142,13,22,0
W_N_0142,13,23,0
W_N_0142,13,24,0
W_N_0142,13,25,0
W_N_0142,14,0,1
W_N_0142,14,1,0
W_N_0142,14,2,0
W_N_0142,14,3,0
W_N_0142,14,4,0
W_N_0142,14,5,0
W_N_0142,14,6,0
W_N_0142,14,7,0
W_N_0142,14,8,0
W_N_0142,14,9,1
W_N_0142,14,10,1
W_N_0142,14,11,0
W_N_0142,14,12,1
W_N_0142,14,13,0
W_N_0142,14,14,0
W_N_0142,14,15,0
W_N_0142,14,16,0
W_N_0142,14,17,0
W_N_0142,14,18,0
W_N_0142,14,19,0
W_N_0142,14,20,0
W_N_0142,14,21,1
W_N_0142,14,22,0
W_N_0142,14,23,0
W_N_0142,14,24,0
W_N_0142,14,25,0
W_N_0142,15,0,1
W_N_0142,15,1,0
W_N_0142,15,2,0
W_N_0142,15,3,0
W_N_0142,15,4,1
W_N_0142,15,5,0
W_N_0142,15,6,0
W_N_0142,15,7,1
W_N_0142,15,8,0
W_N_0142,15,9,0
W_N_0142,15,10,0
W_N_0142,15,11,0
W_N_0142,15,12,0
W_N_0142,15,13,0
W_N_0142,15,14,0
W_N_0142,15,15,0
W_N_0142,15,16,0
W_N_0142,15,17,0
W_N_0142,15,18,1
W_N_0142,15,19,0
W_N_0142,15,20,1
W_N_0142,15,21,0
W_N_0142,15,22,0
W_N_0142,15,23,0
W_N_0142,15,24,0
W_N_0142,15,25,0
W_N_0142,16,0,1
W_N_0142,16,1,0
W_N_0142,16,2,0
W_N_0142,16,3,0
W_N_0142,16,4,0
W_N_0142,16,5,0
W_N_0142,16,6,0
W_N_0142,16,7,0
W_N_0142,16,8,0
W_N_0142,16,9,0
W_N_0142,16,10,1
W_N_0142,16,11,0
W_N_0142,16,12,0
W_N_0142,16,13,0
W_N_0142,16,14,0
W_N_0142,16,15,0
W_N_0142,16,16,1
W_N_0142,16,17,0
W_N_0142,16,18,0
W_N_0142,16,19,0
W_N_0142,16,20,0
W_N_0142,16,21,0
W_N_0142,16,22,1
W_N_0142,16,23,0
W_N_0142,16,24,1
W_N_0142,16,25,1
W_N_0142,17,1,0
W_N_0142,17,2,0
W_N_0142,17,3,0
W_N_0142,17,4,0
W_N_0142,17,5,0
W_N_0142,17,6,0
W_N_0142,17,7,0
W_N_0142,17,8,0
W_N_0142,17,9,0
W_N_0142,17,10,0
W_N_0142,17,11,0
W_N_0142,17,12,0
W_N_0142,17,13,0
W_N_0142,17,14,0
W_N_0142,17,15,0
W_N_0142,17,16,0
W_N_0142,17,17,0
W_N_0142,17,18,0
W_N_0142,17,19,0
W_N_0142,17,20,1
W_N_0142,17,21,1
W_N_0142,17,22,0
W_N_0142,17,23,0
W_N_0142,17,24,0
W_N_0142,18,1,0
W_N_0142,18,2,0
W_N_0142,18,3,0
W_N_0142,18,4,0
W_N_0142,18,5,0
W_N_0142,18,6,1
W_N_0142,18,7,0
W_N_0142,18,8,0
W_N_0142,18,9,0
W_N_0142,18,10,0
W_N_0142,18,11,0
W_N_0142,18,12,0
W_N_0142,18,13,1
W_N_0142,18,14,0
W_N_0142,18,15,0
W_N_0142,18,16,0
W_N_0142,18,17,0
W_N_0142,18,18,0
W_N_0142,18,19,0
W_N_0142,18,20,1
W_N_0142,18,21,0
W_N_0142,18,22,0
W_N_0142,18,23,0
W_N_0142,18,24,1
W_N_0142,19,2,1
W_N_0142,19,3,0
W_N_0142,19,4,0
W_N_0142,19,5,0
W_N_0142,19,6,0
W_N_0142,19,7,0
W_N_0142,19,8,0
W_N_0142,19,9,1
W_N_0142,19,10,0
W_N_0142,19,11,0
W_N_0142,19,12,0
W_N_0142,19,13,0
W_N_0142,19,14,0
W_N_0142,19,15,0
W_N_0142,19,16,0
W_N_0142,19,17,0
W_N_0142,19,18,0
W_N_0142,19,19,0
W_N_0142,19,20,0
W_N_0142,19,21,1
W_N_0142,19,22,0
W_N_0142,19,23,1
W_N_0142,20,2,0
W_N_0142,20,3,1
W_N_0142,20,4,1
W_N_0142,20,5,1
W_N_0142,20,6,0
W_N_0142,20,7,0
W_N_0142,20,8,0
W_N_0142,20,9,0
W_N_0142,20,10,0
W_N_0142,20,11,0
W_N_0142,20,12,0
W_N_0142,20,13,0
W_N_0142,20,14,1
W_N_0142,20,15,0
W_N_0142,20,16,0
W_N_0142,20,17,0
W_N_0142,20,18,0
W_N_0142,20,19,0
W_N_0142,20,20,0
W_N_0142,20,21,1
W_N_0142,20,22,1
W_N_0142,20,23,0
W_N_0142,21,3,0
W_N_0142,21,4,0
W_N_0142,21,5,0
W_N_0142,21,6,1
W_N_0142,21,7,0
W_N_0142,21,8,0
W_N_0142,21,9,0
W_N_0142,21,10,0
W_N_0142,21,11,0
W_N_0142,21,12,0
W_N_0142,21,13,0
W_N_0142,21,14,0
W_N_0142,21,15,1
W_N_0142,21,16,0
W_N_0142,21,17,0
W_N_0142,21,18,0
W_N_0142,21,19,1
W_N_0142,21,20,1
W_N_0142,21,21,0
W_N_0142,21,22,0
W_N_0142,22,4,1
W_N_0142,22,5,0
W_N_0142,22,6,0
W_N_0142,22,7,0
W_N_0142,22,8,0
W_N_0142,22,9,0
W_N_0142,22,10,0
W_N_0142,22,11,0
W_N_0142,22,12,1
W_N_0142,22,13,1
W_N_0142,22,14,0
W_N_0142,22,15,0
W_N_0142,22,16,0
W_N_0142,22,17,0
W_N_0142,22,18,1
W_N_0142,22,19,0
W_N_0142,22,20,0
W_N_0142,22,21,0
W_N_0142,23,5,0
W_N_0142,23,6,0
W_N_0142,23,7,1
W_N_0142,23,8,0
W_N_0142,23,9,0
W_N_0142,23,10,0
W_N_0142,23,11,0
W_N_0142,23,12,0
W_N_0142,23,13,0
W_N_0142,23,14,0
W_N_0142,23,15,1
W_N_0142,23,16,0
W_N_0142,23,17,0
W_N_0142,23,18,1
W_N_0142,23,19,0
W_N_0142,24,7,0
W_N_0142,24,8,0
W_N_0142,24,9,0
W_N_0142,24,10,0
W_N_0142,24,11,0
W_N_0142,24,12,0
W_N_0142,24,13,1
W_N_0142,24,14,1
W_N_0142,24,15,0
W_N_0142,24,16,0
W_N_0142,24,17,0
W_N_0142,24,18,0
W_N_0142,25,10,1
W_N_0142,25,11,1
W_N_0142,25,12,1
W_N_0142,25,13,0
W_N_0142,25,14,1
W_N_0142,25,15,0
W_N_0016,0,18,1
W_N_0016,0,19,0
W_N_0016,0,20,1
W_N_0016,0,21,1
W_N_0016,0,22,0
W_N_0016,1,14,1
W_N_0016,1,15,0
W_N_0016,1,16,0
W_N_0016,1,17,0
W_N_0016,1,18,0
W_N_0016,1,19,0
W_N_0016,1,20,0
W_N_0016,1,21,0
W_N_0016,1,22,0
W_N_0016,1,23,0
W_N_0016,1,24,0
W_N_0016,1,25,0
W_N_0016,1,26,0
W_N_0016,2,12,0
W_N_0016,2,13,0
W_N_0016,2,14,0
W_N_0016,2,15,0
W_N_0016,2,16,0
W_N_0016,2,17,0
W_N_0016,2,18,0
W_N_0016,2,19,0
W_N_0016,2,20,0
W_N_0016,2,21,0
W_N_0016,2,22,0
W_N_0016,2,23,0
W_N_0016,2,24,0
W_N_0016,2,25,0
W_N_0016,2,26,0
W_N_0016,2,27,0
W_N_0016,2,28,1
W_N_0016,3,10,0
W_N_0016,3,11,0
W_N_0016,3,12,0
W_N_0016,3,13,0
W_N_0016,3,14,0
W_N_0016,3,15,0
W_N_0016,3,16,0
W_N_0016,3,17,0
W_N_0016,3,18,0
W_N_0016,3,19,0
W_N_0016,3,20,0
W_N_0016,3,21,1
W_N_0016,3,22,0
W_N_0016,3,23,0
W_N_0016,3,24,0
W_N_0016,3,25,0
W_N_0016,3,26,0
W_N_0016,3,27,0
W_N_0016,3,28,0
W_N_0016,3,29,0
W_N_0016,3,30,0
W_N_0016,4,9,0
W_N_0016,4,10,1
W_N_0016,4,11,0
W_N_0016,4,12,1
W_N_0016,4,13,0
W_N_0016,4,14,0
W_N_0016,4,15,0
W_N_0016,4,16,0
W_N_0016,4,17,0
W_N_0016,4,18,0
W_N_0016,4,19,0
W_N_0016,4,20,0
W_N_0016,4,21,0
W_N_0016,4,22,0
W_N_0016,4,23,0
W_N_0016,4,24,0
W_N_0016,4,25,0
W_N_0016,4,26,0
W_N_0016,4,27,0
W_N_0016,4,28,0
W_N_0016,4,29,0
W_N_0016,4,30,1
W_N_0016,4,31,0
W_N_0016,5,8,0
W_N_0016,5,9,0
W_N_0016,5,10,1
W_N_0016,5,11,0
W_N_0016,5,12,1
W_N_0016,5,13,0
W_N_0016,5,14,0
W_N_0016,5,15,0
W_N_0016,5,16,0
W_N_0016,5,17,0
W_N_0016,5,18,1
W_N_0016,5,19,0
W_N_0016,5,20,0
W_N_0016,5,21,0
W_N_0016,5,22,0
W_N_0016,5,23,0
W_N_0016,5,24,0
W_N_0016,5,25,0
W_N_0016,5,26,0
W_N_0016,5,27,0
W_N_0016,5,28,0
W_N_0016,5,29,0
W_N_0016,5,30,0
W_N_0016,5,31,0
W_N_0016,5,32,0
W_N_0016,6,7,1
W_N_0016,6,8,0
W_N_0016,6,9,0
W_N_0016,6,10,1
W_N_0016,6,11,0
W_N_0016,6,12,0
W_N_0016,6,13,0
W_N_0016,6,14,0
W_N_0016,6,15,0
W_N_0016,6,16,0
W_N_0016,6,17,0
W_N_0016,6,18,0
W_N_0016,6,19,0
W_N_0016,6,20,0
W_N_0016,6,21,0
W_N_0016,6,22,0
W_N_0016,6,23,0
W_N_0016,6,24,0
W_N_0016,6,25,0
W_N_0016,6,26,0
W_N_0016,6,27,1
W_N_0016,6,28,0
W_N_0016,6,29,0
W_N_0016,6,30,0
W_N_0016,6,31,0
W_N_0016,6,32,0
W_N_0016,6,33,0
W_N_0016,7,6,0
W_N_0016,7,7,0
W_N_0016,7,8,0
W_N_0016,7,9,0
W_N_0016,7,10,0
W_N_0016,7,11,0
W_N_0016,7,12,0
W_N_0016,7,13,0
W_N_0016,7,14,0
W_N_0016,7,15,0
W_N_0016,7,16,0
W_N_0016,7,17,0
W_N_0016,7,18,0
W_N_0016,7,19,0
W_N_0016,7,20,0
W_N_0016,7,21,0
W_N_0016,7,22,0
W_N_0016,7,23,0
W_N_0016,7,24,0
W_N_0016,7,25,0
W_N_0016,7,26,0
W_N_0016,7,27,0
W_N_0016,7,28,0
W_N_0016,7,29,0
W_N_0016,7,30,0
W_N_0016,7,31,0
W_N_0016,7,32,0
W_N_0016,7,33,0
W_N_0016,7,34,1
W_N_0016,8,5,0
W_N_0016,8,6,1
W_N_0016,8,7,0
W_N_0016,8,8,0
W_N_0016,8,9,0
W_N_0016,8,10,0
W_N_0016,8,11,0
W_N_0016,8,12,0
W_N_0016,8,13,0
W_N_0016,8,14,0
W_N_0016,8,15,0
W_N_0016,8,16,0
W_N_0016,8,17,1
W_N_0016,8,18,0
W_N_0016,8,19,0
W_N_0016,8,20,0
W_N_0016,8,21,0
W_N_0016,8,22,0
W_N_0016,8,23,0
W_N_0016,8,24,0
W_N_0016,8,25,0
W_N_0016,8,26,0
W_N_0016,8,27,0
W_N_0016,8,28,0
W_N_0016,8,29,0
W_N_0016,8,30,0
W_N_0016,8,31,0
W_N_0016,8,32,0
W_N_0016,8,33,0
W_N_0016,8,34,0
W_N_0016,8,35,0
W_N_0016,9,4,0
W_N_0016,9,5,0
W_N_0016,9,6,0
W_N_0016,9,7,1
W_N_0016,9,8,0
W_N_0016,9,9,0
W_N_0016,9,10,0
W_N_0016,9,11,0
W_N_0016,9,12,0
W_N_0016,9,13,0
W_N_0016,9,14,0
W_N_0016,9,15,0
W_N_0016,9,16,0
W_N_0016,9,17,0
W_N_0016,9,18,0
W_N_0016,9,19,0
W_N_0016,9,20,0
W_N_0016,9,21,0
W_N_0016,9,22,0
W_N_0016,9,23,0
W_N_0016,9,24,0
W_N_0016,9,25,0
W_N_0016,9,26,0
W_N_0016,9,27,0
W_N_0016,9,28,0
W_N_0016,9,29,0
W_N_0016,9,30,0
W_N_0016,9,31,0
W_N_0016,9,32,0
W_N_0016,9,33,0
W_N_0016,9,34,0
W_N_0016,9,35,0
W_N_0016,9,36,1
W_N_0016,10,4,0
W_N_0016,10,5,0
W_N_0016,10,6,0
W_N_0016,10,7,0
W_N_0016,10,8,0
W_N_0016,10,9,0
W_N_0016,10,10,0
W_N_0016,10,11,0
W_N_0016,10,12,0
W_N_0016,10,13,0
W_N_0016,10,14,0
W_N_0016,10,15,0
W_N_0016,10,16,0
W_N_0016,10,17,0
W_N_0016,10,18,0
W_N_0016,10,19,0
W_N_0016,10,20,0
W_N_0016,10,21,0
W_N_0016,10,22,0
W_N_0016,10,23,0
W_N_0016,10,24,0
W_N_0016,10,25,0
W_N_0016,10,26,0
W_N_0016,10,27,0
W_N_0016,10,28,0
W_N_0016,10,29,0
W_N_0016,10,30,0
W_N_0016,10,31,0
W_N_0016,10,32,0
W_N_0016,10,33,0
W_N_0016,10,34,0
W_N_0016,10,35,0
W_N_0016,10,36,0
W_N_0016,11,3,0
W_N_0016,11,4,0
W_N_0016,11,5,0
W_N_0016,11,6,0
W_N_0016,11,7,0
W_N_0016,11,8,0
W_N_0016,11,9,0
W_N_0016,11,10,0
W_N_0016,11,11,0
W_N_0016,11,12,0
W_N_0016,11,13,0
W_N_0016,11,14,0
W_N_0016,11,15,0
W_N_0016,11,16,0
W_N_0016,11,17,0
W_N_0016,11,18,0
W_N_0016,11,19,0
W_N_0016,11,20,0
W_N_0016,11,21,0
W_N_0016,11,22,0
W_N_0016,11,23,0
W_N_0016,11,24,0
W_N_0016,11,25,0
W_N_0016,11,26,0
W_N_0016,11,27,0
W_N_0016,11,28,0
W_N_0016,11,29,0
W_N_0016,11,30,0
W_N_0016,11,31,0
W_N_0016,11,32,0
W_N_0016,11,33,0
W_N_0016,11,34,0
W_N_0016,11,35,1
W_N_0016,11,36,0
W_N_0016,11,37,0
W_N_0016,12,3,0
W_N_0016,12,4,0
W_N_0016,12,5,0
W_N_0016,12,6,0
W_N_0016,12,7,0
W_N_0016,12,8,0
W_N_0016,12,9,0
W_N_0016,12,10,0
W_N_0016,12,11,0
W_N_0016,12,12,0
W_N_0016,12,13,0
W_N_0016,12,14,0
W_N_0016,12,15,0
W_N_0016,12,16,0
W_N_0016,12,17,0
W_N_0016,12,18,0
W_N_0016,12,19,1
W_N_0016,12,20,0
W_N_0016,12,21,0
W_N_0016,12,22,0
W_N_0016,12,23,0
W_N_0016,12,24,0
W_N_0016,12,25,0
W_N_0016,12,26,0
W_N_0016,12,27,0
W_N_0016,12,28,0
W_N_0016,12,29,0
W_N_0016,12,30,0
W_N_0016,12,31,0
W_N_0016,12,32,0
W_N_0016,12,33,0
W_N_0016,12,34,0
W_N_0016,12,35,0
W_N_0016,12,36,0
W_N_0016,12,37,0
W_N_0016,13,2,0
W_N_0016,13,3,0
W_N_0016,13,4,0
W_N_0016,13,5,0
W_N_0016,13,6,0
W_N_0016,13,7,0
W_N_0016,13,8,1
W_N_0016,13,9,0
W_N_0016,13,10,0
W_N_0016,13,11,0
W_N_0016,13,12,0
W_N_0016,13,13,0
W_N_0016,13,14,0
W_N_0016,13,15,0
W_N_0016,13,16,0
W_N_0016,13,17,0
W_N_0016,13,18,0
W_N_0016,13,19,0
W_N_0016,13,20,0
W_N_0016,13,21,0
W_N_0016,13,22,0
W_N_0016,13,23,0
W_N_0016,13,24,0
W_N_0016,13,25,0
W_N_0016,13,26,0
W_N_0016,13,27,0
W_N_0016,13,28,0
W_N_0016,13,29,0
W_N_0016,13,30,1
W_N_0016,13,31,0
W_N_0016,13,32,0
W_N_0016,13,33,0
W_N_0016,13,34,0
W_N_0016,13,35,0
W_N_0016,13,36,0
W_N_0016,13,37,0
W_N_0016,13,38,1
W_N_0016,14,2,0
W_N_0016,14,3,0
W_N_0016,14,4,0
W_N_0016,14,5,0
W_N_0016,14,6,1
W_N_0016,14,7,0
W_N_0016,14,8,1
W_N_0016,14,9,0
W_N_0016,14,10,0
W_N_0016,14,11,0
W_N_0016,14,12,0
W_N_0016,14,13,1
W_N_0016,14,14,0
W_N_0016,14,15,0
W_N_0016,14,16,0
W_N_0016,14,17,0
W_N_0016,14,18,0
W_N_0016,14,19,1
W_N_0016,14,20,0
W_N_0016,14,21,0
W_N_0016,14,22,0
W_N_0016,14,23,0
W_N_0016,14,24,0
W_N_0016,14,25,0
W_N_0016,14,26,0
W_N_0016,14,27,0
W_N_0016,14,28,0
W_N_0016,14,29,0
W_N_0016,14,30,0
W_N_0016,14,31,0
W_N_0016,14,32,0
W_N_0016,14,33,0
W_N_0016,14,34,0
W_N_0016,14,35,1
W_N_0016,14,36,0
W_N_0016,14,37,0
W_N_0016,14,38,1
W_N_0016,15,1,1
W_N_0016,15,2,0
W_N_0016,15,3,0
W_N_0016,15,4,0
W_N_0016,15,5,0
W_N_0016,15,6,0
W_N_0016,15,7,0
W_N_0016,15,8,0
W_N_0016,15,9,0
W_N_0016,15,10,0
W_N_0016,15,11,0
W_N_0016,15,12,0
W_N_0016,15,13,0
W_N_0016,15,14,0
W_N_0016,15,15,0
W_N_0016,15,16,0
W_N_0016,15,17,0
W_N_0016,15,18,0
W_N_0016,15,19,0
W_N_0016,15,20,0
W_N_0016,15,21,0
W_N_0016,15,22,0
W_N_0016,15,23,0
W_N_0016,15,24,0
W_N_0016,15,25,0
W_N_0016,15,26,0
W_N_0016,15,27,0
W_N_0016,15,28,0
W_N_0016,15,29,0
W_N_0016,15,30,0
W_N_0016,15,31,0
W_N_0016,15,32,0
W_N_0016,15,33,0
W_N_0016,15,34,0
W_N_0016,15,35,0
W_N_0016,15,36,0
W_N_0016,15,37,0
W_N_0016,15,38,1
W_N_0016,15,39,1
W_N_0016,16,1,0
W_N_0016,16,2,0
W_N_0016,16,3,0
W_N_0016,16,4,0
W_N_0016,16,5,0
W_N_0016,16,6,0
W_N_0016,16,7,0
W_N_0016,16,8,0
W_N_0016,16,9,0
W_N_0016,16,10,0
W_N_0016,16,11,0
W_N_0016,16,12,0
W_N_0016,16,13,0
W_N_0016,16,14,0
W_N_0016,16,15,0
W_N_0016,16,16,0
W_N_0016,16,17,0
W_N_0016,16,18,0
W_N_0016,16,19,0
W_N_0016,16,20,0
W_N_0016,16,21,0
W_N_0016,16,22,0
W_N_0016,16,23,0
W_N_0016,16,24,0
W_N_0016,16,25,0
W_N_0016,16,26,0
W_N_0016,16,27,0
W_N_0016,16,28,0
W_N_0016,16,29,0
W_N_0016,16,30,0
W_N_0016,16,31,0
W_N_0016,16,32,0
W_N_0016,16,33,0
W_N_0016,16,34,0
W_N_0016,16,35,0
W_N_0016,16,36,0
W_N_0016,16,37,0
W_N_0016,16,38,0
W_N_0016,16,39,0
W_N_0016,17,1,1
W_N_0016,17,2,0
W_N_0016,17,3,0
W_N_0016,17,4,0
W_N_0016,17,5,0
W_N_0016,17,6,0
W_N_0016,17,7,0
W_N_0016,17,8,0
W_N_0016,17,9,0
W_N_0016,17,10,0
W_N_0016,17,11,0
W_N_0016,17,12,0
W_N_0016,17,13,0
W_N_0016,17,14,0
W_N_0016,17,15,0
W_N_0016,17,16,0
W_N_0016,17,17,0
W_N_0016,17,18,0
W_N_0016,17,19,0
W_N_0016,17,20,0
W_N_0016,17,21,0
W_N_0016,17,22,0
W_N_0016,17,23,0
W_N_0016,17,24,0
W_N_0016,17,25,0
W_N_0016,17,26,0
W_N_0016,17,27,0
W_N_0016,17,28,0
W_N_0016,17,29,0
W_N_0016,17,30,0
W_N_0016,17,31,0
W_N_0016,17,32,0
W_N_0016,17,33,0
W_N_0016,17,34,0
W_N_0016,17,35,0
W_N_0016,17,36,0
W_N_0016,17,37,0
W_N_0016,17,38,1
W_N_0016,17,39,0
W_N_0016,18,1,1
W_N_0016,18,2,1
W_N_0016,18,3,0
W_N_0016,18,4,1
W_N_0016,18,5,0
W_N_0016,18,6,0
W_N_0016,18,7,0
W_N_0016,18,8,0
W_N_0016,18,9,0
W_N_0016,18,10,0
W_N_0016,18,11,0
W_N_0016,18,12,0
W_N_0016,18,13,0
W_N_0016,18,14,0
W_N_0016,18,15,0
W_N_0016,18,16,0
W_N_0016,18,17,0
W_N_0016,18,18,0
W_N_0016,18,19,0
W_N_0016,18,20,0
W_N_0016,18,21,0
W_N_0016,18,22,0
W_N_0016,18,23,0
W_N_0016,18,24,0
W_N_0016,18,25,0
W_N_0016,18,26,1
W_N_0016,18,27,0
W_N_0016,18,28,0
W_N_0016,18,29,0
W_N_0016,18,30,0
W_N_0016,18,31,0
W_N_0016,18,32,0
W_N_0016,18,33,0
W_N_0016,18,34,0
W_N_0016,18,35,0
W_N_0016,18,36,0
W_N_0016,18,37,0
W_N_0016,18,38,0
W_N_0016,18,39,0
W_N_0016,19,1,0
W_N_0016,19,2,0
W_N_0016,19,3,0
W_N_0016,19,4,0
W_N_0016,19,5,0
W_N_0016,19,6,0
W_N_0016,19,7,0
W_N_0016,19,8,0
W_N_0016,19,9,0
W_N_0016,19,10,0
W_N_0016,19,11,0
W_N_0016,19,12,0
W_N_0016,19,13,0
W_N_0016,19,14,0
W_N_0016,19,15,0
W_N_0016,19,16,0
W_N_0016,19,17,0
W_N_0016,19,18,0
W_N_0016,19,19,0
W_N_0016,19,20,0
W_N_0016,19,21,0
W_N_0016,19,22,0
W_N_0016,19,23,0
W_N_0016,19,24,0
W_N_0016,19,25,1
W_N_0016,19,26,0
W_N_0016,19,27,0
W_N_0016,19,28,0
W_N_0016,19,29,0
W_N_0016,19,30,0
W_N_0016,19,31,0
W_N_0016,19,32,0
W_N_0016,19,33,0
W_N_0016,19,34,0
W_N_0016,19,35,0
W_N_0016,19,36,0
W_N_0016,19,37,0
W_N_0016,19,38,0
W_N_0016,19,39,1
W_N_0016,20,0,1
W_N_0016,20,1,0
W_N_0016,20,2,0
W_N_0016,20,3,0
W_N_0016,20,4,0
W_N_0016,20,5,0
W_N_0016,20,6,0
W_N_0016,20,7,0
W_N_0016,20,8,0
W_N_0016,20,9,0
W_N_0016,20,10,0
W_N_0016,20,11,0
W_N_0016,20,12,0
W_N_0016,20,13,0
W_N_0016,20,14,0
W_N_0016,20,15,0
W_N_0016,20,16,0
W_N_0016,20,17,0
W_N_0016,20,18,1
W_N_0016,20,19,0
W_N_0016,20,20,0
W_N_0016,20,21,0
W_N_0016,20,22,0
W_N_0016,20,23,0
W_N_0016,20,24,0
W_N_0016,20,25,0
W_N_0016,20,26,0
W_N_0016,20,27,0
W_N_0016,20,28,1
W_N_0016,20,29,0
W_N_0016,20,30,0
W_N_0016,20,31,0
W_N_0016,20,32,0
W_N_0016,20,33,0
W_N_0016,20,34,1
W_N_0016,20,35,0
W_N_0016,20,36,0
W_N_0016,20,37,0
W_N_0016,20,38,0
W_N_0016,20,39,0
W_N_0016,20,40,1
W_N_0016,21,0,0
W_N_0016,21,1,0
W_N_0016,21,2,1
W_N_0016,21,3,0
W_N_0016,21,4,0
W_N_0016,21,5,0
W_N_0016,21,6,0
W_N_0016,21,7,0
W_N_0016,21,8,0
W_N_0016,21,9,0
W_N_0016,21,10,0
W_N_0016,21,11,0
W_N_0016,21,12,0
W_N_0016,21,13,0
W_N_0016,21,14,0
W_N_0016,21,15,0
W_N_0016,21,16,0
W_N_0016,21,17,0
W_N_0016,21,18,0
W_N_0016,21,19,0
W_N_0016,21,20,1
W_N_0016,21,21,0
W_N_0016,21,22,0
W_N_0016,21,23,0
W_N_0016,21,24,0
W_N_0016,21,25,0
W_N_0016,21,26,0
W_N_0016,21,27,0
W_N_0016,21,28,0
W_N_0016,21,29,0
W_N_0016,21,30,0
W_N_0016,21,31,0
W_N_0016,21,32,0
W_N_0016,21,33,0
W_N_0016,21,34,0
W_N_0016,21,35,1
W_N_0016,21,36,0
W_N_0016,21,37,0
W_N_0016,21,38,0
W_N_0016,21,39,0
W_N_0016,21,40,1
W_N_0016,22,0,0
W_N_0016,22,1,0
W_N_0016,22,2,0
W_N_0016,22,3,0
W_N_0016,22,4,0
W_N_0016,22,5,0
W_N_0016,22,6,0
W_N_0016,22,7,0
W_N_0016,22,8,1
W_N_0016,22,9,0
W_N_0016,22,10,0
W_N_0016,22,11,0
W_N_0016,22,12,0
W_N_0016,22,13,1
W_N_0016,22,14,0
W_N_0016,22,15,0
W_N_0016,22,16,0
W_N_0016,22,17,1
W_N_0016,22,18,1
W_N_0016,22,19,0
W_N_0016,22,20,1
W_N_0016,22,21,0
W_N_0016,22,22,0
W_N_0016,22,23,0
W_N_0016,22,24,0
W_N_0016,22,25,0
W_N_0016,22,26,0
W_N_0016,22,27,0
W_N_0016,22,28,0
W_N_0016,22,29,0
W_N_0016,22,30,0
W_N_0016,22,31,0
W_N_0016,22,32,0
W_N_0016,22,33,0
W_N_0016,22,34,0
W_N_0016,22,35,0
W_N_0016,22,36,0
W_N_0016,22,37,0
W_N_0016,22,38,1
W_N_0016,22,39,0
W_N_0016,22,40,0
W_N_0016,23,0,1
W_N_0016,23,1,0
W_N_0016,23,2,0
W_N_0016,23,3,0
W_N_0016,23,4,0
W_N_0016,23,5,0
W_N_0016,23,6,0
W_N_0016,23,7,0
W_N_0016,23,8,0
W_N_0016,23,9,1
W_N_0016,23,10,0
W_N_0016,23,11,0
W_N_0016,23,12,1
W_N_0016,23,13,0
W_N_0016,23,14,0
W_N_0016,23,15,0
W_N_0016,23,16,0
W_N_0016,23,17,0
W_N_0016,23,18,0
W_N_0016,23,19,1
W_N_0016,23,20,0
W_N_0016,23,21,0
W_N_0016,23,22,0
W_N_0016,23,23,0
W_N_0016,23,24,0
W_N_0016,23,25,0
W_N_0016,23,26,0
W_N_0016,23,27,0
W_N_0016,23,28,0
W_N_0016,23,29,0
W_N_0016,23,30,0
W_N_0016,23,31,0
W_N_0016,23,32,0
W_N_0016,23,33,0
W_N_0016,23,34,0
W_N_0016,23,35,0
W_N_0016,23,36,0
W_N_0016,23,37,0
W_N_0016,23,38,0
W_N_0016,23,39,0
W_N_0016,23,40,1
W_N_0016,24,1,0
W_N_0016,24,2,0
W_N_0016,24,3,0
W_N_0016,24,4,0
W_N_0016,24,5,0
W_N_0016,24,6,0
W_N_0016,24,7,0
W_N_0016,24,8,0
W_N_0016,24,9,0
W_N_0016,24,10,0
W_N_0016,24,11,0
W_N_0016,24,12,0
W_N_0016,24,13,0
W_N_0016,24,14,0
W_N_0016,24,15,0
W_N_0016,24,16,0
W_N_0016,24,17,0
W_N_0016,24,18,0
W_N_0016,24,19,0
W_N_0016,24,20,0
W_N_0016,24,21,0
W_N_0016,24,22,0
W_N_0016,24,23,0
W_N_0016,24,24,0
W_N_0016,24,25,0
W_N_0016,24,26,0
W_N_0016,24,27,0
W_N_0016,24,28,0
W_N_0016,24,29,0
W_N_0016,24,30,1
W_N_0016,24,31,0
W_N_0016,24,32,0
W_N_0016,24,33,1
W_N_0016,24,34,0
W_N_0016,24,35,0
W_N_0016,24,36,0
W_N_0016,24,37,0
W_N_0016,24,38,0
W_N_0016,24,39,1
W_N_0016,25,1,1
W_N_0016,25,2,0
W_N_0016,25,3,1
W_N_0016,25,4,0
W_N_0016,25,5,0
W_N_0016,25,6,0
W_N_0016,25,7,0
W_N_0016,25,8,0
W_N_0016,25,9,0
W_N_0016,25,10,1
W_N_0016,25,11,0
W_N_0016,25,12,0
W_N_0016,25,13,1
W_N_0016,25,14,0
W_N_0016,25,15,0
W_N_0016,25,16,0
W_N_0016,25,17,0
W_N_0016,25,18,0
W_N_0016,25,19,0
W_N_0016,25,20,0
W_N_0016,25,21,0
W_N_0016,25,22,0
W_N_0016,25,23,0
W_N_0016,25,24,0
W_N_0016,25,25,0
W_N_0016,25,26,0
W_N_0016,25,27,0
W_N_0016,25,28,0
W_N_0016,25,29,0
W_N_0016,25,30,0
W_N_0016,25,31,0
W_N_0016,25,32,0
W_N_0016,25,33,0
W_N_0016,25,34,0
W_N_0016,25,35,0
W_N_0016,25,36,0
W_N_0016,25,37,0
W_N_0016,25,38,0
W_N_0016,25,39,0
W_N_0016,26,1,0
W_N_0016,26,2,0
W_N_0016,26,3,0
W_N_0016,26,4,0
W_N_0016,26,5,0
W_N_0016,26,6,0
W_N_0016,26,7,0
W_N_0016,26,8,0
W_N_0016,26,9,0
W_N_0016,26,10,0
W_N_0016,26,11,1
W_N_0016,26,12,0
W_N_0016,26,13,0
W_N_0016,26,14,0
W_N_0016,26,15,0
W_N_0016,26,16,0
W_N_0016,26,17,0
W_N_0016,26,18,1
W_N_0016,26,19,0
W_N_0016,26,20,0
W_N_0016,26,21,0
W_N_0016,26,22,0
W_N_0016,26,23,0
W_N_0016,26,24,0
W_N_0016,26,25,0
W_N_0016,26,26,0
W_N_0016,26,27,0
W_N_0016,26,28,0
W_N_0016,26,29,0
W_N_0016,26,30,0
W_N_0016,26,31,0
W_N_0016,26,32,0
W_N_0016,26,33,0
W_N_0016,26,34,0
W_N_0016,26,35,0
W_N_0016,26,36,0
W_N_0016,26,37,0
W_N_0016,26,38,0
W_N_0016,26,39,1
W_N_0016,27,1,0
W_N_0016,27,2,0
W_N_0016,27,3,0
W_N_0016,27,4,0
W_N_0016,27,5,0
W_N_0016,27,6,0
W_N_0016,27,7,0
W_N_0016,27,8,0
W_N_0016,27,9,1
W_N_0016,27,10,0
W_N_0016,27,11,0
W_N_0016,27,12,0
W_N_0016,27,13,0
W_N_0016,27,14,1
W_N_0016,27,15,0
W_N_0016,27,16,0
W_N_0016,27,17,0
W_N_0016,27,18,0
W_N_0016,27,19,0
W_N_0016,27,20,0
W_N_0016,27,21,0
W_N_0016,27,22,0
W_N_0016,27,23,0
W_N_0016,27,24,0
W_N_0016,27,25,0
W_N_0016,27,26,0
W_N_0016,27,27,0
W_N_0016,27,28,0
W_N_0016,27,29,0
W_N_0016,27,30,0
W_N_0016,27,31,0
W_N_0016,27,32,0
W_N_0016,27,33,0
W_N_0016,27,34,0
W_N_0016,27,35,0
W_N_0016,27,36,0
W_N_0016,27,37,0
W_N_0016,27,38,0
W_N_0016,27,39,0
W_N_0016,28,1,0
W_N_0016,28,2,0
W_N_0016,28,3,0
W_N_0016,28,4,0
W_N_0016,28,5,0
W_N_0016,28,6,0
W_N_0016,28,7,0
W_N_0016,28,8,0
W_N_0016,28,9,0
W_N_0016,28,10,0
W_N_0016,28,11,0
W_N_0016,28,12,1
W_N_0016,28,13,0
W_N_0016,28,14,0
W_N_0016,28,15,0
W_N_0016,28,16,0
W_N_0016,28,17,0
W_N_0016,28,18,0
W_N_0016,28,19,0
W_N_0016,28,20,0
W_N_0016,28,21,0
W_N_0016,28,22,0
W_N_0016,28,23,1
W_N_0016,28,24,0
W_N_0016,28,25,0
W_N_0016,28,26,0
W_N_0016,28,27,0
W_N_0016,28,28,1
W_N_0016,28,29,0
W_N_0016,28,30,0
W_N_0016,28,31,0
W_N_0016,28,32,1
W_N_0016,28,33,1
W_N_0016,28,34,0
W_N_0016,28,35,0
W_N_0016,28,36,0
W_N_0016,28,37,1
W_N_0016,28,38,0
W_N_0016,28,39,0
W_N_0016,29,2,0
W_N_0016,29,3,0
W_N_0016,29,4,0
W_N_0016,29,5,0
W_N_0016,29,6,0
W_N_0016,29,7,0
W_N_0016,29,8,0
W_N_0016,29,9,0
W_N_0016,29,10,0
W_N_0016,29,11,0
W_N_0016,29,12,0
W_N_0016,29,13,0
W_N_0016,29,14,0
W_N_0016,29,15,0
W_N_0016,29,16,0
W_N_0016,29,17,1
W_N_0016,29,18,0
W_N_0016,29,19,0
W_N_0016,29,20,1
W_N_0016,29,21,0
W_N_0016,29,22,0
W_N_0016,29,23,0
W_N_0016,29,24,0
W_N_0016,29,25,0
W_N_0016,29,26,0
W_N_0016,29,27,0
W_N_0016,29,28,0
W_N_0016,29,29,0
W_N_0016,29,30,0
W_N_0016,29,31,0
W_N_0016,29,32,0
W_N_0016,29,33,0
W_N_0016,29,34,0
W_N_0016,29,35,1
W_N_0016,29,36,1
W_N_0016,29,37,0
W_N_0016,29,38,0
W_N_0016,30,2,0
W_N_0016,30,3,0
W_N_0016,30,4,1
W_N_0016,30,5,0
W_N_0016,30,6,0
W_N_0016,30,7,0
W_N_0016,30,8,0
W_N_0016,30,9,0
W_N_0016,30,10,0
W_N_0016,30,11,0
W_N_0016,30,12,0
W_N_0016,30,13,0
W_N_0016,30,14,0
W_N_0016,30,15,0
W_N_0016,30,16,0
W_N_0016,30,17,0
W_N_0016,30,18,0
W_N_0016,30,19,0
W_N_0016,30,20,0
W_N_0016,30,21,0
W_N_0016,30,22,0
W_N_0016,30,23,0
W_N_0016,30,24,0
W_N_0016,30,25,0
W_N_0016,30,26,0
W_N_0016,30,27,0
W_N_0016,30,28,0
W_N_0016,30,29,0
W_N_0016,30,30,0
W_N_0016,30,31,0
W_N_0016,30,32,0
W_N_0016,30,33,0
W_N_0016,30,34,0
W_N_0016,30,35,0
W_N_0016,30,36,0
W_N_0016,30,37,0
W_N_0016,30,38,0
W_N_0016,31,2,0
W_N_0016,31,3,0
W_N_0016,31,4,0
W_N_0016,31,5,0
W_N_0016,31,6,0
W_N_0016,31,7,0
W_N_0016,31,8,0
W_N_0016,31,9,0
W_N_0016,31,10,0
W_N_0016,31,11,0
W_N_0016,31,12,0
W_N_0016,31,13,0
W_N_0016,31,14,0
W_N_0016,31,15,0
W_N_0016,31,16,0
W_N_0016,31,17,0
W_N_0016,31,18,1
W_N_0016,31,19,0
W_N_0016,31,20,0
W_N_0016,31,21,0
W_N_0016,31,22,0
W_N_0016,31,23,0
W_N_0016,31,24,0
W_N_0016,31,25,0
W_N_0016,31,26,0
W_N_0016,31,27,0
W_N_0016,31,28,0
W_N_0016,31,29,0
W_N_0016,31,30,0
W_N_0016,31,31,0
W_N_0016,31,32,0
W_N_0016,31,33,0
W_N_0016,31,34,0
W_N_0016,31,35,0
W_N_0016,31,36,0
W_N_0016,31,37,0
W_N_0016,31,38,1
W_N_0016,32,3,0
W_N_0016,32,4,1
W_N_0016,32,5,0
W_N_0016,32,6,0
W_N_0016,32,7,0
W_N_0016,32,8,1
W_N_0016,32,9,0
W_N_0016,32,10,0
W_N_0016,32,11,0
W_N_0016,32,12,0
W_N_0016,32,13,0
W_N_0016,32,14,0
W_N_0016,32,15,0
W_N_0016,32,16,0
W_N_0016,32,17,0
W_N_0016,32,18,0
W_N_0016,32,19,0
W_N_0016,32,20,0
W_N_0016,32,21,0
W_N_0016,32,22,0
W_N_0016,32,23,0
W_N_0016,32,24,0
W_N_0016,32,25,0
W_N_0016,32,26,0
W_N_0016,32,27,0
W_N_0016,32,28,0
W_N_0016,32,29,0
W_N_0016,32,30,0
W_N_0016,32,31,0
W_N_0016,32,32,0
W_N_0016,32,33,0
W_N_0016,32,34,0
W_N_0016,32,35,0
W_N_0016,32,36,0
W_N_0016,32,37,0
W_N_0016,33,3,0
W_N_0016,33,4,0
W_N_0016,33,5,0
W_N_0016,33,6,0
W_N_0016,33,7,0
W_N_0016,33,8,0
W_N_0016,33,9,0
W_N_0016,33,10,0
W_N_0016,33,11,0
W_N_0016,33,12,0
W_N_0016,33,13,0
W_N_0016,33,14,0
W_N_0016,33,15,0
W_N_0016,33,16,0
W_N_0016,33,17,0
W_N_0016,33,18,0
W_N_0016,33,19,0
W_N_0016,33,20,0
W_N_0016,33,21,0
W_N_0016,33,22,0
W_N_0016,33,23,0
W_N_0016,33,24,0
W_N_0016,33,25,0
W_N_0016,33,26,0
W_N_0016,33,27,0
W_N_0016,33,28,0
W_N_0016,33,29,0
W_N_0016,33,30,0
W_N_0016,33,31,0
W_N_0016,33,32,0
W_N_0016,33,33,0
W_N_0016,33,34,0
W_N_0016,33,35,0
W_N_0016,33,36,0
W_N_0016,33,37,0
W_N_0016,34,4,1
W_N_0016,34,5,0
W_N_0016,34,6,0
W_N_0016,34,7,0
W_N_0016,34,8,0
W_N_0016,34,9,0
W_N_0016,34,10,0
W_N_0016,34,11,0
W_N_0016,34,12,0
W_N_0016,34,13,0
W_N_0016,34,14,0
W_N_0016,34,15,0
W_N_0016,34,16,0
W_N_0016,34,17,0
W_N_0016,34,18,0
W_N_0016,34,19,1
W_N_0016,34,20,0
W_N_0016,34,21,0
W_N_0016,34,22,0
W_N_0016,34,23,0
W_N_0016,34,24,0
W_N_0016,34,25,0
W_N_0016,34,26,0
W_N_0016,34,27,0
W_N_0016,34,28,0
W_N_0016,34,29,1
W_N_0016,34,30,0
W_N_0016,34,31,0
W_N_0016,34,32,0
W_N_0016,34,33,0
W_N_0016,34,34,0
W_N_0016,34,35,1
W_N_0016,34,36,0
W_N_0016,35,5,0
W_N_0016,35,6,0
W_N_0016,35,7,0
W_N_0016,35,8,0
W_N_0016,35,9,0
W_N_0016,35,10,0
W_N_0016,35,11,0
W_N_0016,35,12,0
W_N_0016,35,13,1
W_N_0016,35,14,0
W_N_0016,35,15,0
W_N_0016,35,16,0
W_N_0016,35,17,0
W_N_0016,35,18,0
W_N_0016,35,19,0
W_N_0016,35,20,0
W_N_0016,35,21,1
W_N_0016,35,22,0
W_N_0016,35,23,0
W_N_0016,35,24,1
W_N_0016,35,25,0
W_N_0016,35,26,0
W_N_0016,35,27,0
W_N_0016,35,28,0
W_N_0016,35,29,0
W_N_0016,35,30,0
W_N_0016,35,31,0
W_N_0016,35,32,0
W_N_0016,35,33,1
W_N_0016,35,34,0
W_N_0016,35,35,1
W_N_0016,36,5,0
W_N_0016,36,6,0
W_N_0016,36,7,0
W_N_0016,36,8,0
W_N_0016,36,9,0
W_N_0016,36,10,0
W_N_0016,36,11,0
W_N_0016,36,12,0
W_N_0016,36,13,0
W_N_0016,36,14,0
W_N_0016,36,15,0
W_N_0016,36,16,0
W_N_0016,36,17,0
W_N_0016,36,18,0
W_N_0016,36,19,0
W_N_0016,36,20,1
W_N_0016,36,21,0
W_N_0016,36,22,0
W_N_0016,36,23,0
W_N_0016,36,24,0
W_N_0016,36,25,0
W_N_0016,36,26,0
W_N_0016,36,27,0
W_N_0016,36,28,0
W_N_0016,36,29,0
W_N_0016,36,30,0
W_N_0016,36,31,0
W_N_0016,36,32,0
W_N_0016,36,33,0
W_N_0016,36,34,0
W_N_0016,36,35,0
W_N_0016,37,6,0
W_N_0016,37,7,0
W_N_0016,37,8,0
W_N_0016,37,9,0
W_N_0016,37,10,0
W_N_0016,37,11,1
W_N_0016,37,12,0
W_N_0016,37,13,0
W_N_0016,37,14,0
W_N_0016,37,15,0
W_N_0016,37,16,0
W_N_0016,37,17,0
W_N_0016,37,18,0
W_N_0016,37,19,0
W_N_0016,37,20,0
W_N_0016,37,21,0
W_N_0016,37,22,0
W_N_0016,37,23,0
W_N_0016,37,24,0
W_N_0016,37,25,0
W_N_0016,37,26,0
W_N_0016,37,27,0
W_N_0016,37,28,0
W_N_0016,37,29,1
W_N_0016,37,30,0
W_N_0016,37,31,0
W_N_0016,37,32,0
W_N_0016,37,33,0
W_N_0016,37,34,0
W_N_0016,38,7,0
W_N_0016,38,8,0
W_N_0016,38,9,0
W_N_0016,38,10,0
W_N_0016,38,11,0
W_N_0016,38,12,0
W_N_0016,38,13,0
W_N_0016,38,14,0
W_N_0016,38,15,0
W_N_0016,38,16,0
W_N_0016,38,17,0
W_N_0016,38,18,1
W_N_0016,38,19,0
W_N_0016,38,20,0
W_N_0016,38,21,0
W_N_0016,38,22,1
W_N_0016,38,23,0
W_N_0016,38,24,0
W_N_0016,38,25,0
W_N_0016,38,26,0
W_N_0016,38,27,0
W_N_0016,38,28,0
W_N_0016,38,29,0
W_N_0016,38,30,0
W_N_0016,38,31,1
W_N_0016,38,32,0
W_N_0016,38,33,0
W_N_0016,39,8,0
W_N_0016,39,9,0
W_N_0016,39,10,0
W_N_0016,39,11,0
W_N_0016,39,12,0
W_N_0016,39,13,0
W_N_0016,39,14,0
W_N_0016,39,15,0
W_N_0016,39,16,0
W_N_0016,39,17,0
W_N_0016,39,18,0
W_N_0016,39,19,0
W_N_0016,39,20,0
W_N_0016,39,21,0
W_N_0016,39,22,0
W_N_0016,39,23,0
W_N_0016,39,24,0
W_N_0016,39,25,0
W_N_0016,39,26,1
W_N_0016,39,27,0
W_N_0016,39,28,0
W_N_0016,39,29,1
W_N_0016,39,30,0
W_N_0016,39,31,0
W_N_0016,39,32,1
W_N_0016,40,10,0
W_N_0016,40,11,0
W_N_0016,40,12,0
W_N_0016,40,13,1
W_N_0016,40,14,0
W_N_0016,40,15,0
W_N_0016,40,16,0
W_N_0016,40,17,0
W_N_0016,40,18,0
W_N_0016,40,19,0
W_N_0016,40,20,0
W_N_0016,40,21,0
W_N_0016,40,22,0
W_N_0016,40,23,1
W_N_0016,40,24,0
W_N_0016,40,25,1
W_N_0016,40,26,0
W_N_0016,40,27,0
W_N_0016,40,28,0
W_N_0016,40,29,0
W_N_0016,40,30,0
W_N_0016,41,11,0
W_N_0016,41,12,1
W_N_0016,41,13,1
W_N_0016,41,14,0
W_N_0016,41,15,1
W_N_0016,41,16,1
W_N_0016,41,17,0
W_N_0016,41,18,0
W_N_0016,41,19,0
W_N_0016,41,20,1
W_N_0016,41,21,0
W_N_0016,41,22,0
W_N_0016,41,23,0
W_N_0016,41,24,0
W_N_0016,41,25,0
W_N_0016,41,26,0
W_N_0016,41,27,0
W_N_0016,41,28,0
W_N_0016,41,29,0
W_N_0016,42,13,1
W_N_0016,42,14,0
W_N_0016,42,15,0
W_N_0016,42,16,0
W_N_0016,42,17,0
W_N_0016,42,18,0
W_N_0016,42,19,0
W_N_0016,42,20,0
W_N_0016,42,21,0
W_N_0016,42,22,0
W_N_0016,42,23,1
W_N_0016,42,24,0
W_N_0016,42,25,0
W_N_0016,42,26,0
W_N_0016,42,27,1
W_N_0016,43,16,0
W_N_0016,43,17,0
W_N_0016,43,18,0
W_N_0016,43,19,0
W_N_0016,43,20,0
W_N_0016,43,21,0
W_N_0016,43,22,1
W_N_0016,43,23,0
W_N_0016,43,24,0
W_N_0068,0,10,1
W_N_0068,0,11,0
W_N_0068,0,12,1
W_N_0068,0,13,0
W_N_0068,0,14,0
W_N_0068,1,8,0
W_N_0068,1,9,1
W_N_0068,1,10,0
W_N_0068,1,11,0
W_N_0068,1,12,0
W_N_0068,1,13,0
W_N_0068,1,14,0
W_N_0068,1,15,0
W_N_0068,1,16,0
W_N_0068,1,17,1
W_N_0068,2,6,0
W_N_0068,2,7,0
W_N_0068,2,8,0
W_N_0068,2,9,1
W_N_0068,2,10,0
W_N_0068,2,11,0
W_N_0068,2,12,0
W_N_0068,2,13,0
W_N_0068,2,14,1
W_N_0068,2,15,0
W_N_0068,2,16,1
W_N_0068,2,17,0
W_N_0068,2,18,0
W_N_0068,3,5,0
W_N_0068,3,6,0
W_N_0068,3,7,0
W_N_0068,3,8,0
W_N_0068,3,9,0
W_N_0068,3,10,0
W_N_0068,3,11,0
W_N_0068,3,12,0
W_N_0068,3,13,0
W_N_0068,3,14,0
W_N_0068,3,15,0
W_N_0068,3,16,0
W_N_0068,3,17,0
W_N_0068,3,18,0
W_N_0068,3,19,0
W_N_0068,3,20,0
W_N_0068,4,4,0
W_N_0068,4,5,0
W_N_0068,4,6,0
W_N_0068,4,7,0
W_N_0068,4,8,0
W_N_0068,4,9,0
W_N_0068,4,10,0
W_N_0068,4,11,0
W_N_0068,4,12,0
W_N_0068,4,13,0
W_N_0068,4,14,0
W_N_0068,4,15,1
W_N_0068,4,16,0
W_N_0068,4,17,0
W_N_0068,4,18,1
W_N_0068,4,19,0
W_N_0068,4,20,1
W_N_0068,4,21,0
W_N_0068,5,3,0
W_N_0068,5,4,0
W_N_0068,5,5,0
W_N_0068,5,6,0
W_N_0068,5,7,1
W_N_0068,5,8,0
W_N_0068,5,9,0
W_N_0068,5,10,0
W_N_0068,5,11,0
W_N_0068,5,12,0
W_N_0068,5,13,0
W_N_0068,5,14,0
W_N_0068,5,15,0
W_N_0068,5,16,0
W_N_0068,5,17,1
W_N_0068,5,18,0
W_N_0068,5,19,0
W_N_0068,5,20,0
W_N_0068,5,21,0
W_N_0068,6,2,0
W_N_0068,6,3,0
W_N_0068,6,4,0
W_N_0068,6,5,0
W_N_0068,6,6,0
W_N_0068,6,7,0
W_N_0068,6,8,0
W_N_0068,6,9,0
W_N_0068,6,10,0
W_N_0068,6,11,0
W_N_0068,6,12,0
W_N_0068,6,13,0
W_N_0068,6,14,0
W_N_0068,6,15,0
W_N_0068,6,16,0
W_N_0068,6,17,0
W_N_0068,6,18,0
W_N_0068,6,19,1
W_N_0068,6,20,0
W_N_0068,6,21,0
W_N_0068,6,22,1
W_N_0068,7,2,1
W_N_0068,7,3,0
W_N_0068,7,4,0
W_N_0068,7,5,0
W_N_0068,7,6,0
W_N_0068,7,7,0
W_N_0068,7,8,0
W_N_0068,7,9,0
W_N_0068,7,10,0
W_N_0068,7,11,0
W_N_0068,7,12,0
W_N_0068,7,13,0
W_N_0068,7,14,0
W_N_0068,7,15,0
W_N_0068,7,16,0
W_N_0068,7,17,0
W_N_0068,7,18,0
W_N_0068,7,19,0
W_N_0068,7,20,0
W_N_0068,7,21,0
W_N_0068,7,22,0
W_N_0068,7,23,1
W_N_0068,8,1,0
W_N_0068,8,2,0
W_N_0068,8,3,0
W_N_0068,8,4,1
W_N_0068,8,5,1
W_N_0068,8,6,1
W_N_0068,8,7,0
W_N_0068,8,8,0
W_N_0068,8,9,0
W_N_0068,8,10,0
W_N_0068,8,11,0
W_N_0068,8,12,0
W_N_0068,8,13,0
W_N_0068,8,14,0
W_N_0068,8,15,0
W_N_0068,8,16,0
W_N_0068,8,17,0
W_N_0068,8,18,1
W_N_0068,8,19,0
W_N_0068,8,20,0
W_N_0068,8,21,0
W_N_0068,8,22,0
W_N_0068,8,23,0
W_N_0068,9,1,0
W_N_0068,9,2,0
W_N_0068,9,3,0
W_N_0068,9,4,0
W_N_0068,9,5,1
W_N_0068,9,6,0
W_N_0068,9,7,0
W_N_0068,9,8,0
W_N_0068,9,9,0
W_N_0068,9,10,0
W_N_0068,9,11,0
W_N_0068,9,12,0
W_N_0068,9,13,1
W_N_0068,9,14,0
W_N_0068,9,15,0
W_N_0068,9,16,0
W_N_0068,9,17,0
W_N_0068,9,18,0
W_N_0068,9,19,0
W_N_0068,9,20,1
W_N_0068,9,21,0
W_N_0068,9,22,0
W_N_0068,9,23,1
W_N_0068,10,1,0
W_N_0068,10,2,0
W_N_0068,10,3,0
W_N_0068,10,4,0
W_N_0068,10,5,0
W_N_0068,10,6,0
W_N_0068,10,7,0
W_N_0068,10,8,0
W_N_0068,10,9,0
W_N_0068,10,10,0
W_N_0068,10,11,0
W_N_0068,10,12,0
W_N_0068,10,13,0
W_N_0068,10,14,0
W_N_0068,10,15,0
W_N_0068,10,16,0
W_N_0068,10,17,0
W_N_0068,10,18,0
W_N_0068,10,19,0
W_N_0068,10,20,0
W_N_0068,10,21,0
W_N_0068,10,22,0
W_N_0068,10,23,0
W_N_0068,10,24,0
W_N_0068,11,0,1
W_N_0068,11,1,0
W_N_0068,11,2,0
W_N_0068,11,3,0
W_N_0068,11,4,0
W_N_0068,11,5,0
W_N_0068,11,6,0
W_N_0068,11,7,0
W_N_0068,11,8,0
W_N_0068,11,9,0
W_N_0068,11,10,0
W_N_0068,11,11,1
W_N_0068,11,12,0
W_N_0068,11,13,0
W_N_0068,11,14,0
W_N_0068,11,15,0
W_N_0068,11,16,0
W_N_0068,11,17,0
W_N_0068,11,18,0
W_N_0068,11,19,0
W_N_0068,11,20,1
W_N_0068,11,21,0
W_N_0068,11,22,0
W_N_0068,11,23,0
W_N_0068,11,24,0
W_N_0068,12,0,1
W_N_0068,12,1,0
W_N_0068,12,2,0
W_N_0068,12,3,0
W_N_0068,12,4,0
W_N_0068,12,5,0
W_N_0068,12,6,0
W_N_0068,12,7,0
W_N_0068,12,8,0
W_N_0068,12,9,0
W_N_0068,12,10,1
W_N_0068,12,11,0
W_N_0068,12,12,1
W_N_0068,12,13,0
W_N_0068,12,14,0
W_N_0068,12,15,0
W_N_0068,12,16,0
W_N_0068,12,17,0
W_N_0068,12,18,0
W_N_0068,12,19,0
W_N_0068,12,20,0
W_N_0068,12,21,0
W_N_0068,12,22,1
W_N_0068,12,23,1
W_N_0068,12,24,1
W_N_0068,13,0,0
W_N_0068,13,1,0
W_N_0068,13,2,0
W_N_0068,13,3,1
W_N_0068,13,4,0
W_N_0068,13,5,0
W_N_0068,13,6,0
W_N_0068,13,7,0
W_N_0068,13,8,0
W_N_0068,13,9,0
W_N_0068,13,10,0
W_N_0068,13,11,0
W_N_0068,13,12,0
W_N_0068,13,13,0
W_N_0068,13,14,1
W_N_0068,13,15,0
W_N_0068,13,16,0
W_N_0068,13,17,0
W_N_0068,13,18,0
W_N_0068,13,19,1
W_N_0068,13,20,0
W_N_0068,13,21,0
W_N_0068,13,22,0
W_N_0068,13,23,0
W_N_0068,13,24,0
W_N_0068,14,0,0
W_N_0068,14,1,0
W_N_0068,14,2,0
W_N_0068,14,3,1
W_N_0068,14,4,0
W_N_0068,14,5,0
W_N_0068,14,6,0
W_N_0068,14,7,0
W_N_0068,14,8,0
W_N_0068,14,9,0
W_N_0068,14,10,0
W_N_0068,14,11,0
W_N_0068,14,12,0
W_N_0068,14,13,1
W_N_0068,14,14,0
W_N_0068,14,15,0
W_N_0068,14,16,0
W_N_0068,14,17,0
W_N_0068,14,18,0
W_N_0068,14,19,0
W_N_0068,14,20,0
W_N_0068,14,21,0
W_N_0068,14,22,0
W_N_0068,14,23,1
W_N_0068,14,24,0
W_N_0068,15,0,1
W_N_0068,15,1,0
W_N_0068,15,2,0
W_N_0068,15,3,0
W_N_0068,15,4,0
W_N_0068,15,5,0
W_N_0068,15,6,0
W_N_0068,15,7,0
W_N_0068,15,8,0
W_N_0068,15,9,0
W_N_0068,15,10,0
W_N_0068,15,11,0
W_N_0068,15,12,0
W_N_0068,15,13,0
W_N_0068,15,14,0
W_N_0068,15,15,0
W_N_0068,15,16,0
W_N_0068,15,17,0
W_N_0068,15,18,0
W_N_0068,15,19,0
W_N_0068,15,20,1
W_N_0068,15,21,0
W_N_0068,15,22,0
W_N_0068,15,23,0
W_N_0068,15,24,1
W_N_0068,16,1,0
W_N_0068,16,2,0
W_N_0068,16,3,0
W_N_0068,16,4,0
W_N_0068,16,5,0
W_N_0068,16,6,0
W_N_0068,16,7,0
W_N_0068,16,8,0
W_N_0068,16,9,0
W_N_0068,16,10,0
W_N_0068,16,11,0
W_N_0068,16,12,1
W_N_0068,16,13,0
W_N_0068,16,14,0
W_N_0068,16,15,0
W_N_0068,16,16,0
W_N_0068,16,17,0
W_N_0068,16,18,0
W_N_0068,16,19,0
W_N_0068,16,20,0
W_N_0068,16,21,0
W_N_0068,16,22,1
W_N_0068,16,23,0
W_N_0068,16,24,1
W_N_0068,17,1,0
W_N_0068,17,2,0
W_N_0068,17,3,0
W_N_0068,17,4,0
W_N_0068,17,5,0
W_N_0068,17,6,0
W_N_0068,17,7,0
W_N_0068,17,8,0
W_N_0068,17,9,0
W_N_0068,17,10,0
W_N_0068,17,11,0
W_N_0068,17,12,0
W_N_0068,17,13,0
W_N_0068,17,14,0
W_N_0068,17,15,0
W_N_0068,17,16,0
W_N_0068,17,17,0
W_N_0068,17,18,0
W_N_0068,17,19,0
W_N_0068,17,20,0
W_N_0068,17,21,0
W_N_0068,17,22,0
W_N_0068,17,23,0
W_N_0068,17,24,1
W_N_0068,18,1,1
W_N_0068,18,2,1
W_N_0068,18,3,0
W_N_0068,18,4,0
W_N_0068,18,5,0
W_N_0068,18,6,0
W_N_0068,18,7,0
W_N_0068,18,8,1
W_N_0068,18,9,0
W_N_0068,18,10,0
W_N_0068,18,11,0
W_N_0068,18,12,0
W_N_0068,18,13,0
W_N_0068,18,14,0
W_N_0068,18,15,0
W_N_0068,18,16,0
W_N_0068,18,17,0
W_N_0068,18,18,0
W_N_0068,18,19,0
W_N_0068,18,20,0
W_N_0068,18,21,0
W_N_0068,18,22,0
W_N_0068,18,23,0
W_N_0068,19,2,0
W_N_0068,19,3,0
W_N_0068,19,4,0
W_N_0068,19,5,0
W_N_0068,19,6,0
W_N_0068,19,7,0
W_N_0068,19,8,0
W_N_0068,19,9,0
W_N_0068,19,10,0
W_N_0068,19,11,1
W_N_0068,19,12,0
W_N_0068,19,13,0
W_N_0068,19,14,0
W_N_0068,19,15,0
W_N_0068,19,16,0
W_N_0068,19,17,0
W_N_0068,19,18,0
W_N_0068,19,19,0
W_N_0068,19,20,0
W_N_0068,19,21,0
W_N_0068,19,22,0
W_N_0068,19,23,0
W_N_0068,20,2,1
W_N_0068,20,3,0
W_N_0068,20,4,0
W_N_0068,20,5,0
W_N_0068,20,6,0
W_N_0068,20,7,0
W_N_0068,20,8,0
W_N_0068,20,9,0
W_N_0068,20,10,0
W_N_0068,20,11,0
W_N_0068,20,12,0
W_N_0068,20,13,0
W_N_0068,20,14,0
W_N_0068,20,15,0
W_N_0068,20,16,0
W_N_0068,20,17,0
W_N_0068,20,18,0
W_N_0068,20,19,0
W_N_0068,20,20,0
W_N_0068,20,21,0
W_N_0068,20,22,0
W_N_0068,21,3,0
W_N_0068,21,4,0
W_N_0068,21,5,0
W_N_0068,21,6,0
W_N_0068,21,7,0
W_N_0068,21,8,0
W_N_0068,21,9,0
W_N_0068,21,10,0
W_N_0068,21,11,0
W_N_0068,21,12,0
W_N_0068,21,13,0
W_N_0068,21,14,0
W_N_0068,21,15,0
W_N_0068,21,16,1
W_N_0068,21,17,0
W_N_0068,21,18,0
W_N_0068,21,19,0
W_N_0068,21,20,1
W_N_0068,21,21,0
W_N_0068,21,22,0
W_N_0068,22,4,0
W_N_0068,22,5,0
W_N_0068,22,6,1
W_N_0068,22,7,0
W_N_0068,22,8,0
W_N_0068,22,9,0
W_N_0068,22,10,0
W_N_0068,22,11,0
W_N_0068,22,12,0
W_N_0068,22,13,0
W_N_0068,22,14,0
W_N_0068,22,15,0
W_N_0068,22,16,0
W_N_0068,22,17,0
W_N_0068,22,18,0
W_N_0068,22,19,0
W_N_0068,22,20,0
W_N_0068,22,21,0
W_N_0068,23,5,1
W_N_0068,23,6,1
W_N_0068,23,7,0
W_N_0068,23,8,0
W_N_0068,23,9,0
W_N_0068,23,10,0
W_N_0068,23,11,0
W_N_0068,23,12,0
W_N_0068,23,13,0
W_N_0068,23,14,0
W_N_0068,23,15,0
W_N_0068,23,16,0
W_N_0068,23,17,1
W_N_0068,23,18,0
W_N_0068,23,19,0
W_N_0068,23,20,1
W_N_0068,24,6,1
W_N_0068,24,7,0
W_N_0068,24,8,0
W_N_0068,24,9,1
W_N_0068,24,10,0
W_N_0068,24,11,0
W_N_0068,24,12,0
W_N_0068,24,13,1
W_N_0068,24,14,0
W_N_0068,24,15,0
W_N_0068,24,16,0
W_N_0068,24,17,0
W_N_0068,24,18,0
W_N_0068,24,19,1
W_N_0068,25,7,1
W_N_0068,25,8,0
W_N_0068,25,9,0
W_N_0068,25,10,0
W_N_0068,25,11,0
W_N_0068,25,12,0
W_N_0068,25,13,0
W_N_0068,25,14,0
W_N_0068,25,15,0
W_N_0068,25,16,0
W_N_0068,25,17,0
W_N_0068,26,10,1
W_N_0068,26,11,1
W_N_0068,26,12,0
W_N_0068,26,13,0
W_N_0068,26,14,0
W_N_0068,26,15,1
W_N_0125,0,11,1
W_N_0125,0,12,0
W_N_0125,0,13,0
W_N_0125,0,14,1
W_N_0125,1,8,0
W_N_0125,1,9,0
W_N_0125,1,10,0
W_N_0125,1,11,0
W_N_0125,1,12,1
W_N_0125,1,13,0
W_N_0125,1,14,0
W_N_0125,1,15,0
W_N_0125,1,16,0
W_N_0125,1,17,1
W_N_0125,2,6,1
W_N_0125,2,7,1
W_N_0125,2,8,1
W_N_0125,2,9,0
W_N_0125,2,10,0
W_N_0125,2,11,0
W_N_0125,2,12,0
W_N_0125,2,13,0
W_N_0125,2,14,0
W_N_0125,2,15,0
W_N_0125,2,16,0
W_N_0125,2,17,0
W_N_0125,2,18,0
W_N_0125,3,5,0
W_N_0125,3,6,1
W_N_0125,3,7,0
W_N_0125,3,8,0
W_N_0125,3,9,0
W_N_0125,3,10,0
W_N_0125,3,11,0
W_N_0125,3,12,0
W_N_0125,3,13,0
W_N_0125,3,14,0
W_N_0125,3,15,0
W_N_0125,3,16,0
W_N_0125,3,17,0
W_N_0125,3,18,0
W_N_0125,3,19,1
W_N_0125,3,20,1
W_N_0125,4,4,0
W_N_0125,4,5,0
W_N_0125,4,6,0
W_N_0125,4,7,1
W_N_0125,4,8,0
W_N_0125,4,9,0
W_N_0125,4,10,0
W_N_0125,4,11,0
W_N_0125,4,12,0
W_N_0125,4,13,0
W_N_0125,4,14,0
W_N_0125,4,15,0
W_N_0125,4,16,0
W_N_0125,4,17,0
W_N_0125,4,18,0
W_N_0125,4,19,0
W_N_0125,4,20,0
W_N_0125,4,21,0
W_N_0125,5,3,0
W_N_0125,5,4,0
W_N_0125,5,5,0
W_N_0125,5,6,0
W_N_0125,5,7,0
W_N_0125,5,8,0
W_N_0125,5,9,0
W_N_0125,5,10,0
W_N_0125,5,11,0
W_N_0125,5,12,0
W_N_0125,5,13,0
W_N_0125,5,14,0
W_N_0125,5,15,0
W_N_0125,5,16,0
W_N_0125,5,17,0
W_N_0125,5,18,0
W_N_0125,5,19,0
W_N_0125,5,20,0
W_N_0125,5,21,1
W_N_0125,6,3,0
W_N_0125,6,4,0
W_N_0125,6,5,0
W_N_0125,6,6,1
W_N_0125,6,7,0
W_N_0125,6,8,0
W_N_0125,6,9,0
W_N_0125,6,10,0
W_N_0125,6,11,0
W_N_0125,6,12,0
W_N_0125,6,13,0
W_N_0125,6,14,0
W_N_0125,6,15,0
W_N_0125,6,16,0
W_N_0125,6,17,0
W_N_0125,6,18,0
W_N_0125,6,19,0
W_N_0125,6,20,0
W_N_0125,6,21,1
W_N_0125,6,22,0
W_N_0125,7,2,0
W_N_0125,7,3,0
W_N_0125,7,4,0
W_N_0125,7,5,0
W_N_0125,7,6,0
W_N_0125,7,7,0
W_N_0125,7,8,1
W_N_0125,7,9,0
W_N_0125,7,10,0
W_N_0125,7,11,0
W_N_0125,7,12,0
W_N_0125,7,13,0
W_N_0125,7,14,0
W_N_0125,7,15,0
W_N_0125,7,16,0
W_N_0125,7,17,0
W_N_0125,7,18,0
W_N_0125,7,19,0
W_N_0125,7,20,0
W_N_0125,7,21,0
W_N_0125,7,22,0
W_N_0125,7,23,0
W_N_0125,8,2,0
W_N_0125,8,3,0
W_N_0125,8,4,0
W_N_0125,8,5,0
W_N_0125,8,6,0
W_N_0125,8,7,0
W_N_0125,8,8,0
W_N_0125,8,9,0
W_N_0125,8,10,0
W_N_0125,8,11,0
W_N_0125,8,12,0
W_N_0125,8,13,0
W_N_0125,8,14,0
W_N_0125,8,15,0
W_N_0125,8,16,0
W_N_0125,8,17,0
W_N_0125,8,18,0
W_N_0125,8,19,1
W_N_0125,8,20,0
W_N_0125,8,21,0
W_N_0125,8,22,0
W_N_0125,8,23,0
W_N_0125,9,1,0
W_N_0125,9,2,0
W_N_0125,9,3,1
W_N_0125,9,4,0
W_N_0125,9,5,0
W_N_0125,9,6,0
W_N_0125,9,7,0
W_N_0125,9,8,1
W_N_0125,9,9,0
W_N_0125,9,10,0
W_N_0125,9,11,0
W_N_0125,9,12,0
W_N_0125,9,13,1
W_N_0125,9,14,0
W_N_0125,9,15,0
W_N_0125,9,16,0
W_N_0125,9,17,1
W_N_0125,9,18,0
W_N_0125,9,19,0
W_N_0125,9,20,0
W_N_0125,9,21,0
W_N_0125,9,22,0
W_N_0125,9,23,0
W_N_0125,9,24,1
W_N_0125,10,1,0
W_N_0125,10,2,0
W_N_0125,10,3,0
W_N_0125,10,4,1
W_N_0125,10,5,0
W_N_0125,10,6,0
W_N_0125,10,7,0
W_N_0125,10,8,0
W_N_0125,10,9,0
W_N_0125,10,10,0
W_N_0125,10,11,0
W_N_0125,10,12,0
W_N_0125,10,13,0
W_N_0125,10,14,0
W_N_0125,10,15,0
W_N_0125,10,16,0
W_N_0125,10,17,0
W_N_0125,10,18,0
W_N_0125,10,19,1
W_N_0125,10,20,0
W_N_0125,10,21,0
W_N_0125,10,22,0
W_N_0125,10,23,0
W_N_0125,10,24,0
W_N_0125,11,1,0
W_N_0125,11,2,0
W_N_0125,11,3,0
W_N_0125,11,4,0
W_N_0125,11,5,0
W_N_0125,11,6,0
W_N_0125,11,7,0
W_N_0125,11,8,0
W_N_0125,11,9,0
W_N_0125,11,10,0
W_N_0125,11,11,0
W_N_0125,11,12,0
W_N_0125,11,13,0
W_N_0125,11,14,0
W_N_0125,11,15,0
W_N_0125,11,16,0
W_N_0125,11,17,0
W_N_0125,11,18,0
W_N_0125,11,19,0
W_N_0125,11,20,0
W_N_0125,11,21,0
W_N_0125,11,22,0
W_N_0125,11,23,0
W_N_0125,11,24,0
W_N_0125,12,0,1
W_N_0125,12,1,0
W_N_0125,12,2,0
W_N_0125,12,3,0
W_N_0125,12,4,0
W_N_0125,12,5,0
W_N_0125,12,6,0
W_N_0125,12,7,0
W_N_0125,12,8,0
W_N_0125,12,9,0
W_N_0125,12,10,0
W_N_0125,12,11,0
W_N_0125,12,12,0
W_N_0125,12,13,1
W_N_0125,12,14,0
W_N_0125,12,15,0
W_N_0125,12,16,0
W_N_0125,12,17,0
W_N_0125,12,18,0
W_N_0125,12,19,1
W_N_0125,12,20,0
W_N_0125,12,21,0
W_N_0125,12,22,0
W_N_0125,12,23,0
W_N_0125,12,24,0
W_N_0125,13,0,0
W_N_0125,13,1,0
W_N_0125,13,2,0
W_N_0125,13,3,0
W_N_0125,13,4,0
W_N_0125,13,5,0
W_N_0125,13,6,1
W_N_0125,13,7,0
W_N_0125,13,8,0
W_N_0125,13,9,0
W_N_0125,13,10,0
W_N_0125,13,11,0
W_N_0125,13,12,0
W_N_0125,13,13,0
W_N_0125,13,14,0
W_N_0125,13,15,0
W_N_0125,13,16,0
W_N_0125,13,17,0
W_N_0125,13,18,0
W_N_0125,13,19,0
W_N_0125,13,20,0
W_N_0125,13,21,0
W_N_0125,13,22,0
W_N_0125,13,23,0
W_N_0125,13,24,0
W_N_0125,14,0,0
W_N_0125,14,1,0
W_N_0125,14,2,0
W_N_0125,14,3,0
W_N_0125,14,4,0
W_N_0125,14,5,0
W_N_0125,14,6,0
W_N_0125,14,7,0
W_N_0125,14,8,0
W_N_0125,14,9,0
W_N_0125,14,10,0
W_N_0125,14,11,0
W_N_0125,14,12,1
W_N_0125,14,13,0
W_N_0125,14,14,0
W_N_0125,14,15,0
W_N_0125,14,16,0
W_N_0125,14,17,0
W_N_0125,14,18,0
W_N_0125,14,19,0
W_N_0125,14,20,1
W_N_0125,14,21,1
W_N_0125,14,22,0
W_N_0125,14,23,0
W_N_0125,14,24,0
W_N_0125,14,25,1
W_N_0125,15,0,0
W_N_0125,15,1,0
W_N_0125,15,2,0
W_N_0125,15,3,0
W_N_0125,15,4,0
W_N_0125,15,5,0
W_N_0125,15,6,0
W_N_0125,15,7,0
W_N_0125,15,8,0
W_N_0125,15,9,0
W_N_0125,15,10,0
W_N_0125,15,11,0
W_N_0125,15,12,0
W_N_0125,15,13,0
W_N_0125,15,14,0
W_N_0125,15,15,0
W_N_0125,15,16,0
W_N_0125,15,17,0
W_N_0125,15,18,0
W_N_0125,15,19,0
W_N_0125,15,20,0
W_N_0125,15,21,0
W_N_0125,15,22,0
W_N_0125,15,23,0
W_N_0125,15,24,0
W_N_0125,16,0,0
W_N_0125,16,1,0
W_N_0125,16,2,0
W_N_0125,16,3,0
W_N_0125,16,4,0
W_N_0125,16,5,0
W_N_0125,16,6,0
W_N_0125,16,7,0
W_N_0125,16,8,0
W_N_0125,16,9,0
W_N_0125,16,10,0
W_N_0125,16,11,0
W_N_0125,16,12,0
W_N_0125,16,13,0
W_N_0125,16,14,0
W_N_0125,16,15,0
W_N_0125,16,16,0
W_N_0125,16,17,0
W_N_0125,16,18,0
W_N_0125,16,19,0
W_N_0125,16,20,0
W_N_0125,16,21,1
W_N_0125,16,22,0
W_N_0125,16,23,0
W_N_0125,16,24,1
W_N_0125,17,1,0
W_N_0125,17,2,0
W_N_0125,17,3,0
W_N_0125,17,4,1
W_N_0125,17,5,0
W_N_0125,17,6,0
W_N_0125,17,7,0
W_N_0125,17,8,0
W_N_0125,17,9,0
W_N_0125,17,10,0
W_N_0125,17,11,0
W_N_0125,17,12,0
W_N_0125,17,13,0
W_N_0125,17,14,0
W_N_0125,17,15,0
W_N_0125,17,16,0
W_N_0125,17,17,0
W_N_0125,17,18,0
W_N_0125,17,19,0
W_N_0125,17,20,0
W_N_0125,17,21,0
W_N_0125,17,22,0
W_N_0125,17,23,0
W_N_0125,17,24,1
W_N_0125,18,1,0
W_N_0125,18,2,0
W_N_0125,18,3,0
W_N_0125,18,4,0
W_N_0125,18,5,0
W_N_0125,18,6,0
W_N_0125,18,7,0
W_N_0125,18,8,0
W_N_0125,18,9,0
W_N_0125,18,10,0
W_N_0125,18,11,0
W_N_0125,18,12,0
W_N_0125,18,13,0
W_N_0125,18,14,1
W_N_0125,18,15,0
W_N_0125,18,16,0
W_N_0125,18,17,0
W_N_0125,18,18,1
W_N_0125,18,19,0
W_N_0125,18,20,0
W_N_0125,18,21,0
W_N_0125,18,22,0
W_N_0125,18,23,0
W_N_0125,18,24,1
W_N_0125,19,1,0
W_N_0125,19,2,0
W_N_0125,19,3,0
W_N_0125,19,4,0
W_N_0125,19,5,1
W_N_0125,19,6,0
W_N_0125,19,7,0
W_N_0125,19,8,1
W_N_0125,19,9,0
W_N_0125,19,10,0
W_N_0125,19,11,0
W_N_0125,19,12,0
W_N_0125,19,13,0
W_N_0125,19,14,0
W_N_0125,19,15,1
W_N_0125,19,16,0
W_N_0125,19,17,0
W_N_0125,19,18,0
W_N_0125,19,19,0
W_N_0125,19,20,0
W_N_0125,19,21,0
W_N_0125,19,22,0
W_N_0125,19,23,1
W_N_0125,19,24,1
W_N_0125,20,2,0
W_N_0125,20,3,0
W_N_0125,20,4,0
W_N_0125,20,5,0
W_N_0125,20,6,0
W_N_0125,20,7,0
W_N_0125,20,8,0
W_N_0125,20,9,0
W_N_0125,20,10,0
W_N_0125,20,11,0
W_N_0125,20,12,0
W_N_0125,20,13,0
W_N_0125,20,14,0
W_N_0125,20,15,0
W_N_0125,20,16,0
W_N_0125,20,17,0
W_N_0125,20,18,0
W_N_0125,20,19,0
W_N_0125,20,20,0
W_N_0125,20,21,0
W_N_0125,20,22,0
W_N_0125,20,23,1
W_N_0125,21,2,0
W_N_0125,21,3,0
W_N_0125,21,4,0
W_N_0125,21,5,0
W_N_0125,21,6,0
W_N_0125,21,7,0
W_N_0125,21,8,0
W_N_0125,21,9,0
W_N_0125,21,10,0
W_N_0125,21,11,0
W_N_0125,21,12,0
W_N_0125,21,13,0
W_N_0125,21,14,0
W_N_0125,21,15,0
W_N_0125,21,16,0
W_N_0125,21,17,0
W_N_0125,21,18,0
W_N_0125,21,19,0
W_N_0125,21,20,0
W_N_0125,21,21,0
W_N_0125,21,22,0
W_N_0125,21,23,1
W_N_0125,22,3,0
W_N_0125,22,4,0
W_N_0125,22,5,1
W_N_0125,22,6,0
W_N_0125,22,7,0
W_N_0125,22,8,0
W_N_0125,22,9,0
W_N_0125,22,10,0
W_N_0125,22,11,1
W_N_0125,22,12,0
W_N_0125,22,13,0
W_N_0125,22,14,0
W_N_0125,22,15,0
W_N_0125,22,16,0
W_N_0125,22,17,0
W_N_0125,22,18,0
W_N_0125,22,19,0
W_N_0125,22,20,0
W_N_0125,22,21,0
W_N_0125,22,22,0
W_N_0125,23,3,0
W_N_0125,23,4,0
W_N_0125,23,5,0
W_N_0125,23,6,0
W_N_0125,23,7,0
W_N_0125,23,8,0
W_N_0125,23,9,0
W_N_0125,23,10,0
W_N_0125,23,11,0
W_N_0125,23,12,0
W_N_0125,23,13,0
W_N_0125,23,14,0
W_N_0125,23,15,0
W_N_0125,23,16,0
W_N_0125,23,17,0
W_N_0125,23,18,0
W_N_0125,23,19,0
W_N_0125,23,20,0
W_N_0125,23,21,0
W_N_0125,23,22,1
W_N_0125,24,4,0
W_N_0125,24,5,0
W_N_0125,24,6,0
W_N_0125,24,7,0
W_N_0125,24,8,0
W_N_0125,24,9,0
W_N_0125,24,10,0
W_N_0125,24,11,0
W_N_0125,24,12,0
W_N_0125,24,13,0
W_N_0125,24,14,0
W_N_0125,24,15,0
W_N_0125,24,16,0
W_N_0125,24,17,0
W_N_0125,24,18,0
W_N_0125,24,19,0
W_N_0125,24,20,0
W_N_0125,24,21,1
W_N_0125,25,5,0
W_N_0125,25,6,0
W_N_0125,25,7,1
W_N_0125,25,8,0
W_N_0125,25,9,0
W_N_0125,25,10,1
W_N_0125,25,11,1
W_N_0125,25,12,0
W_N_0125,25,13,0
W_N_0125,25,14,0
W_N_0125,25,15,0
W_N_0125,25,16,0
W_N_0125,25,17,0
W_N_0125,25,18,1
W_N_0125,25,19,0
W_N_0125,25,20,1
W_N_0125,26,6,0
W_N_0125,26,7,0
W_N_0125,26,8,0
W_N_0125,26,9,0
W_N_0125,26,10,0
W_N_0125,26,11,0
W_N_0125,26,12,0
W_N_0125,26,13,0
W_N_0125,26,14,0
W_N_0125,26,15,0
W_N_0125,26,16,0
W_N_0125,26,17,0
W_N_0125,26,18,0
W_N_0125,26,19,1
W_N_0125,27,8,0
W_N_0125,27,9,0
W_N_0125,27,10,0
W_N_0125,27,11,0
W_N_0125,27,12,0
W_N_0125,27,13,0
W_N_0125,27,14,0
W_N_0125,27,15,0
W_N_0125,27,16,0
W_N_0125,27,17,0
W_N_0125,28,10,1
W_N_0125,28,11,0
W_N_0125,28,12,0
W_N_0125,28,13,0
W_N_0125,28,14,1
W_N_0125,28,15,1
W_N_0076,0,10,1
W_N_0076,0,11,0
W_N_0076,0,12,1
W_N_0076,0,13,0
W_N_0076,0,14,1
W_N_0076,0,15,0
W_N_0076,1,7,0
W_N_0076,1,8,0
W_N_0076,1,9,0
W_N_0076,1,10,0
W_N_0076,1,11,1
W_N_0076,1,12,1
W_N_0076,1,13,0
W_N_0076,1,14,0
W_N_0076,1,15,0
W_N_0076,1,16,0
W_N_0076,1,17,0
W_N_0076,1,18,0
W_N_0076,2,6,0
W_N_0076,2,7,0
W_N_0076,2,8,0
W_N_0076,2,9,0
W_N_0076,2,10,0
W_N_0076,2,11,0
W_N_0076,2,12,0
W_N_0076,2,13,0
W_N_0076,2,14,0
W_N_0076,2,15,0
W_N_0076,2,16,0
W_N_0076,2,17,0
W_N_0076,2,18,0
W_N_0076,2,19,0
W_N_0076,3,4,0
W_N_0076,3,5,0
W_N_0076,3,6,0
W_N_0076,3,7,0
W_N_0076,3,8,0
W_N_0076,3,9,0
W_N_0076,3,10,0
W_N_0076,3,11,1
W_N_0076,3,12,0
W_N_0076,3,13,0
W_N_0076,3,14,1
W_N_0076,3,15,0
W_N_0076,3,16,1
W_N_0076,3,17,0
W_N_0076,3,18,0
W_N_0076,3,19,0
W_N_0076,3,20,0
W_N_0076,3,21,1
W_N_0076,4,3,0
W_N_0076,4,4,0
W_N_0076,4,5,0
W_N_0076,4,6,0
W_N_0076,4,7,0
W_N_0076,4,8,0
W_N_0076,4,9,0
W_N_0076,4,10,0
W_N_0076,4,11,1
W_N_0076,4,12,0
W_N_0076,4,13,1
W_N_0076,4,14,0
W_N_0076,4,15,1
W_N_0076,4,16,0
W_N_0076,4,17,0
W_N_0076,4,18,0
W_N_0076,4,19,0
W_N_0076,4,20,0
W_N_0076,4,21,1
W_N_0076,4,22,1
W_N_0076,5,2,0
W_N_0076,5,3,0
W_N_0076,5,4,0
W_N_0076,5,5,0
W_N_0076,5,6,0
W_N_0076,5,7,0
W_N_0076,5,8,1
W_N_0076,5,9,1
W_N_0076,5,10,0
W_N_0076,5,11,0
W_N_0076,5,12,0
W_N_0076,5,13,0
W_N_0076,5,14,0
W_N_0076,5,15,1
W_N_0076,5,16,0
W_N_0076,5,17,0
W_N_0076,5,18,1
W_N_0076,5,19,0
W_N_0076,5,20,0
W_N_0076,5,21,0
W_N_0076,5,22,0
W_N_0076,5,23,0
W_N_0076,6,2,0
W_N_0076,6,3,0
W_N_0076,6,4,0
W_N_0076,6,5,0
W_N_0076,6,6,0
W_N_0076,6,7,0
W_N_0076,6,8,0
W_N_0076,6,9,0
W_N_0076,6,10,0
W_N_0076,6,11,0
W_N_0076,6,12,0
W_N_0076,6,13,0
W_N_0076,6,14,0
W_N_0076,6,15,1
W_N_0076,6,16,0
W_N_0076,6,17,1
W_N_0076,6,18,0
W_N_0076,6,19,0
W_N_0076,6,20,0
W_N_0076,6,21,0
W_N_0076,6,22,0
W_N_0076,6,23,0
W_N_0076,7,1,1
W_N_0076,7,2,0
W_N_0076,7,3,1
W_N_0076,7,4,0
W_N_0076,7,5,0
W_N_0076,7,6,1
W_N_0076,7,7,0
W_N_0076,7,8,0
W_N_0076,7,9,0
W_N_0076,7,10,0
W_N_0076,7,11,0
W_N_0076,7,12,0
W_N_0076,7,13,0
W_N_0076,7,14,0
W_N_0076,7,15,0
W_N_0076,7,16,0
W_N_0076,7,17,0
W_N_0076,7,18,0
W_N_0076,7,19,0
W_N_0076,7,20,0
W_N_0076,7,21,0
W_N_0076,7,22,0
W_N_0076,7,23,0
W_N_0076,7,24,0
W_N_0076,8,1,0
W_N_0076,8,2,0
W_N_0076,8,3,0
W_N_0076,8,4,0
W_N_0076,8,5,0
W_N_0076,8,6,0
W_N_0076,8,7,0
W_N_0076,8,8,0
W_N_0076,8,9,1
W_N_0076,8,10,0
W_N_0076,8,11,0
W_N_0076,8,12,0
W_N_0076,8,13,0
W_N_0076,8,14,1
W_N_0076,8,15,0
W_N_0076,8,16,0
W_N_0076,8,17,0
W_N_0076,8,18,0
W_N_0076,8,19,0
W_N_0076,8,20,0
W_N_0076,8,21,1
W_N_0076,8,22,0
W_N_0076,8,23,1
W_N_0076,8,24,0
W_N_0076,9,0,1
W_N_0076,9,1,0
W_N_0076,9,2,0
W_N_0076,9,3,0
W_N_0076,9,4,0
W_N_0076,9,5,0
W_N_0076,9,6,0
W_N_0076,9,7,0
W_N_0076,9,8,0
W_N_0076,9,9,0
W_N_0076,9,10,0
W_N_0076,9,11,0
W_N_0076,9,12,0
W_N_0076,9,13,0
W_N_0076,9,14,1
W_N_0076,9,15,0
W_N_0076,9,16,0
W_N_0076,9,17,0
W_N_0076,9,18,0
W_N_0076,9,19,0
W_N_0076,9,20,0
W_N_0076,9,21,0
W_N_0076,9,22,0
W_N_0076,9,23,1
W_N_0076,9,24,0
W_N_0076,9,25,0
W_N_0076,10,0,0
W_N_0076,10,1,1
W_N_0076,10,2,0
W_N_0076,10,3,0
W_N_0076,10,4,0
W_N_0076,10,5,0
W_N_0076,10,6,0
W_N_0076,10,7,1
W_N_0076,10,8,0
W_N_0076,10,9,0
W_N_0076,10,10,0
W_N_0076,10,11,0
W_N_0076,10,12,0
W_N_0076,10,13,0
W_N_0076,10,14,0
W_N_0076,10,15,0
W_N_0076,10,16,0
W_N_0076,10,17,0
W_N_0076,10,18,0
W_N_0076,10,19,0
W_N_0076,10,20,0
W_N_0076,10,21,1
W_N_0076,10,22,0
W_N_0076,10,23,0
W_N_0076,10,24,0
W_N_0076,10,25,0
W_N_0076,11,0,0
W_N_0076,11,1,0
W_N_0076,11,2,0
W_N_0076,11,3,0
W_N_0076,11,4,0
W_N_0076,11,5,0
W_N_0076,11,6,0
W_N_0076,11,7,0
W_N_0076,11,8,1
W_N_0076,11,9,0
W_N_0076,11,10,0
W_N_0076,11,11,0
W_N_0076,11,12,0
W_N_0076,11,13,0
W_N_0076,11,14,1
W_N_0076,11,15,0
W_N_0076,11,16,0
W_N_0076,11,17,0
W_N_0076,11,18,0
W_N_0076,11,19,0
W_N_0076,11,20,0
W_N_0076,11,21,0
W_N_0076,11,22,0
W_N_0076,11,23,0
W_N_0076,11,24,0
W_N_0076,11,25,0
W_N_0076,12,0,1
W_N_0076,12,1,0
W_N_0076,12,2,0
W_N_0076,12,3,0
W_N_0076,12,4,0
W_N_0076,12,5,0
W_N_0076,12,6,0
W_N_0076,12,7,0
W_N_0076,12,8,0
W_N_0076,12,9,1
W_N_0076,12,10,0
W_N_0076,12,11,0
W_N_0076,12,12,0
W_N_0076,12,13,0
W_N_0076,12,14,0
W_N_0076,12,15,0
W_N_0076,12,16,0
W_N_0076,12,17,0
W_N_0076,12,18,0
W_N_0076,12,19,0
W_N_0076,12,20,0
W_N_0076,12,21,0
W_N_0076,12,22,0
W_N_0076,12,23,0
W_N_0076,12,24,0
W_N_0076,12,25,0
W_N_0076,13,0,0
W_N_0076,13,1,0
W_N_0076,13,2,0
W_N_0076,13,3,0
W_N_0076,13,4,0
W_N_0076,13,5,0
W_N_0076,13,6,0
W_N_0076,13,7,0
W_N_0076,13,8,0
W_N_0076,13,9,0
W_N_0076,13,10,1
W_N_0076,13,11,0
W_N_0076,13,12,0
W_N_0076,13,13,0
W_N_0076,13,14,0
W_N_0076,13,15,0
W_N_0076,13,16,0
W_N_0076,13,17,0
W_N_0076,13,18,1
W_N_0076,13,19,0
W_N_0076,13,20,0
W_N_0076,13,21,0
W_N_0076,13,22,0
W_N_0076,13,23,0
W_N_0076,13,24,0
W_N_0076,13,25,0
W_N_0076,14,0,0
W_N_0076,14,1,0
W_N_0076,14,2,0
W_N_0076,14,3,0
W_N_0076,14,4,0
W_N_0076,14,5,0
W_N_0076,14,6,0
W_N_0076,14,7,0
W_N_0076,14,8,0
W_N_0076,14,9,0
W_N_0076,14,10,0
W_N_0076,14,11,0
W_N_0076,14,12,0
W_N_0076,14,13,0
W_N_0076,14,14,0
W_N_0076,14,15,0
W_N_0076,14,16,0
W_N_0076,14,17,0
W_N_0076,14,18,1
W_N_0076,14,19,0
W_N_0076,14,20,0
W_N_0076,14,21,0
W_N_0076,14,22,0
W_N_0076,14,23,0
W_N_0076,14,24,0
W_N_0076,14,25,1
W_N_0076,15,0,1
W_N_0076,15,1,0
W_N_0076,15,2,0
W_N_0076,15,3,0
W_N_0076,15,4,0
W_N_0076,15,5,0
W_N_0076,15,6,0
W_N_0076,15,7,0
W_N_0076,15,8,0
W_N_0076,15,9,0
W_N_0076,15,10,0
W_N_0076,15,11,0
W_N_0076,15,12,0
W_N_0076,15,13,0
W_N_0076,15,14,0
W_N_0076,15,15,0
W_N_0076,15,16,0
W_N_0076,15,17,0
W_N_0076,15,18,0
W_N_0076,15,19,0
W_N_0076,15,20,1
W_N_0076,15,21,0
W_N_0076,15,22,0
W_N_0076,15,23,1
W_N_0076,15,24,0
W_N_0076,15,25,0
W_N_0076,16,0,1
W_N_0076,16,1,0
W_N_0076,16,2,1
W_N_0076,16,3,0
W_N_0076,16,4,0
W_N_0076,16,5,1
W_N_0076,16,6,0
W_N_0076,16,7,0
W_N_0076,16,8,0
W_N_0076,16,9,0
W_N_0076,16,10,0
W_N_0076,16,11,0
W_N_0076,16,12,0
W_N_0076,16,13,0
W_N_0076,16,14,0
W_N_0076,16,15,0
W_N_0076,16,16,0
W_N_0076,16,17,0
W_N_0076,16,18,0
W_N_0076,16,19,0
W_N_0076,16,20,0
W_N_0076,16,21,0
W_N_0076,16,22,0
W_N_0076,16,23,0
W_N_0076,16,24,0
W_N_0076,16,25,0
W_N_0076,17,1,0
W_N_0076,17,2,0
W_N_0076,17,3,0
W_N_0076,17,4,1
W_N_0076,17,5,0
W_N_0076,17,6,0
W_N_0076,17,7,0
W_N_0076,17,8,0
W_N_0076,17,9,0
W_N_0076,17,10,0
W_N_0076,17,11,0
W_N_0076,17,12,0
W_N_0076,17,13,0
W_N_0076,17,14,0
W_N_0076,17,15,0
W_N_0076,17,16,0
W_N_0076,17,17,0
W_N_0076,17,18,1
W_N_0076,17,19,0
W_N_0076,17,20,1
W_N_0076,17,21,0
W_N_0076,17,22,0
W_N_0076,17,23,0
W_N_0076,17,24,1
W_N_0076,18,1,0
W_N_0076,18,2,0
W_N_0076,18,3,1
W_N_0076,18,4,0
W_N_0076,18,5,0
W_N_0076,18,6,0
W_N_0076,18,7,0
W_N_0076,18,8,0
W_N_0076,18,9,0
W_N_0076,18,10,1
W_N_0076,18,11,0
W_N_0076,18,12,0
W_N_0076,18,13,0
W_N_0076,18,14,0
W_N_0076,18,15,0
W_N_0076,18,16,0
W_N_0076,18,17,0
W_N_0076,18,18,0
W_N_0076,18,19,0
W_N_0076,18,20,1
W_N_0076,18,21,0
W_N_0076,18,22,0
W_N_0076,18,23,0
W_N_0076,18,24,0
W_N_0076,19,2,0
W_N_0076,19,3,0
W_N_0076,19,4,0
W_N_0076,19,5,0
W_N_0076,19,6,0
W_N_0076,19,7,0
W_N_0076,19,8,0
W_N_0076,19,9,0
W_N_0076,19,10,0
W_N_0076,19,11,0
W_N_0076,19,12,0
W_N_0076,19,13,0
W_N_0076,19,14,0
W_N_0076,19,15,0
W_N_0076,19,16,0
W_N_0076,19,17,0
W_N_0076,19,18,0
W_N_0076,19,19,1
W_N_0076,19,20,0
W_N_0076,19,21,0
W_N_0076,19,22,0
W_N_0076,19,23,1
W_N_0076,20,2,1
W_N_0076,20,3,0
W_N_0076,20,4,0
W_N_0076,20,5,0
W_N_0076,20,6,0
W_N_0076,20,7,1
W_N_0076,20,8,0
W_N_0076,20,9,0
W_N_0076,20,10,0
W_N_0076,20,11,0
W_N_0076,20,12,0
W_N_0076,20,13,0
W_N_0076,20,14,0
W_N_0076,20,15,0
W_N_0076,20,16,0
W_N_0076,20,17,0
W_N_0076,20,18,0
W_N_0076,20,19,0
W_N_0076,20,20,0
W_N_0076,20,21,0
W_N_0076,20,22,1
W_N_0076,20,23,1
W_N_0076,21,3,1
W_N_0076,21,4,0
W_N_0076,21,5,1
W_N_0076,21,6,0
W_N_0076,21,7,0
W_N_0076,21,8,0
W_N_0076,21,9,0
W_N_0076,21,10,0
W_N_0076,21,11,0
W_N_0076,21,12,0
W_N_0076,21,13,0
W_N_0076,21,14,0
W_N_0076,21,15,0
W_N_0076,21,16,0
W_N_0076,21,17,0
W_N_0076,21,18,0
W_N_0076,21,19,0
W_N_0076,21,20,0
W_N_0076,21,21,0
W_N_0076,21,22,1
W_N_0076,22,4,0
W_N_0076,22,5,0
W_N_0076,22,6,0
W_N_0076,22,7,0
W_N_0076,22,8,0
W_N_0076,22,9,0
W_N_0076,22,10,0
W_N_0076,22,11,0
W_N_0076,22,12,1
W_N_0076,22,13,0
W_N_0076,22,14,0
W_N_0076,22,15,1
W_N_0076,22,16,0
W_N_0076,22,17,0
W_N_0076,22,18,0
W_N_0076,22,19,1
W_N_0076,22,20,0
W_N_0076,22,21,1
W_N_0076,23,5,1
W_N_0076,23,6,1
W_N_0076,23,7,0
W_N_0076,23,8,0
W_N_0076,23,9,0
W_N_0076,23,10,0
W_N_0076,23,11,0
W_N_0076,23,12,0
W_N_0076,23,13,0
W_N_0076,23,14,0
W_N_0076,23,15,1
W_N_0076,23,16,1
W_N_0076,23,17,0
W_N_0076,23,18,1
W_N_0076,23,19,0
W_N_0076,24,7,1
W_N_0076,24,8,0
W_N_0076,24,9,0
W_N_0076,24,10,0
W_N_0076,24,11,0
W_N_0076,24,12,0
W_N_0076,24,13,0
W_N_0076,24,14,0
W_N_0076,24,15,0
W_N_0076,24,16,0
W_N_0076,24,17,0
W_N_0076,24,18,1
W_N_0076,25,10,1
W_N_0076,25,11,1
W_N_0076,25,12,0
W_N_0076,25,13,0
W_N_0076,25,14,0
W_N_0076,25,15,0
W_N_0111,0,12,1
W_N_0111,0,13,1
W_N_0111,0,14,1
W_N_0111,1,8,1
W_N_0111,1,9,1
W_N_0111,1,10,0
W_N_0111,1,11,0
W_N_0111,1,12,0
W_N_0111,1,13,0
W_N_0111,1,14,0
W_N_0111,1,15,0
W_N_0111,1,16,1
W_N_0111,1,17,0
W_N_0111,1,18,1
W_N_0111,2,6,0
W_N_0111,2,7,0
W_N_0111,2,8,0
W_N_0111,2,9,1
W_N_0111,2,10,1
W_N_0111,2,11,0
W_N_0111,2,12,0
W_N_0111,2,13,0
W_N_0111,2,14,0
W_N_0111,2,15,1
W_N_0111,2,16,0
W_N_0111,2,17,0
W_N_0111,2,18,1
W_N_0111,2,19,0
W_N_0111,2,20,1
W_N_0111,3,5,1
W_N_0111,3,6,1
W_N_0111,3,7,0
W_N_0111,3,8,0
W_N_0111,3,9,0
W_N_0111,3,10,0
W_N_0111,3,11,0
W_N_0111,3,12,0
W_N_0111,3,13,0
W_N_0111,3,14,1
W_N_0111,3,15,0
W_N_0111,3,16,1
W_N_0111,3,17,1
W_N_0111,3,18,0
W_N_0111,3,19,0
W_N_0111,3,20,0
W_N_0111,3,21,1
W_N_0111,4,4,0
W_N_0111,4,5,1
W_N_0111,4,6,1
W_N_0111,4,7,0
W_N_0111,4,8,1
W_N_0111,4,9,1
W_N_0111,4,10,0
W_N_0111,4,11,0
W_N_0111,4,12,0
W_N_0111,4,13,0
W_N_0111,4,14,1
W_N_0111,4,15,0
W_N_0111,4,16,0
W_N_0111,4,17,0
W_N_0111,4,18,1
W_N_0111,4,19,0
W_N_0111,4,20,0
W_N_0111,4,21,0
W_N_0111,4,22,0
W_N_0111,5,3,0
W_N_0111,5,4,0
W_N_0111,5,5,0
W_N_0111,5,6,0
W_N_0111,5,7,0
W_N_0111,5,8,1
W_N_0111,5,9,0
W_N_0111,5,10,0
W_N_0111,5,11,0
W_N_0111,5,12,0
W_N_0111,5,13,0
W_N_0111,5,14,0
W_N_0111,5,15,0
W_N_0111,5,16,0
W_N_0111,5,17,0
W_N_0111,5,18,0
W_N_0111,5,19,1
W_N_0111,5,20,0
W_N_0111,5,21,0
W_N_0111,5,22,0
W_N_0111,5,23,1
W_N_0111,6,2,0
W_N_0111,6,3,0
W_N_0111,6,4,0
W_N_0111,6,5,0
W_N_0111,6,6,0
W_N_0111,6,7,0
W_N_0111,6,8,0
W_N_0111,6,9,0
W_N_0111,6,10,0
W_N_0111,6,11,1
W_N_0111,6,12,0
W_N_0111,6,13,0
W_N_0111,6,14,0
W_N_0111,6,15,0
W_N_0111,6,16,1
W_N_0111,6,17,0
W_N_0111,6,18,1
W_N_0111,6,19,1
W_N_0111,6,20,1
W_N_0111,6,21,0
W_N_0111,6,22,0
W_N_0111,6,23,0
W_N_0111,6,24,0
W_N_0111,7,1,0
W_N_0111,7,2,0
W_N_0111,7,3,0
W_N_0111,7,4,0
W_N_0111,7,5,1
W_N_0111,7,6,0
W_N_0111,7,7,0
W_N_0111,7,8,0
W_N_0111,7,9,0
W_N_0111,7,10,0
W_N_0111,7,11,0
W_N_0111,7,12,1
W_N_0111,7,13,0
W_N_0111,7,14,1
W_N_0111,7,15,0
W_N_0111,7,16,0
W_N_0111,7,17,0
W_N_0111,7,18,0
W_N_0111,7,19,0
W_N_0111,7,20,1
W_N_0111,7,21,0
W_N_0111,7,22,0
W_N_0111,7,23,1
W_N_0111,7,24,0
W_N_0111,7,25,0
W_N_0111,8,1,1
W_N_0111,8,2,0
W_N_0111,8,3,0
W_N_0111,8,4,1
W_N_0111,8,5,0
W_N_0111,8,6,0
W_N_0111,8,7,0
W_N_0111,8,8,0
W_N_0111,8,9,0
W_N_0111,8,10,1
W_N_0111,8,11,0
W_N_0111,8,12,0
W_N_0111,8,13,0
W_N_0111,8,14,1
W_N_0111,8,15,0
W_N_0111,8,16,0
W_N_0111,8,17,0
W_N_0111,8,18,0
W_N_0111,8,19,0
W_N_0111,8,20,0
W_N_0111,8,21,0
W_N_0111,8,22,0
W_N_0111,8,23,0
W_N_0111,8,24,0
W_N_0111,8,25,0
W_N_0111,9,1,0
W_N_0111,9,2,0
W_N_0111,9,3,0
W_N_0111,9,4,0
W_N_0111,9,5,0
W_N_0111,9,6,0
W_N_0111,9,7,1
W_N_0111,9,8,0
W_N_0111,9,9,1
W_N_0111,9,10,0
W_N_0111,9,11,0
W_N_0111,9,12,1
W_N_0111,9,13,0
W_N_0111,9,14,1
W_N_0111,9,15,0
W_N_0111,9,16,1
W_N_0111,9,17,0
W_N_0111,9,18,0
W_N_0111,9,19,0
W_N_0111,9,20,0
W_N_0111,9,21,0
W_N_0111,9,22,0
W_N_0111,9,23,0
W_N_0111,9,24,0
W_N_0111,9,25,0
W_N_0111,10,0,1
W_N_0111,10,1,0
W_N_0111,10,2,0
W_N_0111,10,3,0
W_N_0111,10,4,0
W_N_0111,10,5,1
W_N_0111,10,6,0
W_N_0111,10,7,0
W_N_0111,10,8,0
W_N_0111,10,9,1
W_N_0111,10,10,1
W_N_0111,10,11,0
W_N_0111,10,12,0
W_N_0111,10,13,0
W_N_0111,10,14,0
W_N_0111,10,15,0
W_N_0111,10,16,0
W_N_0111,10,17,0
W_N_0111,10,18,0
W_N_0111,10,19,0
W_N_0111,10,20,1
W_N_0111,10,21,0
W_N_0111,10,22,0
W_N_0111,10,23,1
W_N_0111,10,24,0
W_N_0111,10,25,1
W_N_0111,10,26,0
W_N_0111,11,0,0
W_N_0111,11,1,0
W_N_0111,11,2,0
W_N_0111,11,3,0
W_N_0111,11,4,0
W_N_0111,11,5,1
W_N_0111,11,6,1
W_N_0111,11,7,0
W_N_0111,11,8,0
W_N_0111,11,9,0
W_N_0111,11,10,0
W_N_0111,11,11,0
W_N_0111,11,12,0
W_N_0111,11,13,1
W_N_0111,11,14,0
W_N_0111,11,15,0
W_N_0111,11,16,0
W_N_0111,11,17,1
W_N_0111,11,18,0
W_N_0111,11,19,0
W_N_0111,11,20,0
W_N_0111,11,21,0
W_N_0111,11,22,0
W_N_0111,11,23,0
W_N_0111,11,24,0
W_N_0111,11,25,1
W_N_0111,11,26,0
W_N_0111,12,0,1
W_N_0111,12,1,0
W_N_0111,12,2,0
W_N_0111,12,3,0
W_N_0111,12,4,0
W_N_0111,12,5,0
W_N_0111,12,6,0
W_N_0111,12,7,0
W_N_0111,12,8,0
W_N_0111,12,9,0
W_N_0111,12,10,0
W_N_0111,12,11,0
W_N_0111,12,12,1
W_N_0111,12,13,1
W_N_0111,12,14,1
W_N_0111,12,15,0
W_N_0111,12,16,0
W_N_0111,12,17,0
W_N_0111,12,18,0
W_N_0111,12,19,0
W_N_0111,12,20,1
W_N_0111,12,21,0
W_N_0111,12,22,0
W_N_0111,12,23,0
W_N_0111,12,24,0
W_N_0111,12,25,0
W_N_0111,12,26,0
W_N_0111,13,0,1
W_N_0111,13,1,0
W_N_0111,13,2,1
W_N_0111,13,3,0
W_N_0111,13,4,0
W_N_0111,13,5,0
W_N_0111,13,6,0
W_N_0111,13,7,0
W_N_0111,13,8,1
W_N_0111,13,9,1
W_N_0111,13,10,0
W_N_0111,13,11,1
W_N_0111,13,12,1
W_N_0111,13,13,0
W_N_0111,13,14,0
W_N_0111,13,15,0
W_N_0111,13,16,0
W_N_0111,13,17,0
W_N_0111,13,18,0
W_N_0111,13,19,0
W_N_0111,13,20,0
W_N_0111,13,21,0
W_N_0111,13,22,0
W_N_0111,13,23,0
W_N_0111,13,24,0
W_N_0111,13,25,0
W_N_0111,13,26,1
W_N_0111,14,0,0
W_N_0111,14,1,0
W_N_0111,14,2,0
W_N_0111,14,3,1
W_N_0111,14,4,0
W_N_0111,14,5,0
W_N_0111,14,6,0
W_N_0111,14,7,0
W_N_0111,14,8,1
W_N_0111,14,9,0
W_N_0111,14,10,0
W_N_0111,14,11,0
W_N_0111,14,12,0
W_N_0111,14,13,0
W_N_0111,14,14,0
W_N_0111,14,15,0
W_N_0111,14,16,0
W_N_0111,14,17,1
W_N_0111,14,18,0
W_N_0111,14,19,1
W_N_0111,14,20,0
W_N_0111,14,21,0
W_N_0111,14,22,0
W_N_0111,14,23,0
W_N_0111,14,24,1
W_N_0111,14,25,0
W_N_0111,14,26,0
W_N_0111,15,0,0
W_N_0111,15,1,0
W_N_0111,15,2,0
W_N_0111,15,3,0
W_N_0111,15,4,0
W_N_0111,15,5,0
W_N_0111,15,6,0
W_N_0111,15,7,1
W_N_0111,15,8,0
W_N_0111,15,9,0
W_N_0111,15,10,0
W_N_0111,15,11,0
W_N_0111,15,12,0
W_N_0111,15,13,0
W_N_0111,15,14,1
W_N_0111,15,15,0
W_N_0111,15,16,0
W_N_0111,15,17,0
W_N_0111,15,18,0
W_N_0111,15,19,0
W_N_0111,15,20,0
W_N_0111,15,21,0
W_N_0111,15,22,0
W_N_0111,15,23,0
W_N_0111,15,24,1
W_N_0111,15,25,0
W_N_0111,15,26,1
W_N_0111,16,1,1
W_N_0111,16,2,1
W_N_0111,16,3,0
W_N_0111,16,4,0
W_N_0111,16,5,0
W_N_0111,16,6,0
W_N_0111,16,7,1
W_N_0111,16,8,0
W_N_0111,16,9,0
W_N_0111,16,10,0
W_N_0111,16,11,0
W_N_0111,16,12,0
W_N_0111,16,13,1
W_N_0111,16,14,1
W_N_0111,16,15,0
W_N_0111,16,16,1
W_N_0111,16,17,0
W_N_0111,16,18,1
W_N_0111,16,19,0
W_N_0111,16,20,0
W_N_0111,16,21,1
W_N_0111,16,22,1
W_N_0111,16,23,0
W_N_0111,16,24,0
W_N_0111,16,25,0
W_N_0111,17,1,1
W_N_0111,17,2,0
W_N_0111,17,3,0
W_N_0111,17,4,0
W_N_0111,17,5,0
W_N_0111,17,6,0
W_N_0111,17,7,0
W_N_0111,17,8,0
W_N_0111,17,9,0
W_N_0111,17,10,1
W_N_0111,17,11,1
W_N_0111,17,12,0
W_N_0111,17,13,0
W_N_0111,17,14,0
W_N_0111,17,15,0
W_N_0111,17,16,0
W_N_0111,17,17,0
W_N_0111,17,18,0
W_N_0111,17,19,0
W_N_0111,17,20,0
W_N_0111,17,21,0
W_N_0111,17,22,0
W_N_0111,17,23,0
W_N_0111,17,24,0
W_N_0111,17,25,0
W_N_0111,18,2,1
W_N_0111,18,3,0
W_N_0111,18,4,0
W_N_0111,18,5,0
W_N_0111,18,6,0
W_N_0111,18,7,0
W_N_0111,18,8,0
W_N_0111,18,9,0
W_N_0111,18,10,0
W_N_0111,18,11,0
W_N_0111,18,12,0
W_N_0111,18,13,0
W_N_0111,18,14,0
W_N_0111,18,15,0
W_N_0111,18,16,0
W_N_0111,18,17,0
W_N_0111,18,18,0
W_N_0111,18,19,0
W_N_0111,18,20,0
W_N_0111,18,21,0
W_N_0111,18,22,1
W_N_0111,18,23,0
W_N_0111,18,24,0
W_N_0111,19,2,1
W_N_0111,19,3,0
W_N_0111,19,4,0
W_N_0111,19,5,0
W_N_0111,19,6,0
W_N_0111,19,7,0
W_N_0111,19,8,0
W_N_0111,19,9,0
W_N_0111,19,10,0
W_N_0111,19,11,0
W_N_0111,19,12,0
W_N_0111,19,13,1
W_N_0111,19,14,0
W_N_0111,19,15,0
W_N_0111,19,16,0
W_N_0111,19,17,0
W_N_0111,19,18,0
W_N_0111,19,19,0
W_N_0111,19,20,0
W_N_0111,19,21,0
W_N_0111,19,22,0
W_N_0111,19,23,0
W_N_0111,20,3,0
W_N_0111,20,4,1
W_N_0111,20,5,0
W_N_0111,20,6,0
W_N_0111,20,7,0
W_N_0111,20,8,0
W_N_0111,20,9,0
W_N_0111,20,10,0
W_N_0111,20,11,1
W_N_0111,20,12,0
W_N_0111,20,13,0
W_N_0111,20,14,0
W_N_0111,20,15,0
W_N_0111,20,16,0
W_N_0111,20,17,0
W_N_0111,20,18,0
W_N_0111,20,19,0
W_N_0111,20,20,0
W_N_0111,20,21,0
W_N_0111,20,22,0
W_N_0111,20,23,0
W_N_0111,21,4,1
W_N_0111,21,5,0
W_N_0111,21,6,0
W_N_0111,21,7,0
W_N_0111,21,8,0
W_N_0111,21,9,0
W_N_0111,21,10,0
W_N_0111,21,11,0
W_N_0111,21,12,0
W_N_0111,21,13,0
W_N_0111,21,14,0
W_N_0111,21,15,0
W_N_0111,21,16,0
W_N_0111,21,17,0
W_N_0111,21,18,1
W_N_0111,21,19,0
W_N_0111,21,20,0
W_N_0111,21,21,0
W_N_0111,21,22,1
W_N_0111,22,6,0
W_N_0111,22,7,0
W_N_0111,22,8,1
W_N_0111,22,9,1
W_N_0111,22,10,0
W_N_0111,22,11,1
W_N_0111,22,12,0
W_N_0111,22,13,0
W_N_0111,22,14,0
W_N_0111,22,15,0
W_N_0111,22,16,0
W_N_0111,22,17,0
W_N_0111,22,18,0
W_N_0111,22,19,1
W_N_0111,22,20,0
W_N_0111,23,7,1
W_N_0111,23,8,1
W_N_0111,23,9,0
W_N_0111,23,10,0
W_N_0111,23,11,0
W_N_0111,23,12,0
W_N_0111,23,13,0
W_N_0111,23,14,0
W_N_0111,23,15,0
W_N_0111,23,16,1
W_N_0111,23,17,0
W_N_0111,23,18,0
W_N_0111,23,19,0
W_N_0111,24,10,0
W_N_0111,24,11,0
W_N_0111,24,12,0
W_N_0111,24,13,0
W_N_0111,24,14,1
W_N_0111,24,15,1
W_N_0111,24,16,0
W_F_0047,0,16,1
W_F_0047,0,17,1
W_F_0047,1,11,1
W_F_0047,1,12,0
W_F_0047,1,13,0
W_F_0047,1,14,1
W_F_0047,1,15,0
W_F_0047,1,16,1
W_F_0047,1,17,0
W_F_0047,1,18,1
W_F_0047,1,19,0
W_F_0047,1,20,1
W_F_0047,1,21,1
W_F_0047,1,22,1
W_F_0047,2,9,0
W_F_0047,2,10,0
W_F_0047,2,11,0
W_F_0047,2,12,0
W_F_0047,2,13,0
W_F_0047,2,14,0
W_F_0047,2,15,1
W_F_0047,2,16,0
W_F_0047,2,17,0
W_F_0047,2,18,1
W_F_0047,2,19,0
W_F_0047,2,20,1
W_F_0047,2,21,1
W_F_0047,2,22,0
W_F_0047,2,23,0
W_F_0047,2,24,0
W_F_0047,3,7,0
W_F_0047,3,8,0
W_F_0047,3,9,0
W_F_0047,3,10,0
W_F_0047,3,11,1
W_F_0047,3,12,0
W_F_0047,3,13,0
W_F_0047,3,14,0
W_F_0047,3,15,0
W_F_0047,3,16,0
W_F_0047,3,17,1
W_F_0047,3,18,0
W_F_0047,3,19,0
W_F_0047,3,20,0
W_F_0047,3,21,0
W_F_0047,3,22,0
W_F_0047,3,23,0
W_F_0047,3,24,0
W_F_0047,3,25,0
W_F_0047,3,26,0
W_F_0047,4,6,0
W_F_0047,4,7,0
W_F_0047,4,8,0
W_F_0047,4,9,0
W_F_0047,4,10,0
W_F_0047,4,11,0
W_F_0047,4,12,0
W_F_0047,4,13,0
W_F_0047,4,14,1
W_F_0047,4,15,0
W_F_0047,4,16,1
W_F_0047,4,17,0
W_F_0047,4,18,1
W_F_0047,4,19,0
W_F_0047,4,20,0
W_F_0047,4,21,0
W_F_0047,4,22,1
W_F_0047,4,23,0
W_F_0047,4,24,0
W_F_0047,4,25,0
W_F_0047,4,26,0
W_F_0047,4,27,0
W_F_0047,5,4,0
W_F_0047,5,5,0
W_F_0047,5,6,1
W_F_0047,5,7,0
W_F_0047,5,8,1
W_F_0047,5,9,0
W_F_0047,5,10,0
W_F_0047,5,11,0
W_F_0047,5,12,0
W_F_0047,5,13,0
W_F_0047,5,14,0
W_F_0047,5,15,0
W_F_0047,5,16,0
W_F_0047,5,17,0
W_F_0047,5,18,0
W_F_0047,5,19,0
W_F_0047,5,20,0
W_F_0047,5,21,1
W_F_0047,5,22,0
W_F_0047,5,23,0
W_F_0047,5,24,0
W_F_0047,5,25,0
W_F_0047,5,26,0
W_F_0047,5,27,1
W_F_0047,5,28,0
W_F_0047,6,3,1
W_F_0047,6,4,1
W_F_0047,6,5,0
W_F_0047,6,6,0
W_F_0047,6,7,0
W_F_0047,6,8,0
W_F_0047,6,9,0
W_F_0047,6,10,0
W_F_0047,6,11,0
W_F_0047,6,12,0
W_F_0047,6,13,0
W_F_0047,6,14,1
W_F_0047,6,15,0
W_F_0047,6,16,0
W_F_0047,6,17,0
W_F_0047,6,18,0
W_F_0047,6,19,0
W_F_0047,6,20,0
W_F_0047,6,21,0
W_F_0047,6,22,0
W_F_0047,6,23,0
W_F_0047,6,24,0
W_F_0047,6,25,0
W_F_0047,6,26,0
W_F_0047,6,27,0
W_F_0047,6,28,0
W_F_0047,6,29,0
W_F_0047,7,3,0
W_F_0047,7,4,0
W_F_0047,7,5,0
W_F_0047,7,6,0
W_F_0047,7,7,0
W_F_0047,7,8,0
W_F_0047,7,9,1
W_F_0047,7,10,0
W_F_0047,7,11,0
W_F_0047,7,12,0
W_F_0047,7,13,0
W_F_0047,7,14,0
W_F_0047,7,15,0
W_F_0047,7,16,0
W_F_0047,7,17,0
W_F_0047,7,18,0
W_F_0047,7,19,0
W_F_0047,7,20,0
W_F_0047,7,21,0
W_F_0047,7,22,0
W_F_0047,7,23,0
W_F_0047,7,24,0
W_F_0047,7,25,0
W_F_0047,7,26,0
W_F_0047,7,27,0
W_F_0047,7,28,0
W_F_0047,7,29,0
W_F_0047,7,30,0
W_F_0047,8,2,0
W_F_0047,8,3,1
W_F_0047,8,4,0
W_F_0047,8,5,0
W_F_0047,8,6,0
W_F_0047,8,7,0
W_F_0047,8,8,0
W_F_0047,8,9,0
W_F_0047,8,10,0
W_F_0047,8,11,0
W_F_0047,8,12,0
W_F_0047,8,13,0
W_F_0047,8,14,1
W_F_0047,8,15,0
W_F_0047,8,16,0
W_F_0047,8,17,0
W_F_0047,8,18,0
W_F_0047,8,19,0
W_F_0047,8,20,0
W_F_0047,8,21,1
W_F_0047,8,22,0
W_F_0047,8,23,0
W_F_0047,8,24,0
W_F_0047,8,25,0
W_F_0047,8,26,0
W_F_0047,8,27,0
W_F_0047,8,28,0
W_F_0047,8,29,1
W_F_0047,8,30,0
W_F_0047,8,31,0
W_F_0047,9,1,0
W_F_0047,9,2,0
W_F_0047,9,3,0
W_F_0047,9,4,1
W_F_0047,9,5,0
W_F_0047,9,6,1
W_F_0047,9,7,0
W_F_0047,9,8,0
W_F_0047,9,9,0
W_F_0047,9,10,0
W_F_0047,9,11,0
W_F_0047,9,12,0
W_F_0047,9,13,0
W_F_0047,9,14,0
W_F_0047,9,15,0
W_F_0047,9,16,0
W_F_0047,9,17,0
W_F_0047,9,18,0
W_F_0047,9,19,0
W_F_0047,9,20,0
W_F_0047,9,21,0
W_F_0047,9,22,0
W_F_0047,9,23,1
W_F_0047,9,24,0
W_F_0047,9,25,1
W_F_0047,9,26,0
W_F_0047,9,27,1
W_F_0047,9,28,0
W_F_0047,9,29,1
W_F_0047,9,30,0
W_F_0047,9,31,0
W_F_0047,10,1,0
W_F_0047,10,2,1
W_F_0047,10,3,0
W_F_0047,10,4,0
W_F_0047,10,5,0
W_F_0047,10,6,0
W_F_0047,10,7,0
W_F_0047,10,8,0
W_F_0047,10,9,0
W_F_0047,10,10,0
W_F_0047,10,11,0
W_F_0047,10,12,0
W_F_0047,10,13,0
W_F_0047,10,14,0
W_F_0047,10,15,0
W_F_0047,10,16,0
W_F_0047,10,17,0
W_F_0047,10,18,0
W_F_0047,10,19,0
W_F_0047,10,20,0
W_F_0047,10,21,0
W_F_0047,10,22,0
W_F_0047,10,23,0
W_F_0047,10,24,0
W_F_0047,10,25,0
W_F_0047,10,26,0
W_F_0047,10,27,0
W_F_0047,10,28,0
W_F_0047,10,29,1
W_F_0047,10,30,0
W_F_0047,10,31,1
W_F_0047,10,32,0
W_F_0047,11,1,0
W_F_0047,11,2,0
W_F_0047,11,3,0
W_F_0047,11,4,0
W_F_0047,11,5,0
W_F_0047,11,6,1
W_F_0047,11,7,0
W_F_0047,11,8,0
W_F_0047,11,9,0
W_F_0047,11,10,0
W_F_0047,11,11,0
W_F_0047,11,12,0
W_F_0047,11,13,0
W_F_0047,11,14,0
W_F_0047,11,15,0
W_F_0047,11,16,0
W_F_0047,11,17,0
W_F_0047,11,18,1
W_F_0047,11,19,0
W_F_0047,11,20,0
W_F_0047,11,21,0
W_F_0047,11,22,1
W_F_0047,11,23,0
W_F_0047,11,24,0
W_F_0047,11,25,0
W_F_0047,11,26,1
W_F_0047,11,27,0
W_F_0047,11,28,0
W_F_0047,11,29,0
W_F_0047,11,30,0
W_F_0047,11,31,0
W_F_0047,11,32,0
W_F_0047,12,0,0
W_F_0047,12,1,0
W_F_0047,12,2,0
W_F_0047,12,3,0
W_F_0047,12,4,0
W_F_0047,12,5,0
W_F_0047,12,6,0
W_F_0047,12,7,0
W_F_0047,12,8,0
W_F_0047,12,9,0
W_F_0047,12,10,0
W_F_0047,12,11,0
W_F_0047,12,12,0
W_F_0047,12,13,0
W_F_0047,12,14,0
W_F_0047,12,15,0
W_F_0047,12,16,1
W_F_0047,12,17,1
W_F_0047,12,18,0
W_F_0047,12,19,0
W_F_0047,12,20,0
W_F_0047,12,21,0
W_F_0047,12,22,1
W_F_0047,12,23,0
W_F_0047,12,24,0
W_F_0047,12,25,0
W_F_0047,12,26,0
W_F_0047,12,27,0
W_F_0047,12,28,0
W_F_0047,12,29,0
W_F_0047,12,30,0
W_F_0047,12,31,0
W_F_0047,12,32,0
W_F_0047,13,0,0
W_F_0047,13,1,0
W_F_0047,13,2,0
W_F_0047,13,3,0
W_F_0047,13,4,0
W_F_0047,13,5,0
W_F_0047,13,6,0
W_F_0047,13,7,0
W_F_0047,13,8,0
W_F_0047,13,9,0
W_F_0047,13,10,0
W_F_0047,13,11,0
W_F_0047,13,12,0
W_F_0047,13,13,0
W_F_0047,13,14,0
W_F_0047,13,15,0
W_F_0047,13,16,1
W_F_0047,13,17,0
W_F_0047,13,18,0
W_F_0047,13,19,0
W_F_0047,13,20,0
W_F_0047,13,21,1
W_F_0047,13,22,1
W_F_0047,13,23,0
W_F_0047,13,24,0
W_F_0047,13,25,0
W_F_0047,13,26,0
W_F_0047,13,27,0
W_F_0047,13,28,0
W_F_0047,13,29,0
W_F_0047,13,30,0
W_F_0047,13,31,0
W_F_0047,13,32,0
W_F_0047,13,33,0
W_F_0047,14,0,0
W_F_0047,14,1,0
W_F_0047,14,2,0
W_F_0047,14,3,0
W_F_0047,14,4,0
W_F_0047,14,5,1
W_F_0047,14,6,0
W_F_0047,14,7,0
W_F_0047,14,8,0
W_F_0047,14,9,0
W_F_0047,14,10,0
W_F_0047,14,11,0
W_F_0047,14,12,1
W_F_0047,14,13,1
W_F_0047,14,14,0
W_F_0047,14,15,0
W_F_0047,14,16,1
W_F_0047,14,17,1
W_F_0047,14,18,1
W_F_0047,14,19,0
W_F_0047,14,20,0
W_F_0047,14,21,0
W_F_0047,14,22,1
W_F_0047,14,23,0
W_F_0047,14,24,0
W_F_0047,14,25,1
W_F_0047,14,26,0
W_F_0047,14,27,0
W_F_0047,14,28,0
W_F_0047,14,29,0
W_F_0047,14,30,0
W_F_0047,14,31,0
W_F_0047,14,32,0
W_F_0047,14,33,0
W_F_0047,15,0,0
W_F_0047,15,1,1
W_F_0047,15,2,0
W_F_0047,15,3,0
W_F_0047,15,4,0
W_F_0047,15,5,0
W_F_0047,15,6,0
W_F_0047,15,7,1
W_F_0047,15,8,0
W_F_0047,15,9,0
W_F_0047,15,10,0
W_F_0047,15,11,0
W_F_0047,15,12,0
W_F_0047,15,13,0
W_F_0047,15,14,1
W_F_0047,15,15,1
W_F_0047,15,16,1
W_F_0047,15,17,1
W_F_0047,15,18,1
W_F_0047,15,19,0
W_F_0047,15,20,0
W_F_0047,15,21,0
W_F_0047,15,22,0
W_F_0047,15,23,0
W_F_0047,15,24,0
W_F_0047,15,25,0
W_F_0047,15,26,0
W_F_0047,15,27,0
W_F_0047,15,28,0
W_F_0047,15,29,0
W_F_0047,15,30,0
W_F_0047,15,31,0
W_F_0047,15,32,0
W_F_0047,15,33,1
W_F_0047,16,0,1
W_F_0047,16,1,0
W_F_0047,16,2,0
W_F_0047,16,3,0
W_F_0047,16,4,0
W_F_0047,16,5,0
W_F_0047,16,6,0
W_F_0047,16,7,0
W_F_0047,16,8,0
W_F_0047,16,9,0
W_F_0047,16,10,0
W_F_0047,16,11,0
W_F_0047,16,12,0
W_F_0047,16,13,0
W_F_0047,16,14,1
W_F_0047,16,15,1
W_F_0047,16,16,1
W_F_0047,16,17,0
W_F_0047,16,18,0
W_F_0047,16,19,0
W_F_0047,16,20,1
W_F_0047,16,21,1
W_F_0047,16,22,1
W_F_0047,16,23,0
W_F_0047,16,24,0
W_F_0047,16,25,0
W_F_0047,16,26,0
W_F_0047,16,27,1
W_F_0047,16,28,0
W_F_0047,16,29,0
W_F_0047,16,30,0
W_F_0047,16,31,0
W_F_0047,16,32,0
W_F_0047,16,33,0
W_F_0047,17,0,0
W_F_0047,17,1,0
W_F_0047,17,2,0
W_F_0047,17,3,0
W_F_0047,17,4,0
W_F_0047,17,5,0
W_F_0047,17,6,0
W_F_0047,17,7,0
W_F_0047,17,8,0
W_F_0047,17,9,0
W_F_0047,17,10,0
W_F_0047,17,11,0
W_F_0047,17,12,0
W_F_0047,17,13,0
W_F_0047,17,14,0
W_F_0047,17,15,0
W_F_0047,17,16,0
W_F_0047,17,17,0
W_F_0047,17,18,0
W_F_0047,17,19,0
W_F_0047,17,20,0
W_F_0047,17,21,0
W_F_0047,17,22,0
W_F_0047,17,23,0
W_F_0047,17,24,0
W_F_0047,17,25,0
W_F_0047,17,26,0
W_F_0047,17,27,0
W_F_0047,17,28,0
W_F_0047,17,29,0
W_F_0047,17,30,0
W_F_0047,17,31,0
W_F_0047,17,32,0
W_F_0047,17,33,1
W_F_0047,18,0,0
W_F_0047,18,1,0
W_F_0047,18,2,0
W_F_0047,18,3,1
W_F_0047,18,4,0
W_F_0047,18,5,1
W_F_0047,18,6,0
W_F_0047,18,7,0
W_F_0047,18,8,1
W_F_0047,18,9,0
W_F_0047,18,10,0
W_F_0047,18,11,0
W_F_0047,18,12,0
W_F_0047,18,13,0
W_F_0047,18,14,0
W_F_0047,18,15,1
W_F_0047,18,16,1
W_F_0047,18,17,0
W_F_0047,18,18,0
W_F_0047,18,19,0
W_F_0047,18,20,0
W_F_0047,18,21,0
W_F_0047,18,22,0
W_F_0047,18,23,0
W_F_0047,18,24,1
W_F_0047,18,25,0
W_F_0047,18,26,0
W_F_0047,18,27,0
W_F_0047,18,28,0
W_F_0047,18,29,0
W_F_0047,18,30,0
W_F_0047,18,31,0
W_F_0047,18,32,0
W_F_0047,19,1,0
W_F_0047,19,2,0
W_F_0047,19,3,0
W_F_0047,19,4,0
W_F_0047,19,5,0
W_F_0047,19,6,0
W_F_0047,19,7,0
W_F_0047,19,8,0
W_F_0047,19,9,0
W_F_0047,19,10,0
W_F_0047,19,11,0
W_F_0047,19,12,0
W_F_0047,19,13,0
W_F_0047,19,14,0
W_F_0047,19,15,0
W_F_0047,19,16,0
W_F_0047,19,17,0
W_F_0047,19,18,0
W_F_0047,19,19,0
W_F_0047,19,20,0
W_F_0047,19,21,0
W_F_0047,19,22,0
W_F_0047,19,23,0
W_F_0047,19,24,0
W_F_0047,19,25,0
W_F_0047,19,26,0
W_F_0047,19,27,0
W_F_0047,19,28,0
W_F_0047,19,29,0
W_F_0047,19,30,0
W_F_0047,19,31,0
W_F_0047,19,32,0
W_F_0047,20,1,0
W_F_0047,20,2,1
W_F_0047,20,3,0
W_F_0047,20,4,0
W_F_0047,20,5,0
W_F_0047,20,6,0
W_F_0047,20,7,0
W_F_0047,20,8,0
W_F_0047,20,9,0
W_F_0047,20,10,1
W_F_0047,20,11,0
W_F_0047,20,12,0
W_F_0047,20,13,0
W_F_0047,20,14,0
W_F_0047,20,15,1
W_F_0047,20,16,0
W_F_0047,20,17,1
W_F_0047,20,18,0
W_F_0047,20,19,0
W_F_0047,20,20,0
W_F_0047,20,21,0
W_F_0047,20,22,1
W_F_0047,20,23,0
W_F_0047,20,24,1
W_F_0047,20,25,0
W_F_0047,20,26,0
W_F_0047,20,27,0
W_F_0047,20,28,0
W_F_0047,20,29,0
W_F_0047,20,30,0
W_F_0047,20,31,0
W_F_0047,20,32,0
W_F_0047,21,2,0
W_F_0047,21,3,1
W_F_0047,21,4,0
W_F_0047,21,5,1
W_F_0047,21,6,1
W_F_0047,21,7,0
W_F_0047,21,8,0
W_F_0047,21,9,0
W_F_0047,21,10,0
W_F_0047,21,11,0
W_F_0047,21,12,0
W_F_0047,21,13,0
W_F_0047,21,14,0
W_F_0047,21,15,0
W_F_0047,21,16,0
W_F_0047,21,17,0
W_F_0047,21,18,0
W_F_0047,21,19,0
W_F_0047,21,20,0
W_F_0047,21,21,0
W_F_0047,21,22,0
W_F_0047,21,23,0
W_F_0047,21,24,0
W_F_0047,21,25,0
W_F_0047,21,26,0
W_F_0047,21,27,1
W_F_0047,21,28,0
W_F_0047,21,29,0
W_F_0047,21,30,0
W_F_0047,21,31,0
W_F_0047,22,2,1
W_F_0047,22,3,0
W_F_0047,22,4,0
W_F_0047,22,5,0
W_F_0047,22,6,0
W_F_0047,22,7,0
W_F_0047,22,8,0
W_F_0047,22,9,0
W_F_0047,22,10,0
W_F_0047,22,11,0
W_F_0047,22,12,0
W_F_0047,22,13,0
W_F_0047,22,14,0
W_F_0047,22,15,0
W_F_0047,22,16,1
W_F_0047,22,17,0
W_F_0047,22,18,0
W_F_0047,22,19,0
W_F_0047,22,20,0
W_F_0047,22,21,0
W_F_0047,22,22,0
W_F_0047,22,23,0
W_F_0047,22,24,0
W_F_0047,22,25,0
W_F_0047,22,26,0
W_F_0047,22,27,0
W_F_0047,22,28,1
W_F_0047,22,29,0
W_F_0047,22,30,0
W_F_0047,23,3,0
W_F_0047,23,4,0
W_F_0047,23,5,0
W_F_0047,23,6,0
W_F_0047,23,7,0
W_F_0047,23,8,0
W_F_0047,23,9,0
W_F_0047,23,10,0
W_F_0047,23,11,0
W_F_0047,23,12,0
W_F_0047,23,13,1
W_F_0047,23,14,0
W_F_0047,23,15,0
W_F_0047,23,16,0
W_F_0047,23,17,0
W_F_0047,23,18,0
W_F_0047,23,19,1
W_F_0047,23,20,1
W_F_0047,23,21,0
W_F_0047,23,22,0
W_F_0047,23,23,0
W_F_0047,23,24,0
W_F_0047,23,25,0
W_F_0047,23,26,1
W_F_0047,23,27,0
W_F_0047,23,28,0
W_F_0047,23,29,0
W_F_0047,23,30,0
W_F_0047,24,4,0
W_F_0047,24,5,0
W_F_0047,24,6,0
W_F_0047,24,7,0
W_F_0047,24,8,0
W_F_0047,24,9,0
W_F_0047,24,10,0
W_F_0047,24,11,0
W_F_0047,24,12,0
W_F_0047,24,13,0
W_F_0047,24,14,0
W_F_0047,24,15,0
W_F_0047,24,16,0
W_F_0047,24,17,1
W_F_0047,24,18,0
W_F_0047,24,19,0
W_F_0047,24,20,1
W_F_0047,24,21,0
W_F_0047,24,22,1
W_F_0047,24,23,0
W_F_0047,24,24,0
W_F_0047,24,25,0
W_F_0047,24,26,0
W_F_0047,24,27,1
W_F_0047,24,28,1
W_F_0047,24,29,0
W_F_0047,25,5,0
W_F_0047,25,6,0
W_F_0047,25,7,0
W_F_0047,25,8,0
W_F_0047,25,9,0
W_F_0047,25,10,0
W_F_0047,25,11,0
W_F_0047,25,12,0
W_F_0047,25,13,0
W_F_0047,25,14,0
W_F_0047,25,15,0
W_F_0047,25,16,1
W_F_0047,25,17,0
W_F_0047,25,18,0
W_F_0047,25,19,0
W_F_0047,25,20,0
W_F_0047,25,21,0
W_F_0047,25,22,0
W_F_0047,25,23,0
W_F_0047,25,24,0
W_F_0047,25,25,0
W_F_0047,25,26,0
W_F_0047,25,27,1
W_F_0047,25,28,0
W_F_0047,26,6,0
W_F_0047,26,7,0
W_F_0047,26,8,0
W_F_0047,26,9,0
W_F_0047,26,10,0
W_F_0047,26,11,0
W_F_0047,26,12,0
W_F_0047,26,13,0
W_F_0047,26,14,0
W_F_0047,26,15,0
W_F_0047,26,16,1
W_F_0047,26,17,0
W_F_0047,26,18,0
W_F_0047,26,19,0
W_F_0047,26,20,0
W_F_0047,26,21,1
W_F_0047,26,22,0
W_F_0047,26,23,0
W_F_0047,26,24,1
W_F_0047,26,25,0
W_F_0047,26,26,1
W_F_0047,26,27,0
W_F_0047,27,8,0
W_F_0047,27,9,0
W_F_0047,27,10,0
W_F_0047,27,11,1
W_F_0047,27,12,0
W_F_0047,27,13,0
W_F_0047,27,14,1
W_F_0047,27,15,0
W_F_0047,27,16,0
W_F_0047,27,17,1
W_F_0047,27,18,0
W_F_0047,27,19,0
W_F_0047,27,20,1
W_F_0047,27,21,0
W_F_0047,27,22,0
W_F_0047,27,23,0
W_F_0047,27,24,1
W_F_0047,27,25,0
W_F_0047,28,10,0
W_F_0047,28,11,0
W_F_0047,28,12,0
W_F_0047,28,13,0
W_F_0047,28,14,1
W_F_0047,28,15,0
W_F_0047,28,16,0
W_F_0047,28,17,1
W_F_0047,28,18,0
W_F_0047,28,19,1
W_F_0047,28,20,0
W_F_0047,28,21,0
W_F_0047,28,22,0
W_F_0047,28,23,0
W_F_0047,29,13,0
W_F_0047,29,14,0
W_F_0047,29,15,0
W_F_0047,29,16,0
W_F_0047,29,17,0
W_F_0047,29,18,0
W_F_0047,29,19,0
W_F_0047,29,20,0
W_N_0144,0,14,1
W_N_0144,0,15,0
W_N_0144,0,16,0
W_N_0144,0,17,0
W_N_0144,0,18,0
W_N_0144,0,19,1
W_N_0144,0,20,0
W_N_0144,1,11,0
W_N_0144,1,12,0
W_N_0144,1,13,1
W_N_0144,1,14,0
W_N_0144,1,15,0
W_N_0144,1,16,0
W_N_0144,1,17,0
W_N_0144,1,18,0
W_N_0144,1,19,0
W_N_0144,1,20,0
W_N_0144,1,21,0
W_N_0144,1,22,0
W_N_0144,1,23,0
W_N_0144,2,9,1
W_N_0144,2,10,0
W_N_0144,2,11,0
W_N_0144,2,12,0
W_N_0144,2,13,0
W_N_0144,2,14,0
W_N_0144,2,15,0
W_N_0144,2,16,0
W_N_0144,2,17,0
W_N_0144,2,18,0
W_N_0144,2,19,0
W_N_0144,2,20,0
W_N_0144,2,21,0
W_N_0144,2,22,0
W_N_0144,2,23,0
W_N_0144,2,24,0
W_N_0144,2,25,0
W_N_0144,3,7,1
W_N_0144,3,8,0
W_N_0144,3,9,0
W_N_0144,3,10,0
W_N_0144,3,11,0
W_N_0144,3,12,0
W_N_0144,3,13,0
W_N_0144,3,14,0
W_N_0144,3,15,0
W_N_0144,3,16,0
W_N_0144,3,17,0
W_N_0144,3,18,0
W_N_0144,3,19,1
W_N_0144,3,20,1
W_N_0144,3,21,0
W_N_0144,3,22,0
W_N_0144,3,23,0
W_N_0144,3,24,0
W_N_0144,3,25,1
W_N_0144,3,26,0
W_N_0144,3,27,1
W_N_0144,4,6,1
W_N_0144,4,7,0
W_N_0144,4,8,0
W_N_0144,4,9,0
W_N_0144,4,10,0
W_N_0144,4,11,0
W_N_0144,4,12,1
W_N_0144,4,13,0
W_N_0144,4,14,0
W_N_0144,4,15,0
W_N_0144,4,16,1
W_N_0144,4,17,0
W_N_0144,4,18,0
W_N_0144,4,19,0
W_N_0144,4,20,0
W_N_0144,4,21,0
W_N_0144,4,22,0
W_N_0144,4,23,0
W_N_0144,4,24,0
W_N_0144,4,25,0
W_N_0144,4,26,0
W_N_0144,4,27,0
W_N_0144,4,28,0
W_N_0144,5,5,1
W_N_0144,5,6,0
W_N_0144,5,7,0
W_N_0144,5,8,0
W_N_0144,5,9,0
W_N_0144,5,10,0
W_N_0144,5,11,0
W_N_0144,5,12,0
W_N_0144,5,13,0
W_N_0144,5,14,0
W_N_0144,5,15,0
W_N_0144,5,16,0
W_N_0144,5,17,0
W_N_0144,5,18,0
W_N_0144,5,19,0
W_N_0144,5,20,0
W_N_0144,5,21,0
W_N_0144,5,22,0
W_N_0144,5,23,0
W_N_0144,5,24,0
W_N_0144,5,25,0
W_N_0144,5,26,0
W_N_0144,5,27,0
W_N_0144,5,28,0
W_N_0144,5,29,0
W_N_0144,6,4,0
W_N_0144,6,5,0
W_N_0144,6,6,0
W_N_0144,6,7,1
W_N_0144,6,8,0
W_N_0144,6,9,0
W_N_0144,6,10,0
W_N_0144,6,11,0
W_N_0144,6,12,0
W_N_0144,6,13,0
W_N_0144,6,14,0
W_N_0144,6,15,0
W_N_0144,6,16,0
W_N_0144,6,17,0
W_N_0144,6,18,1
W_N_0144,6,19,0
W_N_0144,6,20,0
W_N_0144,6,21,0
W_N_0144,6,22,0
W_N_0144,6,23,0
W_N_0144,6,24,0
W_N_0144,6,25,1
W_N_0144,6,26,0
W_N_0144,6,27,1
W_N_0144,6,28,0
W_N_0144,6,29,0
W_N_0144,6,30,0
W_N_0144,7,3,0
W_N_0144,7,4,1
W_N_0144,7,5,0
W_N_0144,7,6,0
W_N_0144,7,7,1
W_N_0144,7,8,0
W_N_0144,7,9,0
W_N_0144,7,10,0
W_N_0144,7,11,0
W_N_0144,7,12,0
W_N_0144,7,13,0
W_N_0144,7,14,0
W_N_0144,7,15,0
W_N_0144,7,16,0
W_N_0144,7,17,0
W_N_0144,7,18,0
W_N_0144,7,19,0
W_N_0144,7,20,0
W_N_0144,7,21,0
W_N_0144,7,22,0
W_N_0144,7,23,0
W_N_0144,7,24,0
W_N_0144,7,25,1
W_N_0144,7,26,0
W_N_0144,7,27,0
W_N_0144,7,28,0
W_N_0144,7,29,0
W_N_0144,7,30,0
W_N_0144,7,31,0
W_N_0144,8,2,0
W_N_0144,8,3,0
W_N_0144,8,4,1
W_N_0144,8,5,0
W_N_0144,8,6,0
W_N_0144,8,7,0
W_N_0144,8,8,0
W_N_0144,8,9,0
W_N_0144,8,10,0
W_N_0144,8,11,0
W_N_0144,8,12,0
W_N_0144,8,13,0
W_N_0144,8,14,0
W_N_0144,8,15,0
W_N_0144,8,16,0
W_N_0144,8,17,0
W_N_0144,8,18,0
W_N_0144,8,19,0
W_N_0144,8,20,0
W_N_0144,8,21,1
W_N_0144,8,22,0
W_N_0144,8,23,0
W_N_0144,8,24,0
W_N_0144,8,25,0
W_N_0144,8,26,1
W_N_0144,8,27,0
W_N_0144,8,28,0
W_N_0144,8,29,0
W_N_0144,8,30,0
W_N_0144,8,31,0
W_N_0144,9,2,0
W_N_0144,9,3,0
W_N_0144,9,4,0
W_N_0144,9,5,0
W_N_0144,9,6,0
W_N_0144,9,7,0
W_N_0144,9,8,0
W_N_0144,9,9,0
W_N_0144,9,10,0
W_N_0144,9,11,0
W_N_0144,9,12,0
W_N_0144,9,13,0
W_N_0144,9,14,1
W_N_0144,9,15,0
W_N_0144,9,16,0
W_N_0144,9,17,0
W_N_0144,9,18,0
W_N_0144,9,19,0
W_N_0144,9,20,1
W_N_0144,9,21,0
W_N_0144,9,22,0
W_N_0144,9,23,0
W_N_0144,9,24,0
W_N_0144,9,25,0
W_N_0144,9,26,0
W_N_0144,9,27,0
W_N_0144,9,28,1
W_N_0144,9,29,0
W_N_0144,9,30,0
W_N_0144,9,31,0
W_N_0144,9,32,0
W_N_0144,10,1,0
W_N_0144,10,2,0
W_N_0144,10,3,0
W_N_0144,10,4,0
W_N_0144,10,5,0
W_N_0144,10,6,0
W_N_0144,10,7,0
W_N_0144,10,8,0
W_N_0144,10,9,0
W_N_0144,10,10,0
W_N_0144,10,11,0
W_N_0144,10,12,0
W_N_0144,10,13,0
W_N_0144,10,14,0
W_N_0144,10,15,0
W_N_0144,10,16,0
W_N_0144,10,17,0
W_N_0144,10,18,0
W_N_0144,10,19,0
W_N_0144,10,20,0
W_N_0144,10,21,0
W_N_0144,10,22,0
W_N_0144,10,23,0
W_N_0144,10,24,0
W_N_0144,10,25,0
W_N_0144,10,26,0
W_N_0144,10,27,0
W_N_0144,10,28,0
W_N_0144,10,29,0
W_N_0144,10,30,0
W_N_0144,10,31,0
W_N_0144,10,32,0
W_N_0144,10,33,1
W_N_0144,11,1,0
W_N_0144,11,2,0
W_N_0144,11,3,0
W_N_0144,11,4,0
W_N_0144,11,5,0
W_N_0144,11,6,0
W_N_0144,11,7,0
W_N_0144,11,8,0
W_N_0144,11,9,0
W_N_0144,11,10,0
W_N_0144,11,11,0
W_N_0144,11,12,0
W_N_0144,11,13,0
W_N_0144,11,14,0
W_N_0144,11,15,1
W_N_0144,11,16,0
W_N_0144,11,17,0
W_N_0144,11,18,0
W_N_0144,11,19,0
W_N_0144,11,20,0
W_N_0144,11,21,0
W_N_0144,11,22,0
W_N_0144,11,23,0
W_N_0144,11,24,0
W_N_0144,11,25,1
W_N_0144,11,26,0
W_N_0144,11,27,0
W_N_0144,11,28,0
W_N_0144,11,29,0
W_N_0144,11,30,0
W_N_0144,11,31,0
W_N_0144,11,32,0
W_N_0144,11,33,0
W_N_0144,12,1,0
W_N_0144,12,2,0
W_N_0144,12,3,0
W_N_0144,12,4,0
W_N_0144,12,5,0
W_N_0144,12,6,0
W_N_0144,12,7,0
W_N_0144,12,8,0
W_N_0144,12,9,0
W_N_0144,12,10,0
W_N_0144,12,11,0
W_N_0144,12,12,0
W_N_0144,12,13,0
W_N_0144,12,14,1
W_N_0144,12,15,0
W_N_0144,12,16,0
W_N_0144,12,17,0
W_N_0144,12,18,0
W_N_0144,12,19,0
W_N_0144,12,20,0
W_N_0144,12,21,0
W_N_0144,12,22,0
W_N_0144,12,23,0
W_N_0144,12,24,0
W_N_0144,12,25,0
W_N_0144,12,26,0
W_N_0144,12,27,0
W_N_0144,12,28,0
W_N_0144,12,29,0
W_N_0144,12,30,1
W_N_0144,12,31,1
W_N_0144,12,32,0
W_N_0144,12,33,0
W_N_0144,13,0,0
W_N_0144,13,1,0
W_N_0144,13,2,0
W_N_0144,13,3,0
W_N_0144,13,4,0
W_N_0144,13,5,0
W_N_0144,13,6,0
W_N_0144,13,7,0
W_N_0144,13,8,0
W_N_0144,13,9,0
W_N_0144,13,10,0
W_N_0144,13,11,0
W_N_0144,13,12,0
W_N_0144,13,13,0
W_N_0144,13,14,0
W_N_0144,13,15,0
W_N_0144,13,16,1
W_N_0144,13,17,0
W_N_0144,13,18,0
W_N_0144,13,19,0
W_N_0144,13,20,0
W_N_0144,13,21,0
W_N_0144,13,22,0
W_N_0144,13,23,0
W_N_0144,13,24,0
W_N_0144,13,25,0
W_N_0144,13,26,1
W_N_0144,13,27,0
W_N_0144,13,28,0
W_N_0144,13,29,0
W_N_0144,13,30,0
W_N_0144,13,31,0
W_N_0144,13,32,0
W_N_0144,13,33,0
W_N_0144,13,34,0
W_N_0144,14,0,0
W_N_0144,14,1,0
W_N_0144,14,2,0
W_N_0144,14,3,0
W_N_0144,14,4,0
W_N_0144,14,5,0
W_N_0144,14,6,0
W_N_0144,14,7,0
W_N_0144,14,8,0
W_N_0144,14,9,0
W_N_0144,14,10,0
W_N_0144,14,11,0
W_N_0144,14,12,0
W_N_0144,14,13,0
W_N_0144,14,14,0
W_N_0144,14,15,0
W_N_0144,14,16,0
W_N_0144,14,17,0
W_N_0144,14,18,0
W_N_0144,14,19,0
W_N_0144,14,20,0
W_N_0144,14,21,0
W_N_0144,14,22,0
W_N_0144,14,23,0
W_N_0144,14,24,0
W_N_0144,14,25,0
W_N_0144,14,26,0
W_N_0144,14,27,0
W_N_0144,14,28,0
W_N_0144,14,29,0
W_N_0144,14,30,0
W_N_0144,14,31,0
W_N_0144,14,32,0
W_N_0144,14,33,0
W_N_0144,14,34,1
W_N_0144,15,0,1
W_N_0144,15,1,1
W_N_0144,15,2,0
W_N_0144,15,3,0
W_N_0144,15,4,0
W_N_0144,15,5,0
W_N_0144,15,6,0
W_N_0144,15,7,0
W_N_0144,15,8,0
W_N_0144,15,9,0
W_N_0144,15,10,0
W_N_0144,15,11,0
W_N_0144,15,12,0
W_N_0144,15,13,0
W_N_0144,15,14,0
W_N_0144,15,15,0
W_N_0144,15,16,0
W_N_0144,15,17,0
W_N_0144,15,18,0
W_N_0144,15,19,0
W_N_0144,15,20,0
W_N_0144,15,21,0
W_N_0144,15,22,0
W_N_0144,15,23,0
W_N_0144,15,24,0
W_N_0144,15,25,0
W_N_0144,15,26,0
W_N_0144,15,27,0
W_N_0144,15,28,0
W_N_0144,15,29,0
W_N_0144,15,30,0
W_N_0144,15,31,0
W_N_0144,15,32,0
W_N_0144,15,33,0
W_N_0144,15,34,1
W_N_0144,16,0,0
W_N_0144,16,1,1
W_N_0144,16,2,0
W_N_0144,16,3,0
W_N_0144,16,4,0
W_N_0144,16,5,0
W_N_0144,16,6,0
W_N_0144,16,7,0
W_N_0144,16,8,0
W_N_0144,16,9,0
W_N_0144,16,10,0
W_N_0144,16,11,0
W_N_0144,16,12,0
W_N_0144,16,13,0
W_N_0144,16,14,0
W_N_0144,16,15,0
W_N_0144,16,16,0
W_N_0144,16,17,1
W_N_0144,16,18,0
W_N_0144,16,19,0
W_N_0144,16,20,0
W_N_0144,16,21,0
W_N_0144,16,22,0
W_N_0144,16,23,0
W_N_0144,16,24,0
W_N_0144,16,25,0
W_N_0144,16,26,0
W_N_0144,16,27,0
W_N_0144,16,28,0
W_N_0144,16,29,0
W_N_0144,16,30,0
W_N_0144,16,31,0
W_N_0144,16,32,0
W_N_0144,16,33,0
W_N_0144,16,34,0
W_N_0144,17,0,0
W_N_0144,17,1,0
W_N_0144,17,2,0
W_N_0144,17,3,1
W_N_0144,17,4,0
W_N_0144,17,5,0
W_N_0144,17,6,0
W_N_0144,17,7,0
W_N_0144,17,8,0
W_N_0144,17,9,0
W_N_0144,17,10,0
W_N_0144,17,11,0
W_N_0144,17,12,0
W_N_0144,17,13,0
W_N_0144,17,14,0
W_N_0144,17,15,0
W_N_0144,17,16,0
W_N_0144,17,17,0
W_N_0144,17,18,0
W_N_0144,17,19,0
W_N_0144,17,20,0
W_N_0144,17,21,0
W_N_0144,17,22,0
W_N_0144,17,23,0
W_N_0144,17,24,0
W_N_0144,17,25,0
W_N_0144,17,26,1
W_N_0144,17,27,1
W_N_0144,17,28,0
W_N_0144,17,29,0
W_N_0144,17,30,0
W_N_0144,17,31,0
W_N_0144,17,32,0
W_N_0144,17,33,0
W_N_0144,17,34,1
W_N_0144,18,0,0
W_N_0144,18,1,0
W_N_0144,18,2,0
W_N_0144,18,3,0
W_N_0144,18,4,0
W_N_0144,18,5,0
W_N_0144,18,6,0
W_N_0144,18,7,0
W_N_0144,18,8,0
W_N_0144,18,9,0
W_N_0144,18,10,1
W_N_0144,18,11,1
W_N_0144,18,12,0
W_N_0144,18,13,0
W_N_0144,18,14,0
W_N_0144,18,15,0
W_N_0144,18,16,0
W_N_0144,18,17,0
W_N_0144,18,18,1
W_N_0144,18,19,0
W_N_0144,18,20,0
W_N_0144,18,21,0
W_N_0144,18,22,0
W_N_0144,18,23,0
W_N_0144,18,24,0
W_N_0144,18,25,0
W_N_0144,18,26,0
W_N_0144,18,27,0
W_N_0144,18,28,0
W_N_0144,18,29,0
W_N_0144,18,30,0
W_N_0144,18,31,0
W_N_0144,18,32,1
W_N_0144,18,33,0
W_N_0144,18,34,0
W_N_0144,19,0,1
W_N_0144,19,1,0
W_N_0144,19,2,0
W_N_0144,19,3,0
W_N_0144,19,4,0
W_N_0144,19,5,0
W_N_0144,19,6,0
W_N_0144,19,7,0
W_N_0144,19,8,0
W_N_0144,19,9,0
W_N_0144,19,10,0
W_N_0144,19,11,0
W_N_0144,19,12,0
W_N_0144,19,13,0
W_N_0144,19,14,0
W_N_0144,19,15,0
W_N_0144,19,16,0
W_N_0144,19,17,0
W_N_0144,19,18,0
W_N_0144,19,19,1
W_N_0144,19,20,0
W_N_0144,19,21,0
W_N_0144,19,22,0
W_N_0144,19,23,0
W_N_0144,19,24,0
W_N_0144,19,25,0
W_N_0144,19,26,0
W_N_0144,19,27,0
W_N_0144,19,28,0
W_N_0144,19,29,0
W_N_0144,19,30,0
W_N_0144,19,31,1
W_N_0144,19,32,0
W_N_0144,19,33,0
W_N_0144,19,34,0
W_N_0144,20,1,1
W_N_0144,20,2,0
W_N_0144,20,3,0
W_N_0144,20,4,1
W_N_0144,20,5,0
W_N_0144,20,6,0
W_N_0144,20,7,0
W_N_0144,20,8,0
W_N_0144,20,9,0
W_N_0144,20,10,0
W_N_0144,20,11,0
W_N_0144,20,12,0
W_N_0144,20,13,0
W_N_0144,20,14,0
W_N_0144,20,15,0
W_N_0144,20,16,0
W_N_0144,20,17,0
W_N_0144,20,18,0
W_N_0144,20,19,0
W_N_0144,20,20,0
W_N_0144,20,21,0
W_N_0144,20,22,0
W_N_0144,20,23,0
W_N_0144,20,24,0
W_N_0144,20,25,0
W_N_0144,20,26,1
W_N_0144,20,27,0
W_N_0144,20,28,0
W_N_0144,20,29,1
W_N_0144,20,30,0
W_N_0144,20,31,0
W_N_0144,20,32,0
W_N_0144,20,33,1
W_N_0144,21,1,0
W_N_0144,21,2,0
W_N_0144,21,3,0
W_N_0144,21,4,0
W_N_0144,21,5,0
W_N_0144,21,6,0
W_N_0144,21,7,0
W_N_0144,21,8,0
W_N_0144,21,9,0
W_N_0144,21,10,0
W_N_0144,21,11,0
W_N_0144,21,12,0
W_N_0144,21,13,0
W_N_0144,21,14,0
W_N_0144,21,15,0
W_N_0144,21,16,0
W_N_0144,21,17,0
W_N_0144,21,18,0
W_N_0144,21,19,0
W_N_0144,21,20,0
W_N_0144,21,21,0
W_N_0144,21,22,0
W_N_0144,21,23,0
W_N_0144,21,24,0
W_N_0144,21,25,0
W_N_0144,21,26,0
W_N_0144,21,27,0
W_N_0144,21,28,0
W_N_0144,21,29,0
W_N_0144,21,30,0
W_N_0144,21,31,0
W_N_0144,21,32,0
W_N_0144,21,33,1
W_N_0144,22,1,0
W_N_0144,22,2,0
W_N_0144,22,3,0
W_N_0144,22,4,0
W_N_0144,22,5,0
W_N_0144,22,6,0
W_N_0144,22,7,0
W_N_0144,22,8,0
W_N_0144,22,9,0
W_N_0144,22,10,0
W_N_0144,22,11,0
W_N_0144,22,12,0
W_N_0144,22,13,0
W_N_0144,22,14,0
W_N_0144,22,15,0
W_N_0144,22,16,0
W_N_0144,22,17,0
W_N_0144,22,18,0
W_N_0144,22,19,0
W_N_0144,22,20,0
W_N_0144,22,21,0
W_N_0144,22,22,0
W_N_0144,22,23,0
W_N_0144,22,24,0
W_N_0144,22,25,0
W_N_0144,22,26,0
W_N_0144,22,27,0
W_N_0144,22,28,0
W_N_0144,22,29,0
W_N_0144,22,30,0
W_N_0144,22,31,0
W_N_0144,22,32,0
W_N_0144,22,33,0
W_N_0144,23,2,1
W_N_0144,23,3,1
W_N_0144,23,4,0
W_N_0144,23,5,0
W_N_0144,23,6,0
W_N_0144,23,7,0
W_N_0144,23,8,0
W_N_0144,23,9,0
W_N_0144,23,10,0
W_N_0144,23,11,0
W_N_0144,23,12,0
W_N_0144,23,13,0
W_N_0144,23,14,0
W_N_0144,23,15,0
W_N_0144,23,16,0
W_N_0144,23,17,0
W_N_0144,23,18,0
W_N_0144,23,19,0
W_N_0144,23,20,0
W_N_0144,23,21,0
W_N_0144,23,22,0
W_N_0144,23,23,0
W_N_0144,23,24,0
W_N_0144,23,25,0
W_N_0144,23,26,0
W_N_0144,23,27,0
W_N_0144,23,28,0
W_N_0144,23,29,0
W_N_0144,23,30,0
W_N_0144,23,31,0
W_N_0144,23,32,1
W_N_0144,24,2,0
W_N_0144,24,3,0
W_N_0144,24,4,0
W_N_0144,24,5,0
W_N_0144,24,6,0
W_N_0144,24,7,0
W_N_0144,24,8,0
W_N_0144,24,9,0
W_N_0144,24,10,0
W_N_0144,24,11,0
W_N_0144,24,12,0
W_N_0144,24,13,1
W_N_0144,24,14,0
W_N_0144,24,15,0
W_N_0144,24,16,0
W_N_0144,24,17,1
W_N_0144,24,18,0
W_N_0144,24,19,0
W_N_0144,24,20,1
W_N_0144,24,21,0
W_N_0144,24,22,0
W_N_0144,24,23,0
W_N_0144,24,24,0
W_N_0144,24,25,0
W_N_0144,24,26,0
W_N_0144,24,27,0
W_N_0144,24,28,0
W_N_0144,24,29,0
W_N_0144,24,30,0
W_N_0144,24,31,0
W_N_0144,24,32,0
W_N_0144,25,3,1
W_N_0144,25,4,0
W_N_0144,25,5,0
W_N_0144,25,6,0
W_N_0144,25,7,0
W_N_0144,25,8,0
W_N_0144,25,9,0
W_N_0144,25,10,0
W_N_0144,25,11,0
W_N_0144,25,12,0
W_N_0144,25,13,0
W_N_0144,25,14,0
W_N_0144,25,15,0
W_N_0144,25,16,0
W_N_0144,25,17,0
W_N_0144,25,18,0
W_N_0144,25,19,0
W_N_0144,25,20,0
W_N_0144,25,21,0
W_N_0144,25,22,0
W_N_0144,25,23,0
W_N_0144,25,24,0
W_N_0144,25,25,0
W_N_0144,25,26,0
W_N_0144,25,27,1
W_N_0144,25,28,0
W_N_0144,25,29,0
W_N_0144,25,30,0
W_N_0144,25,31,1
W_N_0144,26,4,1
W_N_0144,26,5,0
W_N_0144,26,6,0
W_N_0144,26,7,0
W_N_0144,26,8,0
W_N_0144,26,9,1
W_N_0144,26,10,0
W_N_0144,26,11,1
W_N_0144,26,12,1
W_N_0144,26,13,0
W_N_0144,26,14,0
W_N_0144,26,15,0
W_N_0144,26,16,0
W_N_0144,26,17,0
W_N_0144,26,18,0
W_N_0144,26,19,0
W_N_0144,26,20,0
W_N_0144,26,21,0
W_N_0144,26,22,0
W_N_0144,26,23,0
W_N_0144,26,24,0
W_N_0144,26,25,0
W_N_0144,26,26,0
W_N_0144,26,27,0
W_N_0144,26,28,0
W_N_0144,26,29,0
W_N_0144,26,30,0
W_N_0144,27,5,0
W_N_0144,27,6,1
W_N_0144,27,7,0
W_N_0144,27,8,0
W_N_0144,27,9,0
W_N_0144,27,10,0
W_N_0144,27,11,0
W_N_0144,27,12,0
W_N_0144,27,13,0
W_N_0144,27,14,0
W_N_0144,27,15,0
W_N_0144,27,16,0
W_N_0144,27,17,0
W_N_0144,27,18,0
W_N_0144,27,19,0
W_N_0144,27,20,0
W_N_0144,27,21,0
W_N_0144,27,22,0
W_N_0144,27,23,0
W_N_0144,27,24,0
W_N_0144,27,25,0
W_N_0144,27,26,0
W_N_0144,27,27,0
W_N_0144,27,28,0
W_N_0144,27,29,0
W_N_0144,28,6,0
W_N_0144,28,7,0
W_N_0144,28,8,1
W_N_0144,28,9,1
W_N_0144,28,10,0
W_N_0144,28,11,0
W_N_0144,28,12,0
W_N_0144,28,13,0
W_N_0144,28,14,0
W_N_0144,28,15,0
W_N_0144,28,16,0
W_N_0144,28,17,0
W_N_0144,28,18,0
W_N_0144,28,19,0
W_N_0144,28,20,1
W_N_0144,28,21,1
W_N_0144,28,22,0
W_N_0144,28,23,0
W_N_0144,28,24,0
W_N_0144,28,25,1
W_N_0144,28,26,0
W_N_0144,28,27,0
W_N_0144,28,28,0
W_N_0144,29,7,0
W_N_0144,29,8,0
W_N_0144,29,9,0
W_N_0144,29,10,0
W_N_0144,29,11,0
W_N_0144,29,12,0
W_N_0144,29,13,0
W_N_0144,29,14,0
W_N_0144,29,15,0
W_N_0144,29,16,0
W_N_0144,29,17,0
W_N_0144,29,18,0
W_N_0144,29,19,0
W_N_0144,29,20,0
W_N_0144,29,21,0
W_N_0144,29,22,0
W_N_0144,29,23,0
W_N_0144,29,24,0
W_N_0144,29,25,0
W_N_0144,29,26,1
W_N_0144,29,27,1
W_N_0144,30,8,0
W_N_0144,30,9,0
W_N_0144,30,10,0
W_N_0144,30,11,0
W_N_0144,30,12,0
W_N_0144,30,13,0
W_N_0144,30,14,0
W_N_0144,30,15,0
W_N_0144,30,16,0
W_N_0144,30,17,0
W_N_0144,30,18,0
W_N_0144,30,19,0
W_N_0144,30,20,0
W_N_0144,30,21,0
W_N_0144,30,22,0
W_N_0144,30,23,0
W_N_0144,30,24,0
W_N_0144,30,25,0
W_N_0144,31,10,0
W_N_0144,31,11,0
W_N_0144,31,12,0
W_N_0144,31,13,0
W_N_0144,31,14,0
W_N_0144,31,15,0
W_N_0144,31,16,0
W_N_0144,31,17,0
W_N_0144,31,18,0
W_N_0144,31,19,0
W_N_0144,31,20,0
W_N_0144,31,21,0
W_N_0144,31,22,0
W_N_0144,31,23,0
W_N_0144,31,24,0
W_N_0144,32,13,1
W_N_0144,32,14,1
W_N_0144,32,15,0
W_N_0144,32,16,1
W_N_0144,32,17,0
W_N_0144,32,18,1
W_N_0144,32,19,0
W_N_0144,32,20,0
W_N_0144,32,21,0
W_N_0077,0,14,1
W_N_0077,0,15,0
W_N_0077,0,16,0
W_N_0077,0,17,1
W_N_0077,0,18,1
W_N_0077,0,19,0
W_N_0077,0,20,0
W_N_0077,0,21,0
W_N_0077,0,22,1
W_N_0077,1,12,1
W_N_0077,1,13,0
W_N_0077,1,14,1
W_N_0077,1,15,0
W_N_0077,1,16,0
W_N_0077,1,17,0
W_N_0077,1,18,1
W_N_0077,1,19,0
W_N_0077,1,20,0
W_N_0077,1,21,1
W_N_0077,1,22,0
W_N_0077,1,23,0
W_N_0077,1,24,0
W_N_0077,2,10,0
W_N_0077,2,11,0
W_N_0077,2,12,0
W_N_0077,2,13,0
W_N_0077,2,14,0
W_N_0077,2,15,0
W_N_0077,2,16,0
W_N_0077,2,17,0
W_N_0077,2,18,0
W_N_0077,2,19,0
W_N_0077,2,20,0
W_N_0077,2,21,0
W_N_0077,2,22,0
W_N_0077,2,23,0
W_N_0077,2,24,0
W_N_0077,2,25,0
W_N_0077,2,26,0
W_N_0077,3,8,1
W_N_0077,3,9,0
W_N_0077,3,10,0
W_N_0077,3,11,0
W_N_0077,3,12,1
W_N_0077,3,13,0
W_N_0077,3,14,0
W_N_0077,3,15,0
W_N_0077,3,16,0
W_N_0077,3,17,0
W_N_0077,3,18,0
W_N_0077,3,19,0
W_N_0077,3,20,0
W_N_0077,3,21,1
W_N_0077,3,22,0
W_N_0077,3,23,0
W_N_0077,3,24,0
W_N_0077,3,25,0
W_N_0077,3,26,0
W_N_0077,3,27,0
W_N_0077,3,28,1
W_N_0077,4,7,0
W_N_0077,4,8,1
W_N_0077,4,9,0
W_N_0077,4,10,0
W_N_0077,4,11,0
W_N_0077,4,12,0
W_N_0077,4,13,0
W_N_0077,4,14,0
W_N_0077,4,15,0
W_N_0077,4,16,0
W_N_0077,4,17,0
W_N_0077,4,18,0
W_N_0077,4,19,0
W_N_0077,4,20,0
W_N_0077,4,21,0
W_N_0077,4,22,0
W_N_0077,4,23,0
W_N_0077,4,24,0
W_N_0077,4,25,0
W_N_0077,4,26,0
W_N_0077,4,27,0
W_N_0077,4,28,1
W_N_0077,4,29,1
W_N_0077,5,6,1
W_N_0077,5,7,0
W_N_0077,5,8,0
W_N_0077,5,9,0
W_N_0077,5,10,0
W_N_0077,5,11,0
W_N_0077,5,12,0
W_N_0077,5,13,0
W_N_0077,5,14,0
W_N_0077,5,15,0
W_N_0077,5,16,0
W_N_0077,5,17,0
W_N_0077,5,18,0
W_N_0077,5,19,0
W_N_0077,5,20,0
W_N_0077,5,21,0
W_N_0077,5,22,0
W_N_0077,5,23,0
W_N_0077,5,24,0
W_N_0077,5,25,0
W_N_0077,5,26,0
W_N_0077,5,27,0
W_N_0077,5,28,0
W_N_0077,5,29,0
W_N_0077,5,30,0
W_N_0077,6,5,0
W_N_0077,6,6,0
W_N_0077,6,7,0
W_N_0077,6,8,0
W_N_0077,6,9,0
W_N_0077,6,10,0
W_N_0077,6,11,0
W_N_0077,6,12,0
W_N_0077,6,13,0
W_N_0077,6,14,0
W_N_0077,6,15,0
W_N_0077,6,16,0
W_N_0077,6,17,0
W_N_0077,6,18,0
W_N_0077,6,19,0
W_N_0077,6,20,1
W_N_0077,6,21,0
W_N_0077,6,22,0
W_N_0077,6,23,0
W_N_0077,6,24,0
W_N_0077,6,25,0
W_N_0077,6,26,0
W_N_0077,6,27,0
W_N_0077,6,28,0
W_N_0077,6,29,0
W_N_0077,6,30,0
W_N_0077,6,31,1
W_N_0077,7,4,0
W_N_0077,7,5,0
W_N_0077,7,6,0
W_N_0077,7,7,0
W_N_0077,7,8,0
W_N_0077,7,9,0
W_N_0077,7,10,0
W_N_0077,7,11,0
W_N_0077,7,12,0
W_N_0077,7,13,0
W_N_0077,7,14,0
W_N_0077,7,15,0
W_N_0077,7,16,0
W_N_0077,7,17,0
W_N_0077,7,18,0
W_N_0077,7,19,0
W_N_0077,7,20,0
W_N_0077,7,21,1
W_N_0077,7,22,0
W_N_0077,7,23,0
W_N_0077,7,24,1
W_N_0077,7,25,0
W_N_0077,7,26,0
W_N_0077,7,27,0
W_N_0077,7,28,0
W_N_0077,7,29,0
W_N_0077,7,30,0
W_N_0077,7,31,0
W_N_0077,7,32,0
W_N_0077,8,4,0
W_N_0077,8,5,0
W_N_0077,8,6,0
W_N_0077,8,7,0
W_N_0077,8,8,0
W_N_0077,8,9,0
W_N_0077,8,10,1
W_N_0077,8,11,0
W_N_0077,8,12,0
W_N_0077,8,13,0
W_N_0077,8,14,0
W_N_0077,8,15,0
W_N_0077,8,16,0
W_N_0077,8,17,0
W_N_0077,8,18,0
W_N_0077,8,19,0
W_N_0077,8,20,0
W_N_0077,8,21,0
W_N_0077,8,22,0
W_N_0077,8,23,0
W_N_0077,8,24,0
W_N_0077,8,25,0
W_N_0077,8,26,0
W_N_0077,8,27,0
W_N_0077,8,28,0
W_N_0077,8,29,0
W_N_0077,8,30,0
W_N_0077,8,31,0
W_N_0077,8,32,1
W_N_0077,9,3,0
W_N_0077,9,4,0
W_N_0077,9,5,0
W_N_0077,9,6,0
W_N_0077,9,7,0
W_N_0077,9,8,0
W_N_0077,9,9,0
W_N_0077,9,10,0
W_N_0077,9,11,1
W_N_0077,9,12,0
W_N_0077,9,13,0
W_N_0077,9,14,1
W_N_0077,9,15,0
W_N_0077,9,16,0
W_N_0077,9,17,1
W_N_0077,9,18,0
W_N_0077,9,19,0
W_N_0077,9,20,0
W_N_0077,9,21,0
W_N_0077,9,22,0
W_N_0077,9,23,0
W_N_0077,9,24,0
W_N_0077,9,25,0
W_N_0077,9,26,0
W_N_0077,9,27,0
W_N_0077,9,28,1
W_N_0077,9,29,0
W_N_0077,9,30,0
W_N_0077,9,31,0
W_N_0077,9,32,0
W_N_0077,9,33,0
W_N_0077,10,3,0
W_N_0077,10,4,0
W_N_0077,10,5,0
W_N_0077,10,6,0
W_N_0077,10,7,0
W_N_0077,10,8,0
W_N_0077,10,9,0
W_N_0077,10,10,0
W_N_0077,10,11,0
W_N_0077,10,12,0
W_N_0077,10,13,0
W_N_0077,10,14,1
W_N_0077,10,15,0
W_N_0077,10,16,0
W_N_0077,10,17,0
W_N_0077,10,18,0
W_N_0077,10,19,0
W_N_0077,10,20,0
W_N_0077,10,21,0
W_N_0077,10,22,0
W_N_0077,10,23,1
W_N_0077,10,24,1
W_N_0077,10,25,0
W_N_0077,10,26,0
W_N_0077,10,27,0
W_N_0077,10,28,0
W_N_0077,10,29,0
W_N_0077,10,30,0
W_N_0077,10,31,0
W_N_0077,10,32,1
W_N_0077,10,33,0
W_N_0077,11,2,1
W_N_0077,11,3,0
W_N_0077,11,4,0
W_N_0077,11,5,0
W_N_0077,11,6,0
W_N_0077,11,7,0
W_N_0077,11,8,0
W_N_0077,11,9,0
W_N_0077,11,10,0
W_N_0077,11,11,0
W_N_0077,11,12,0
W_N_0077,11,13,0
W_N_0077,11,14,0
W_N_0077,11,15,0
W_N_0077,11,16,0
W_N_0077,11,17,0
W_N_0077,11,18,1
W_N_0077,11,19,0
W_N_0077,11,20,0
W_N_0077,11,21,0
W_N_0077,11,22,0
W_N_0077,11,23,0
W_N_0077,11,24,0
W_N_0077,11,25,0
W_N_0077,11,26,0
W_N_0077,11,27,0
W_N_0077,11,28,0
W_N_0077,11,29,1
W_N_0077,11,30,0
W_N_0077,11,31,0
W_N_0077,11,32,0
W_N_0077,11,33,1
W_N_0077,11,34,0
W_N_0077,12,2,0
W_N_0077,12,3,1
W_N_0077,12,4,0
W_N_0077,12,5,0
W_N_0077,12,6,0
W_N_0077,12,7,0
W_N_0077,12,8,1
W_N_0077,12,9,0
W_N_0077,12,10,0
W_N_0077,12,11,0
W_N_0077,12,12,0
W_N_0077,12,13,0
W_N_0077,12,14,0
W_N_0077,12,15,0
W_N_0077,12,16,0
W_N_0077,12,17,0
W_N_0077,12,18,0
W_N_0077,12,19,0
W_N_0077,12,20,0
W_N_0077,12,21,0
W_N_0077,12,22,0
W_N_0077,12,23,0
W_N_0077,12,24,0
W_N_0077,12,25,0
W_N_0077,12,26,0
W_N_0077,12,27,0
W_N_0077,12,28,0
W_N_0077,12,29,0
W_N_0077,12,30,0
W_N_0077,12,31,0
W_N_0077,12,32,0
W_N_0077,12,33,0
W_N_0077,12,34,0
W_N_0077,13,1,1
W_N_0077,13,2,0
W_N_0077,13,3,1
W_N_0077,13,4,0
W_N_0077,13,5,0
W_N_0077,13,6,0
W_N_0077,13,7,0
W_N_0077,13,8,0
W_N_0077,13,9,0
W_N_0077,13,10,0
W_N_0077,13,11,0
W_N_0077,13,12,0
W_N_0077,13,13,0
W_N_0077,13,14,0
W_N_0077,13,15,0
W_N_0077,13,16,0
W_N_0077,13,17,0
W_N_0077,13,18,0
W_N_0077,13,19,1
W_N_0077,13,20,0
W_N_0077,13,21,0
W_N_0077,13,22,0
W_N_0077,13,23,0
W_N_0077,13,24,0
W_N_0077,13,25,0
W_N_0077,13,26,0
W_N_0077,13,27,1
W_N_0077,13,28,0
W_N_0077,13,29,0
W_N_0077,13,30,0
W_N_0077,13,31,0
W_N_0077,13,32,0
W_N_0077,13,33,0
W_N_0077,13,34,0
W_N_0077,13,35,0
W_N_0077,14,1,1
W_N_0077,14,2,1
W_N_0077,14,3,0
W_N_0077,14,4,0
W_N_0077,14,5,0
W_N_0077,14,6,0
W_N_0077,14,7,0
W_N_0077,14,8,0
W_N_0077,14,9,0
W_N_0077,14,10,0
W_N_0077,14,11,0
W_N_0077,14,12,0
W_N_0077,14,13,0
W_N_0077,14,14,0
W_N_0077,14,15,0
W_N_0077,14,16,0
W_N_0077,14,17,1
W_N_0077,14,18,0
W_N_0077,14,19,0
W_N_0077,14,20,0
W_N_0077,14,21,0
W_N_0077,14,22,0
W_N_0077,14,23,0
W_N_0077,14,24,0
W_N_0077,14,25,0
W_N_0077,14,26,0
W_N_0077,14,27,0
W_N_0077,14,28,0
W_N_0077,14,29,0
W_N_0077,14,30,0
W_N_0077,14,31,0
W_N_0077,14,32,0
W_N_0077,14,33,0
W_N_0077,14,34,0
W_N_0077,14,35,0
W_N_0077,15,1,0
W_N_0077,15,2,0
W_N_0077,15,3,0
W_N_0077,15,4,0
W_N_0077,15,5,0
W_N_0077,15,6,0
W_N_0077,15,7,0
W_N_0077,15,8,0
W_N_0077,15,9,1
W_N_0077,15,10,0
W_N_0077,15,11,0
W_N_0077,15,12,0
W_N_0077,15,13,0
W_N_0077,15,14,0
W_N_0077,15,15,0
W_N_0077,15,16,0
W_N_0077,15,17,0
W_N_0077,15,18,0
W_N_0077,15,19,0
W_N_0077,15,20,1
W_N_0077,15,21,0
W_N_0077,15,22,0
W_N_0077,15,23,0
W_N_0077,15,24,0
W_N_0077,15,25,0
W_N_0077,15,26,0
W_N_0077,15,27,0
W_N_0077,15,28,1
W_N_0077,15,29,1
W_N_0077,15,30,0
W_N_0077,15,31,0
W_N_0077,15,32,0
W_N_0077,15,33,0
W_N_0077,15,34,0
W_N_0077,15,35,0
W_N_0077,16,1,0
W_N_0077,16,2,1
W_N_0077,16,3,0
W_N_0077,16,4,1
W_N_0077,16,5,0
W_N_0077,16,6,0
W_N_0077,16,7,0
W_N_0077,16,8,0
W_N_0077,16,9,0
W_N_0077,16,10,0
W_N_0077,16,11,0
W_N_0077,16,12,0
W_N_0077,16,13,1
W_N_0077,16,14,1
W_N_0077,16,15,0
W_N_0077,16,16,0
W_N_0077,16,17,0
W_N_0077,16,18,0
W_N_0077,16,19,0
W_N_0077,16,20,0
W_N_0077,16,21,0
W_N_0077,16,22,0
W_N_0077,16,23,1
W_N_0077,16,24,0
W_N_0077,16,25,0
W_N_0077,16,26,0
W_N_0077,16,27,1
W_N_0077,16,28,1
W_N_0077,16,29,1
W_N_0077,16,30,0
W_N_0077,16,31,0
W_N_0077,16,32,0
W_N_0077,16,33,0
W_N_0077,16,34,0
W_N_0077,16,35,0
W_N_0077,17,0,1
W_N_0077,17,1,0
W_N_0077,17,2,0
W_N_0077,17,3,0
W_N_0077,17,4,0
W_N_0077,17,5,1
W_N_0077,17,6,0
W_N_0077,17,7,1
W_N_0077,17,8,0
W_N_0077,17,9,0
W_N_0077,17,10,0
W_N_0077,17,11,0
W_N_0077,17,12,0
W_N_0077,17,13,0
W_N_0077,17,14,0
W_N_0077,17,15,0
W_N_0077,17,16,0
W_N_0077,17,17,0
W_N_0077,17,18,0
W_N_0077,17,19,0
W_N_0077,17,20,0
W_N_0077,17,21,0
W_N_0077,17,22,0
W_N_0077,17,23,0
W_N_0077,17,24,0
W_N_0077,17,25,0
W_N_0077,17,26,0
W_N_0077,17,27,0
W_N_0077,17,28,0
W_N_0077,17,29,0
W_N_0077,17,30,0
W_N_0077,17,31,0
W_N_0077,17,32,1
W_N_0077,17,33,1
W_N_0077,17,34,1
W_N_0077,17,35,1
W_N_0077,17,36,0
W_N_0077,18,0,1
W_N_0077,18,1,0
W_N_0077,18,2,0
W_N_0077,18,3,0
W_N_0077,18,4,1
W_N_0077,18,5,0
W_N_0077,18,6,1
W_N_0077,18,7,0
W_N_0077,18,8,0
W_N_0077,18,9,0
W_N_0077,18,10,0
W_N_0077,18,11,1
W_N_0077,18,12,0
W_N_0077,18,13,0
W_N_0077,18,14,0
W_N_0077,18,15,0
W_N_0077,18,16,0
W_N_0077,18,17,0
W_N_0077,18,18,0
W_N_0077,18,19,0
W_N_0077,18,20,0
W_N_0077,18,21,0
W_N_0077,18,22,0
W_N_0077,18,23,1
W_N_0077,18,24,0
W_N_0077,18,25,0
W_N_0077,18,26,0
W_N_0077,18,27,0
W_N_0077,18,28,0
W_N_0077,18,29,0
W_N_0077,18,30,1
W_N_0077,18,31,0
W_N_0077,18,32,0
W_N_0077,18,33,0
W_N_0077,18,34,0
W_N_0077,18,35,0
W_N_0077,18,36,1
W_N_0077,19,0,1
W_N_0077,19,1,0
W_N_0077,19,2,0
W_N_0077,19,3,0
W_N_0077,19,4,0
W_N_0077,19,5,0
W_N_0077,19,6,1
W_N_0077,19,7,0
W_N_0077,19,8,0
W_N_0077,19,9,0
W_N_0077,19,10,0
W_N_0077,19,11,0
W_N_0077,19,12,0
W_N_0077,19,13,0
W_N_0077,19,14,0
W_N_0077,19,15,0
W_N_0077,19,16,0
W_N_0077,19,17,0
W_N_0077,19,18,1
W_N_0077,19,19,0
W_N_0077,19,20,0
W_N_0077,19,21,0
W_N_0077,19,22,0
W_N_0077,19,23,0
W_N_0077,19,24,0
W_N_0077,19,25,0
W_N_0077,19,26,0
W_N_0077,19,27,1
W_N_0077,19,28,0
W_N_0077,19,29,0
W_N_0077,19,30,0
W_N_0077,19,31,0
W_N_0077,19,32,0
W_N_0077,19,33,0
W_N_0077,19,34,0
W_N_0077,19,35,0
W_N_0077,19,36,1
W_N_0077,20,0,1
W_N_0077,20,1,0
W_N_0077,20,2,1
W_N_0077,20,3,0
W_N_0077,20,4,0
W_N_0077,20,5,0
W_N_0077,20,6,1
W_N_0077,20,7,0
W_N_0077,20,8,0
W_N_0077,20,9,0
W_N_0077,20,10,0
W_N_0077,20,11,0
W_N_0077,20,12,0
W_N_0077,20,13,0
W_N_0077,20,14,0
W_N_0077,20,15,0
W_N_0077,20,16,0
W_N_0077,20,17,0
W_N_0077,20,18,0
W_N_0077,20,19,0
W_N_0077,20,20,0
W_N_0077,20,21,0
W_N_0077,20,22,0
W_N_0077,20,23,0
W_N_0077,20,24,0
W_N_0077,20,25,0
W_N_0077,20,26,0
W_N_0077,20,27,1
W_N_0077,20,28,0
W_N_0077,20,29,0
W_N_0077,20,30,0
W_N_0077,20,31,0
W_N_0077,20,32,0
W_N_0077,20,33,0
W_N_0077,20,34,0
W_N_0077,20,35,0
W_N_0077,20,36,1
W_N_0077,21,0,1
W_N_0077,21,1,1
W_N_0077,21,2,0
W_N_0077,21,3,0
W_N_0077,21,4,1
W_N_0077,21,5,0
W_N_0077,21,6,0
W_N_0077,21,7,0
W_N_0077,21,8,0
W_N_0077,21,9,1
W_N_0077,21,10,0
W_N_0077,21,11,0
W_N_0077,21,12,1
W_N_0077,21,13,0
W_N_0077,21,14,0
W_N_0077,21,15,0
W_N_0077,21,16,0
W_N_0077,21,17,0
W_N_0077,21,18,0
W_N_0077,21,19,0
W_N_0077,21,20,1
W_N_0077,21,21,0
W_N_0077,21,22,0
W_N_0077,21,23,1
W_N_0077,21,24,0
W_N_0077,21,25,0
W_N_0077,21,26,0
W_N_0077,21,27,0
W_N_0077,21,28,1
W_N_0077,21,29,0
W_N_0077,21,30,0
W_N_0077,21,31,0
W_N_0077,21,32,1
W_N_0077,21,33,0
W_N_0077,21,34,0
W_N_0077,21,35,0
W_N_0077,21,36,1
W_N_0077,22,1,0
W_N_0077,22,2,0
W_N_0077,22,3,0
W_N_0077,22,4,1
W_N_0077,22,5,0
W_N_0077,22,6,1
W_N_0077,22,7,0
W_N_0077,22,8,1
W_N_0077,22,9,0
W_N_0077,22,10,0
W_N_0077,22,11,0
W_N_0077,22,12,0
W_N_0077,22,13,0
W_N_0077,22,14,0
W_N_0077,22,15,0
W_N_0077,22,16,0
W_N_0077,22,17,0
W_N_0077,22,18,0
W_N_0077,22,19,0
W_N_0077,22,20,0
W_N_0077,22,21,0
W_N_0077,22,22,0
W_N_0077,22,23,0
W_N_0077,22,24,0
W_N_0077,22,25,1
W_N_0077,22,26,0
W_N_0077,22,27,0
W_N_0077,22,28,0
W_N_0077,22,29,0
W_N_0077,22,30,0
W_N_0077,22,31,0
W_N_0077,22,32,0
W_N_0077,22,33,0
W_N_0077,22,34,0
W_N_0077,22,35,0
W_N_0077,23,1,0
W_N_0077,23,2,0
W_N_0077,23,3,0
W_N_0077,23,4,0
W_N_0077,23,5,1
W_N_0077,23,6,0
W_N_0077,23,7,0
W_N_0077,23,8,0
W_N_0077,23,9,0
W_N_0077,23,10,0
W_N_0077,23,11,0
W_N_0077,23,12,0
W_N_0077,23,13,0
W_N_0077,23,14,0
W_N_0077,23,15,0
W_N_0077,23,16,0
W_N_0077,23,17,0
W_N_0077,23,18,0
W_N_0077,23,19,0
W_N_0077,23,20,0
W_N_0077,23,21,1
W_N_0077,23,22,0
W_N_0077,23,23,0
W_N_0077,23,24,0
W_N_0077,23,25,1
W_N_0077,23,26,0
W_N_0077,23,27,0
W_N_0077,23,28,0
W_N_0077,23,29,0
W_N_0077,23,30,0
W_N_0077,23,31,0
W_N_0077,23,32,0
W_N_0077,23,33,0
W_N_0077,23,34,0
W_N_0077,23,35,0
W_N_0077,24,1,1
W_N_0077,24,2,0
W_N_0077,24,3,0
W_N_0077,24,4,0
W_N_0077,24,5,0
W_N_0077,24,6,0
W_N_0077,24,7,0
W_N_0077,24,8,1
W_N_0077,24,9,0
W_N_0077,24,10,0
W_N_0077,24,11,0
W_N_0077,24,12,0
W_N_0077,24,13,0
W_N_0077,24,14,0
W_N_0077,24,15,0
W_N_0077,24,16,0
W_N_0077,24,17,0
W_N_0077,24,18,1
W_N_0077,24,19,0
W_N_0077,24,20,0
W_N_0077,24,21,0
W_N_0077,24,22,1
W_N_0077,24,23,0
W_N_0077,24,24,0
W_N_0077,24,25,0
W_N_0077,24,26,0
W_N_0077,24,27,0
W_N_0077,24,28,0
W_N_0077,24,29,0
W_N_0077,24,30,0
W_N_0077,24,31,1
W_N_0077,24,32,1
W_N_0077,24,33,1
W_N_0077,24,34,0
W_N_0077,24,35,1
W_N_0077,25,1,0
W_N_0077,25,2,0
W_N_0077,25,3,0
W_N_0077,25,4,0
W_N_0077,25,5,0
W_N_0077,25,6,0
W_N_0077,25,7,0
W_N_0077,25,8,0
W_N_0077,25,9,0
W_N_0077,25,10,0
W_N_0077,25,11,0
W_N_0077,25,12,0
W_N_0077,25,13,0
W_N_0077,25,14,0
W_N_0077,25,15,0
W_N_0077,25,16,0
W_N_0077,25,17,0
W_N_0077,25,18,0
W_N_0077,25,19,0
W_N_0077,25,20,0
W_N_0077,25,21,0
W_N_0077,25,22,0
W_N_0077,25,23,0
W_N_0077,25,24,0
W_N_0077,25,25,0
W_N_0077,25,26,0
W_N_0077,25,27,0
W_N_0077,25,28,0
W_N_0077,25,29,0
W_N_0077,25,30,0
W_N_0077,25,31,0
W_N_0077,25,32,0
W_N_0077,25,33,0
W_N_0077,25,34,0
W_N_0077,25,35,1
W_N_0077,26,2,0
W_N_0077,26,3,0
W_N_0077,26,4,0
W_N_0077,26,5,0
W_N_0077,26,6,0
W_N_0077,26,7,0
W_N_0077,26,8,1
W_N_0077,26,9,0
W_N_0077,26,10,0
W_N_0077,26,11,0
W_N_0077,26,12,0
W_N_0077,26,13,0
W_N_0077,26,14,0
W_N_0077,26,15,0
W_N_0077,26,16,1
W_N_0077,26,17,0
W_N_0077,26,18,0
W_N_0077,26,19,0
W_N_0077,26,20,0
W_N_0077,26,21,0
W_N_0077,26,22,0
W_N_0077,26,23,0
W_N_0077,26,24,0
W_N_0077,26,25,0
W_N_0077,26,26,0
W_N_0077,26,27,0
W_N_0077,26,28,0
W_N_0077,26,29,0
W_N_0077,26,30,0
W_N_0077,26,31,0
W_N_0077,26,32,0
W_N_0077,26,33,0
W_N_0077,26,34,0
W_N_0077,27,2,0
W_N_0077,27,3,0
W_N_0077,27,4,0
W_N_0077,27,5,0
W_N_0077,27,6,0
W_N_0077,27,7,1
W_N_0077,27,8,0
W_N_0077,27,9,0
W_N_0077,27,10,0
W_N_0077,27,11,0
W_N_0077,27,12,0
W_N_0077,27,13,0
W_N_0077,27,14,1
W_N_0077,27,15,0
W_N_0077,27,16,0
W_N_0077,27,17,0
W_N_0077,27,18,0
W_N_0077,27,19,0
W_N_0077,27,20,0
W_N_0077,27,21,0
W_N_0077,27,22,1
W_N_0077,27,23,0
W_N_0077,27,24,0
W_N_0077,27,25,0
W_N_0077,27,26,0
W_N_0077,27,27,0
W_N_0077,27,28,0
W_N_0077,27,29,0
W_N_0077,27,30,1
W_N_0077,27,31,0
W_N_0077,27,32,0
W_N_0077,27,33,0
W_N_0077,27,34,0
W_N_0077,28,3,0
W_N_0077,28,4,0
W_N_0077,28,5,1
W_N_0077,28,6,0
W_N_0077,28,7,0
W_N_0077,28,8,0
W_N_0077,28,9,0
W_N_0077,28,10,0
W_N_0077,28,11,0
W_N_0077,28,12,0
W_N_0077,28,13,0
W_N_0077,28,14,0
W_N_0077,28,15,0
W_N_0077,28,16,0
W_N_0077,28,17,0
W_N_0077,28,18,0
W_N_0077,28,19,0
W_N_0077,28,20,1
W_N_0077,28,21,0
W_N_0077,28,22,1
W_N_0077,28,23,0
W_N_0077,28,24,1
W_N_0077,28,25,0
W_N_0077,28,26,0
W_N_0077,28,27,0
W_N_0077,28,28,0
W_N_0077,28,29,0
W_N_0077,28,30,0
W_N_0077,28,31,0
W_N_0077,28,32,0
W_N_0077,28,33,0
W_N_0077,29,3,0
W_N_0077,29,4,0
W_N_0077,29,5,1
W_N_0077,29,6,0
W_N_0077,29,7,0
W_N_0077,29,8,0
W_N_0077,29,9,1
W_N_0077,29,10,0
W_N_0077,29,11,0
W_N_0077,29,12,0
W_N_0077,29,13,0
W_N_0077,29,14,0
W_N_0077,29,15,0
W_N_0077,29,16,0
W_N_0077,29,17,1
W_N_0077,29,18,0
W_N_0077,29,19,0
W_N_0077,29,20,0
W_N_0077,29,21,0
W_N_0077,29,22,0
W_N_0077,29,23,0
W_N_0077,29,24,0
W_N_0077,29,25,0
W_N_0077,29,26,0
W_N_0077,29,27,0
W_N_0077,29,28,0
W_N_0077,29,29,0
W_N_0077,29,30,0
W_N_0077,29,31,0
W_N_0077,29,32,0
W_N_0077,29,33,0
W_N_0077,30,4,0
W_N_0077,30,5,0
W_N_0077,30,6,1
W_N_0077,30,7,0
W_N_0077,30,8,0
W_N_0077,30,9,0
W_N_0077,30,10,0
W_N_0077,30,11,0
W_N_0077,30,12,1
W_N_0077,30,13,0
W_N_0077,30,14,0
W_N_0077,30,15,0
W_N_0077,30,16,0
W_N_0077,30,17,0
W_N_0077,30,18,1
W_N_0077,30,19,0
W_N_0077,30,20,0
W_N_0077,30,21,0
W_N_0077,30,22,1
W_N_0077,30,23,0
W_N_0077,30,24,0
W_N_0077,30,25,0
W_N_0077,30,26,0
W_N_0077,30,27,0
W_N_0077,30,28,0
W_N_0077,30,29,1
W_N_0077,30,30,0
W_N_0077,30,31,0
W_N_0077,30,32,0
W_N_0077,31,4,0
W_N_0077,31,5,0
W_N_0077,31,6,0
W_N_0077,31,7,0
W_N_0077,31,8,0
W_N_0077,31,9,0
W_N_0077,31,10,0
W_N_0077,31,11,0
W_N_0077,31,12,0
W_N_0077,31,13,0
W_N_0077,31,14,0
W_N_0077,31,15,0
W_N_0077,31,16,0
W_N_0077,31,17,0
W_N_0077,31,18,0
W_N_0077,31,19,0
W_N_0077,31,20,0
W_N_0077,31,21,0
W_N_0077,31,22,0
W_N_0077,31,23,0
W_N_0077,31,24,0
W_N_0077,31,25,1
W_N_0077,31,26,0
W_N_0077,31,27,0
W_N_0077,31,28,0
W_N_0077,31,29,0
W_N_0077,31,30,0
W_N_0077,31,31,0
W_N_0077,31,32,0
W_N_0077,32,5,0
W_N_0077,32,6,0
W_N_0077,32,7,0
W_N_0077,32,8,0
W_N_0077,32,9,0
W_N_0077,32,10,0
W_N_0077,32,11,0
W_N_0077,32,12,0
W_N_0077,32,13,0
W_N_0077,32,14,0
W_N_0077,32,15,1
W_N_0077,32,16,0
W_N_0077,32,17,0
W_N_0077,32,18,0
W_N_0077,32,19,0
W_N_0077,32,20,0
W_N_0077,32,21,0
W_N_0077,32,22,0
W_N_0077,32,23,0
W_N_0077,32,24,0
W_N_0077,32,25,1
W_N_0077,32,26,0
W_N_0077,32,27,0
W_N_0077,32,28,0
W_N_0077,32,29,1
W_N_0077,32,30,0
W_N_0077,32,31,0
W_N_0077,33,6,1
W_N_0077,33,7,0
W_N_0077,33,8,0
W_N_0077,33,9,0
W_N_0077,33,10,0
W_N_0077,33,11,0
W_N_0077,33,12,0
W_N_0077,33,13,0
W_N_0077,33,14,0
W_N_0077,33,15,0
W_N_0077,33,16,0
W_N_0077,33,17,0
W_N_0077,33,18,0
W_N_0077,33,19,1
W_N_0077,33,20,0
W_N_0077,33,21,0
W_N_0077,33,22,0
W_N_0077,33,23,0
W_N_0077,33,24,0
W_N_0077,33,25,0
W_N_0077,33,26,0
W_N_0077,33,27,0
W_N_0077,33,28,0
W_N_0077,33,29,0
W_N_0077,33,30,1
W_N_0077,34,7,0
W_N_0077,34,8,0
W_N_0077,34,9,0
W_N_0077,34,10,0
W_N_0077,34,11,0
W_N_0077,34,12,0
W_N_0077,34,13,0
W_N_0077,34,14,0
W_N_0077,34,15,0
W_N_0077,34,16,1
W_N_0077,34,17,0
W_N_0077,34,18,0
W_N_0077,34,19,1
W_N_0077,34,20,1
W_N_0077,34,21,0
W_N_0077,34,22,0
W_N_0077,34,23,0
W_N_0077,34,24,0
W_N_0077,34,25,0
W_N_0077,34,26,0
W_N_0077,34,27,0
W_N_0077,34,28,0
W_N_0077,34,29,0
W_N_0077,35,8,1
W_N_0077,35,9,0
W_N_0077,35,10,0
W_N_0077,35,11,0
W_N_0077,35,12,0
W_N_0077,35,13,0
W_N_0077,35,14,0
W_N_0077,35,15,0
W_N_0077,35,16,0
W_N_0077,35,17,0
W_N_0077,35,18,0
W_N_0077,35,19,1
W_N_0077,35,20,0
W_N_0077,35,21,0
W_N_0077,35,22,0
W_N_0077,35,23,0
W_N_0077,35,24,0
W_N_0077,35,25,0
W_N_0077,35,26,0
W_N_0077,35,27,1
W_N_0077,35,28,0
W_N_0077,36,10,0
W_N_0077,36,11,0
W_N_0077,36,12,0
W_N_0077,36,13,0
W_N_0077,36,14,0
W_N_0077,36,15,0
W_N_0077,36,16,0
W_N_0077,36,17,0
W_N_0077,36,18,0
W_N_0077,36,19,0
W_N_0077,36,20,0
W_N_0077,36,21,0
W_N_0077,36,22,0
W_N_0077,36,23,0
W_N_0077,36,24,0
W_N_0077,36,25,0
W_N_0077,36,26,1
W_N_0077,37,11,1
W_N_0077,37,12,1
W_N_0077,37,13,0
W_N_0077,37,14,0
W_N_0077,37,15,0
W_N_0077,37,16,0
W_N_0077,37,17,0
W_N_0077,37,18,0
W_N_0077,37,19,0
W_N_0077,37,20,1
W_N_0077,37,21,0
W_N_0077,37,22,1
W_N_0077,37,23,0
W_N_0077,37,24,0
W_N_0077,37,25,1
W_N_0077,38,14,1
W_N_0077,38,15,0
W_N_0077,38,16,0
W_N_0077,38,17,0
W_N_0077,38,18,0
W_N_0077,38,19,1
W_N_0077,38,20,0
W_N_0077,38,21,0
W_N_0077,38,22,0
W_N_0096,0,16,1
W_N_0096,0,17,1
W_N_0096,1,11,1
W_N_0096,1,12,0
W_N_0096,1,13,0
W_N_0096,1,14,0
W_N_0096,1,15,0
W_N_0096,1,16,0
W_N_0096,1,17,0
W_N_0096,1,18,1
W_N_0096,1,19,0
W_N_0096,1,20,1
W_N_0096,1,21,1
W_N_0096,1,22,0
W_N_0096,2,9,0
W_N_0096,2,10,0
W_N_0096,2,11,0
W_N_0096,2,12,0
W_N_0096,2,13,0
W_N_0096,2,14,0
W_N_0096,2,15,0
W_N_0096,2,16,0
W_N_0096,2,17,1
W_N_0096,2,18,0
W_N_0096,2,19,0
W_N_0096,2,20,0
W_N_0096,2,21,0
W_N_0096,2,22,1
W_N_0096,2,23,0
W_N_0096,2,24,1
W_N_0096,3,7,0
W_N_0096,3,8,0
W_N_0096,3,9,0
W_N_0096,3,10,0
W_N_0096,3,11,0
W_N_0096,3,12,0
W_N_0096,3,13,0
W_N_0096,3,14,0
W_N_0096,3,15,0
W_N_0096,3,16,0
W_N_0096,3,17,0
W_N_0096,3,18,0
W_N_0096,3,19,0
W_N_0096,3,20,0
W_N_0096,3,21,0
W_N_0096,3,22,0
W_N_0096,3,23,0
W_N_0096,3,24,1
W_N_0096,3,25,0
W_N_0096,3,26,0
W_N_0096,4,6,0
W_N_0096,4,7,0
W_N_0096,4,8,0
W_N_0096,4,9,0
W_N_0096,4,10,0
W_N_0096,4,11,0
W_N_0096,4,12,0
W_N_0096,4,13,0
W_N_0096,4,14,0
W_N_0096,4,15,0
W_N_0096,4,16,0
W_N_0096,4,17,0
W_N_0096,4,18,0
W_N_0096,4,19,1
W_N_0096,4,20,0
W_N_0096,4,21,0
W_N_0096,4,22,0
W_N_0096,4,23,0
W_N_0096,4,24,0
W_N_0096,4,25,1
W_N_0096,4,26,0
W_N_0096,4,27,1
W_N_0096,5,4,1
W_N_0096,5,5,0
W_N_0096,5,6,0
W_N_0096,5,7,0
W_N_0096,5,8,0
W_N_0096,5,9,0
W_N_0096,5,10,0
W_N_0096,5,11,0
W_N_0096,5,12,0
W_N_0096,5,13,0
W_N_0096,5,14,0
W_N_0096,5,15,0
W_N_0096,5,16,0
W_N_0096,5,17,0
W_N_0096,5,18,0
W_N_0096,5,19,0
W_N_0096,5,20,0
W_N_0096,5,21,0
W_N_0096,5,22,0
W_N_0096,5,23,0
W_N_0096,5,24,0
W_N_0096,5,25,0
W_N_0096,5,26,0
W_N_0096,5,27,0
W_N_0096,5,28,1
W_N_0096,6,3,1
W_N_0096,6,4,1
W_N_0096,6,5,0
W_N_0096,6,6,0
W_N_0096,6,7,0
W_N_0096,6,8,0
W_N_0096,6,9,0
W_N_0096,6,10,0
W_N_0096,6,11,0
W_N_0096,6,12,0
W_N_0096,6,13,0
W_N_0096,6,14,1
W_N_0096,6,15,0
W_N_0096,6,16,0
W_N_0096,6,17,0
W_N_0096,6,18,0
W_N_0096,6,19,0
W_N_0096,6,20,0
W_N_0096,6,21,0
W_N_0096,6,22,0
W_N_0096,6,23,0
W_N_0096,6,24,0
W_N_0096,6,25,0
W_N_0096,6,26,0
W_N_0096,6,27,0
W_N_0096,6,28,1
W_N_0096,6,29,0
W_N_0096,7,3,0
W_N_0096,7,4,0
W_N_0096,7,5,0
W_N_0096,7,6,0
W_N_0096,7,7,0
W_N_0096,7,8,0
W_N_0096,7,9,0
W_N_0096,7,10,0
W_N_0096,7,11,0
W_N_0096,7,12,0
W_N_0096,7,13,0
W_N_0096,7,14,0
W_N_0096,7,15,0
W_N_0096,7,16,0
W_N_0096,7,17,0
W_N_0096,7,18,0
W_N_0096,7,19,0
W_N_0096,7,20,0
W_N_0096,7,21,0
W_N_0096,7,22,0
W_N_0096,7,23,0
W_N_0096,7,24,1
W_N_0096,7,25,0
W_N_0096,7,26,0
W_N_0096,7,27,0
W_N_0096,7,28,0
W_N_0096,7,29,0
W_N_0096,7,30,0
W_N_0096,8,2,0
W_N_0096,8,3,0
W_N_0096,8,4,0
W_N_0096,8,5,0
W_N_0096,8,6,0
W_N_0096,8,7,0
W_N_0096,8,8,0
W_N_0096,8,9,0
W_N_0096,8,10,0
W_N_0096,8,11,0
W_N_0096,8,12,0
W_N_0096,8,13,0
W_N_0096,8,14,0
W_N_0096,8,15,0
W_N_0096,8,16,0
W_N_0096,8,17,0
W_N_0096,8,18,0
W_N_0096,8,19,0
W_N_0096,8,20,0
W_N_0096,8,21,0
W_N_0096,8,22,0
W_N_0096,8,23,0
W_N_0096,8,24,0
W_N_0096,8,25,0
W_N_0096,8,26,1
W_N_0096,8,27,0
W_N_0096,8,28,0
W_N_0096,8,29,0
W_N_0096,8,30,1
W_N_0096,8,31,0
W_N_0096,9,1,0
W_N_0096,9,2,0
W_N_0096,9,3,1
W_N_0096,9,4,0
W_N_0096,9,5,0
W_N_0096,9,6,0
W_N_0096,9,7,0
W_N_0096,9,8,0
W_N_0096,9,9,0
W_N_0096,9,10,0
W_N_0096,9,11,1
W_N_0096,9,12,0
W_N_0096,9,13,0
W_N_0096,9,14,0
W_N_0096,9,15,0
W_N_0096,9,16,0
W_N_0096,9,17,0
W_N_0096,9,18,0
W_N_0096,9,19,0
W_N_0096,9,20,0
W_N_0096,9,21,0
W_N_0096,9,22,0
W_N_0096,9,23,0
W_N_0096,9,24,0
W_N_0096,9,25,0
W_N_0096,9,26,0
W_N_0096,9,27,0
W_N_0096,9,28,0
W_N_0096,9,29,0
W_N_0096,9,30,1
W_N_0096,9,31,0
W_N_0096,10,1,1
W_N_0096,10,2,1
W_N_0096,10,3,0
W_N_0096,10,4,0
W_N_0096,10,5,0
W_N_0096,10,6,0
W_N_0096,10,7,0
W_N_0096,10,8,0
W_N_0096,10,9,0
W_N_0096,10,10,0
W_N_0096,10,11,0
W_N_0096,10,12,0
W_N_0096,10,13,0
W_N_0096,10,14,0
W_N_0096,10,15,0
W_N_0096,10,16,0
W_N_0096,10,17,0
W_N_0096,10,18,0
W_N_0096,10,19,0
W_N_0096,10,20,0
W_N_0096,10,21,0
W_N_0096,10,22,0
W_N_0096,10,23,0
W_N_0096,10,24,0
W_N_0096,10,25,0
W_N_0096,10,26,0
W_N_0096,10,27,0
W_N_0096,10,28,0
W_N_0096,10,29,0
W_N_0096,10,30,0
W_N_0096,10,31,0
W_N_0096,10,32,0
W_N_0096,11,1,0
W_N_0096,11,2,0
W_N_0096,11,3,0
W_N_0096,11,4,0
W_N_0096,11,5,0
W_N_0096,11,6,0
W_N_0096,11,7,0
W_N_0096,11,8,0
W_N_0096,11,9,1
W_N_0096,11,10,0
W_N_0096,11,11,0
W_N_0096,11,12,0
W_N_0096,11,13,0
W_N_0096,11,14,0
W_N_0096,11,15,0
W_N_0096,11,16,0
W_N_0096,11,17,0
W_N_0096,11,18,0
W_N_0096,11,19,0
W_N_0096,11,20,0
W_N_0096,11,21,0
W_N_0096,11,22,0
W_N_0096,11,23,1
W_N_0096,11,24,0
W_N_0096,11,25,0
W_N_0096,11,26,0
W_N_0096,11,27,0
W_N_0096,11,28,0
W_N_0096,11,29,0
W_N_0096,11,30,1
W_N_0096,11,31,0
W_N_0096,11,32,0
W_N_0096,12,0,0
W_N_0096,12,1,0
W_N_0096,12,2,0
W_N_0096,12,3,0
W_N_0096,12,4,1
W_N_0096,12,5,0
W_N_0096,12,6,0
W_N_0096,12,7,0
W_N_0096,12,8,0
W_N_0096,12,9,0
W_N_0096,12,10,0
W_N_0096,12,11,0
W_N_0096,12,12,0
W_N_0096,12,13,0
W_N_0096,12,14,0
W_N_0096,12,15,0
W_N_0096,12,16,0
W_N_0096,12,17,0
W_N_0096,12,18,0
W_N_0096,12,19,0
W_N_0096,12,20,0
W_N_0096,12,21,0
W_N_0096,12,22,0
W_N_0096,12,23,0
W_N_0096,12,24,0
W_N_0096,12,25,0
W_N_0096,12,26,0
W_N_0096,12,27,0
W_N_0096,12,28,0
W_N_0096,12,29,0
W_N_0096,12,30,0
W_N_0096,12,31,0
W_N_0096,12,32,0
W_N_0096,13,0,0
W_N_0096,13,1,0
W_N_0096,13,2,0
W_N_0096,13,3,0
W_N_0096,13,4,0
W_N_0096,13,5,1
W_N_0096,13,6,0
W_N_0096,13,7,0
W_N_0096,13,8,0
W_N_0096,13,9,0
W_N_0096,13,10,0
W_N_0096,13,11,0
W_N_0096,13,12,0
W_N_0096,13,13,0
W_N_0096,13,14,0
W_N_0096,13,15,0
W_N_0096,13,16,0
W_N_0096,13,17,0
W_N_0096,13,18,1
W_N_0096,13,19,0
W_N_0096,13,20,0
W_N_0096,13,21,0
W_N_0096,13,22,0
W_N_0096,13,23,0
W_N_0096,13,24,0
W_N_0096,13,25,1
W_N_0096,13,26,0
W_N_0096,13,27,0
W_N_0096,13,28,0
W_N_0096,13,29,0
W_N_0096,13,30,0
W_N_0096,13,31,0
W_N_0096,13,32,0
W_N_0096,13,33,0
W_N_0096,14,0,0
W_N_0096,14,1,0
W_N_0096,14,2,0
W_N_0096,14,3,0
W_N_0096,14,4,0
W_N_0096,14,5,0
W_N_0096,14,6,0
W_N_0096,14,7,0
W_N_0096,14,8,0
W_N_0096,14,9,0
W_N_0096,14,10,1
W_N_0096,14,11,0
W_N_0096,14,12,0
W_N_0096,14,13,0
W_N_0096,14,14,0
W_N_0096,14,15,0
W_N_0096,14,16,0
W_N_0096,14,17,0
W_N_0096,14,18,1
W_N_0096,14,19,0
W_N_0096,14,20,0
W_N_0096,14,21,0
W_N_0096,14,22,0
W_N_0096,14,23,0
W_N_0096,14,24,0
W_N_0096,14,25,0
W_N_0096,14,26,0
W_N_0096,14,27,0
W_N_0096,14,28,0
W_N_0096,14,29,0
W_N_0096,14,30,0
W_N_0096,14,31,0
W_N_0096,14,32,0
W_N_0096,14,33,0
W_N_0096,15,0,1
W_N_0096,15,1,1
W_N_0096,15,2,0
W_N_0096,15,3,0
W_N_0096,15,4,0
W_N_0096,15,5,0
W_N_0096,15,6,0
W_N_0096,15,7,0
W_N_0096,15,8,0
W_N_0096,15,9,0
W_N_0096,15,10,0
W_N_0096,15,11,0
W_N_0096,15,12,0
W_N_0096,15,13,0
W_N_0096,15,14,0
W_N_0096,15,15,0
W_N_0096,15,16,1
W_N_0096,15,17,0
W_N_0096,15,18,0
W_N_0096,15,19,0
W_N_0096,15,20,0
W_N_0096,15,21,0
W_N_0096,15,22,0
W_N_0096,15,23,0
W_N_0096,15,24,0
W_N_0096,15,25,0
W_N_0096,15,26,0
W_N_0096,15,27,0
W_N_0096,15,28,0
W_N_0096,15,29,0
W_N_0096,15,30,0
W_N_0096,15,31,0
W_N_0096,15,32,0
W_N_0096,15,33,0
W_N_0096,16,0,0
W_N_0096,16,1,0
W_N_0096,16,2,0
W_N_0096,16,3,0
W_N_0096,16,4,0
W_N_0096,16,5,0
W_N_0096,16,6,0
W_N_0096,16,7,0
W_N_0096,16,8,0
W_N_0096,16,9,0
W_N_0096,16,10,1
W_N_0096,16,11,1
W_N_0096,16,12,1
W_N_0096,16,13,0
W_N_0096,16,14,0
W_N_0096,16,15,0
W_N_0096,16,16,0
W_N_0096,16,17,0
W_N_0096,16,18,1
W_N_0096,16,19,0
W_N_0096,16,20,0
W_N_0096,16,21,0
W_N_0096,16,22,0
W_N_0096,16,23,0
W_N_0096,16,24,0
W_N_0096,16,25,0
W_N_0096,16,26,0
W_N_0096,16,27,0
W_N_0096,16,28,0
W_N_0096,16,29,0
W_N_0096,16,30,0
W_N_0096,16,31,1
W_N_0096,16,32,0
W_N_0096,16,33,0
W_N_0096,17,0,0
W_N_0096,17,1,1
W_N_0096,17,2,1
W_N_0096,17,3,0
W_N_0096,17,4,0
W_N_0096,17,5,1
W_N_0096,17,6,0
W_N_0096,17,7,0
W_N_0096,17,8,1
W_N_0096,17,9,1
W_N_0096,17,10,0
W_N_0096,17,11,0
W_N_0096,17,12,0
W_N_0096,17,13,0
W_N_0096,17,14,0
W_N_0096,17,15,0
W_N_0096,17,16,0
W_N_0096,17,17,0
W_N_0096,17,18,0
W_N_0096,17,19,0
W_N_0096,17,20,0
W_N_0096,17,21,0
W_N_0096,17,22,0
W_N_0096,17,23,0
W_N_0096,17,24,0
W_N_0096,17,25,0
W_N_0096,17,26,0
W_N_0096,17,27,0
W_N_0096,17,28,1
W_N_0096,17,29,0
W_N_0096,17,30,0
W_N_0096,17,31,0
W_N_0096,17,32,0
W_N_0096,17,33,1
W_N_0096,18,0,0
W_N_0096,18,1,0
W_N_0096,18,2,0
W_N_0096,18,3,0
W_N_0096,18,4,1
W_N_0096,18,5,0
W_N_0096,18,6,1
W_N_0096,18,7,0
W_N_0096,18,8,0
W_N_0096,18,9,0
W_N_0096,18,10,0
W_N_0096,18,11,0
W_N_0096,18,12,0
W_N_0096,18,13,0
W_N_0096,18,14,0
W_N_0096,18,15,0
W_N_0096,18,16,0
W_N_0096,18,17,0
W_N_0096,18,18,0
W_N_0096,18,19,0
W_N_0096,18,20,0
W_N_0096,18,21,0
W_N_0096,18,22,0
W_N_0096,18,23,0
W_N_0096,18,24,0
W_N_0096,18,25,0
W_N_0096,18,26,0
W_N_0096,18,27,0
W_N_0096,18,28,0
W_N_0096,18,29,1
W_N_0096,18,30,0
W_N_0096,18,31,1
W_N_0096,18,32,0
W_N_0096,19,1,0
W_N_0096,19,2,0
W_N_0096,19,3,0
W_N_0096,19,4,0
W_N_0096,19,5,0
W_N_0096,19,6,0
W_N_0096,19,7,0
W_N_0096,19,8,1
W_N_0096,19,9,0
W_N_0096,19,10,0
W_N_0096,19,11,0
W_N_0096,19,12,0
W_N_0096,19,13,0
W_N_0096,19,14,0
W_N_0096,19,15,0
W_N_0096,19,16,0
W_N_0096,19,17,1
W_N_0096,19,18,0
W_N_0096,19,19,0
W_N_0096,19,20,0
W_N_0096,19,21,0
W_N_0096,19,22,0
W_N_0096,19,23,0
W_N_0096,19,24,0
W_N_0096,19,25,0
W_N_0096,19,26,1
W_N_0096,19,27,0
W_N_0096,19,28,0
W_N_0096,19,29,0
W_N_0096,19,30,0
W_N_0096,19,31,0
W_N_0096,19,32,0
W_N_0096,20,1,0
W_N_0096,20,2,0
W_N_0096,20,3,0
W_N_0096,20,4,0
W_N_0096,20,5,1
W_N_0096,20,6,0
W_N_0096,20,7,0
W_N_0096,20,8,0
W_N_0096,20,9,1
W_N_0096,20,10,0
W_N_0096,20,11,0
W_N_0096,20,12,0
W_N_0096,20,13,0
W_N_0096,20,14,0
W_N_0096,20,15,0
W_N_0096,20,16,0
W_N_0096,20,17,0
W_N_0096,20,18,0
W_N_0096,20,19,0
W_N_0096,20,20,0
W_N_0096,20,21,0
W_N_0096,20,22,0
W_N_0096,20,23,0
W_N_0096,20,24,0
W_N_0096,20,25,0
W_N_0096,20,26,0
W_N_0096,20,27,0
W_N_0096,20,28,0
W_N_0096,20,29,1
W_N_0096,20,30,0
W_N_0096,20,31,0
W_N_0096,20,32,1
W_N_0096,21,2,1
W_N_0096,21,3,0
W_N_0096,21,4,0
W_N_0096,21,5,0
W_N_0096,21,6,0
W_N_0096,21,7,0
W_N_0096,21,8,0
W_N_0096,21,9,0
W_N_0096,21,10,0
W_N_0096,21,11,0
W_N_0096,21,12,1
W_N_0096,21,13,0
W_N_0096,21,14,1
W_N_0096,21,15,0
W_N_0096,21,16,0
W_N_0096,21,17,0
W_N_0096,21,18,0
W_N_0096,21,19,0
W_N_0096,21,20,0
W_N_0096,21,21,0
W_N_0096,21,22,0
W_N_0096,21,23,0
W_N_0096,21,24,0
W_N_0096,21,25,1
W_N_0096,21,26,1
W_N_0096,21,27,0
W_N_0096,21,28,0
W_N_0096,21,29,0
W_N_0096,21,30,0
W_N_0096,21,31,1
W_N_0096,22,2,1
W_N_0096,22,3,0
W_N_0096,22,4,0
W_N_0096,22,5,0
W_N_0096,22,6,0
W_N_0096,22,7,0
W_N_0096,22,8,0
W_N_0096,22,9,0
W_N_0096,22,10,0
W_N_0096,22,11,0
W_N_0096,22,12,0
W_N_0096,22,13,0
W_N_0096,22,14,0
W_N_0096,22,15,0
W_N_0096,22,16,0
W_N_0096,22,17,0
W_N_0096,22,18,0
W_N_0096,22,19,0
W_N_0096,22,20,0
W_N_0096,22,21,0
W_N_0096,22,22,0
W_N_0096,22,23,0
W_N_0096,22,24,0
W_N_0096,22,25,0
W_N_0096,22,26,0
W_N_0096,22,27,0
W_N_0096,22,28,0
W_N_0096,22,29,1
W_N_0096,22,30,0
W_N_0096,23,3,1
W_N_0096,23,4,0
W_N_0096,23,5,0
W_N_0096,23,6,0
W_N_0096,23,7,1
W_N_0096,23,8,0
W_N_0096,23,9,0
W_N_0096,23,10,0
W_N_0096,23,11,0
W_N_0096,23,12,0
W_N_0096,23,13,0
W_N_0096,23,14,0
W_N_0096,23,15,0
W_N_0096,23,16,0
W_N_0096,23,17,0
W_N_0096,23,18,0
W_N_0096,23,19,0
W_N_0096,23,20,0
W_N_0096,23,21,0
W_N_0096,23,22,0
W_N_0096,23,23,0
W_N_0096,23,24,0
W_N_0096,23,25,0
W_N_0096,23,26,0
W_N_0096,23,27,0
W_N_0096,23,28,1
W_N_0096,23,29,0
W_N_0096,23,30,0
W_N_0096,24,4,1
W_N_0096,24,5,0
W_N_0096,24,6,0
W_N_0096,24,7,0
W_N_0096,24,8,0
W_N_0096,24,9,0
W_N_0096,24,10,0
W_N_0096,24,11,0
W_N_0096,24,12,0
W_N_0096,24,13,0
W_N_0096,24,14,0
W_N_0096,24,15,0
W_N_0096,24,16,1
W_N_0096,24,17,0
W_N_0096,24,18,0
W_N_0096,24,19,0
W_N_0096,24,20,0
W_N_0096,24,21,0
W_N_0096,24,22,1
W_N_0096,24,23,0
W_N_0096,24,24,0
W_N_0096,24,25,0
W_N_0096,24,26,0
W_N_0096,24,27,0
W_N_0096,24,28,0
W_N_0096,24,29,0
W_N_0096,25,5,1
W_N_0096,25,6,0
W_N_0096,25,7,1
W_N_0096,25,8,0
W_N_0096,25,9,1
W_N_0096,25,10,0
W_N_0096,25,11,0
W_N_0096,25,12,0
W_N_0096,25,13,0
W_N_0096,25,14,0
W_N_0096,25,15,0
W_N_0096,25,16,0
W_N_0096,25,17,0
W_N_0096,25,18,0
W_N_0096,25,19,0
W_N_0096,25,20,1
W_N_0096,25,21,1
W_N_0096,25,22,0
W_N_0096,25,23,1
W_N_0096,25,24,0
W_N_0096,25,25,0
W_N_0096,25,26,0
W_N_0096,25,27,1
W_N_0096,25,28,1
W_N_0096,26,6,0
W_N_0096,26,7,0
W_N_0096,26,8,0
W_N_0096,26,9,0
W_N_0096,26,10,0
W_N_0096,26,11,0
W_N_0096,26,12,0
W_N_0096,26,13,1
W_N_0096,26,14,0
W_N_0096,26,15,0
W_N_0096,26,16,0
W_N_0096,26,17,0
W_N_0096,26,18,0
W_N_0096,26,19,1
W_N_0096,26,20,1
W_N_0096,26,21,0
W_N_0096,26,22,1
W_N_0096,26,23,0
W_N_0096,26,24,1
W_N_0096,26,25,0
W_N_0096,26,26,0
W_N_0096,26,27,1
W_N_0096,27,8,1
W_N_0096,27,9,1
W_N_0096,27,10,0
W_N_0096,27,11,1
W_N_0096,27,12,0
W_N_0096,27,13,1
W_N_0096,27,14,0
W_N_0096,27,15,0
W_N_0096,27,16,0
W_N_0096,27,17,0
W_N_0096,27,18,0
W_N_0096,27,19,0
W_N_0096,27,20,0
W_N_0096,27,21,0
W_N_0096,27,22,0
W_N_0096,27,23,0
W_N_0096,27,24,0
W_N_0096,27,25,1
W_N_0096,28,10,0
W_N_0096,28,11,0
W_N_0096,28,12,1
W_N_0096,28,13,0
W_N_0096,28,14,0
W_N_0096,28,15,0
W_N_0096,28,16,0
W_N_0096,28,17,0
W_N_0096,28,18,0
W_N_0096,28,19,0
W_N_0096,28,20,0
W_N_0096,28,21,0
W_N_0096,28,22,1
W_N_0096,28,23,0
W_N_0096,29,13,1
W_N_0096,29,14,1
W_N_0096,29,15,1
W_N_0096,29,16,1
W_N_0096,29,17,1
W_N_0096,29,18,1
W_N_0096,29,19,0
W_N_0096,29,20,1
W_N_0099,0,17,0
W_N_0099,0,18,0
W_N_0099,0,19,0
W_N_0099,0,20,0
W_N_0099,0,21,0
W_N_0099,0,22,0
W_N_0099,0,23,1
W_N_0099,0,24,0
W_N_0099,0,25,0
W_N_0099,0,26,0
W_N_0099,1,14,0
W_N_0099,1,15,0
W_N_0099,1,16,0
W_N_0099,1,17,0
W_N_0099,1,18,0
W_N_0099,1,19,0
W_N_0099,1,20,0
W_N_0099,1,21,0
W_N_0099,1,22,0
W_N_0099,1,23,0
W_N_0099,1,24,0
W_N_0099,1,25,0
W_N_0099,1,26,0
W_N_0099,1,27,0
W_N_0099,1,28,0
W_N_0099,1,29,0
W_N_0099,2,12,0
W_N_0099,2,13,0
W_N_0099,2,14,0
W_N_0099,2,15,0
W_N_0099,2,16,0
W_N_0099,2,17,0
W_N_0099,2,18,0
W_N_0099,2,19,0
W_N_0099,2,20,0
W_N_0099,2,21,0
W_N_0099,2,22,0
W_N_0099,2,23,0
W_N_0099,2,24,1
W_N_0099,2,25,0
W_N_0099,2,26,0
W_N_0099,2,27,0
W_N_0099,2,28,0
W_N_0099,2,29,0
W_N_0099,2,30,0
W_N_0099,2,31,0
W_N_0099,3,10,0
W_N_0099,3,11,0
W_N_0099,3,12,0
W_N_0099,3,13,0
W_N_0099,3,14,0
W_N_0099,3,15,0
W_N_0099,3,16,1
W_N_0099,3,17,0
W_N_0099,3,18,0
W_N_0099,3,19,0
W_N_0099,3,20,0
W_N_0099,3,21,0
W_N_0099,3,22,0
W_N_0099,3,23,0
W_N_0099,3,24,0
W_N_0099,3,25,1
W_N_0099,3,26,0
W_N_0099,3,27,0
W_N_0099,3,28,0
W_N_0099,3,29,0
W_N_0099,3,30,0
W_N_0099,3,31,0
W_N_0099,3,32,0
W_N_0099,3,33,0
W_N_0099,4,9,0
W_N_0099,4,10,0
W_N_0099,4,11,0
W_N_0099,4,12,0
W_N_0099,4,13,0
W_N_0099,4,14,0
W_N_0099,4,15,0
W_N_0099,4,16,0
W_N_0099,4,17,0
W_N_0099,4,18,0
W_N_0099,4,19,0
W_N_0099,4,20,0
W_N_0099,4,21,1
W_N_0099,4,22,0
W_N_0099,4,23,1
W_N_0099,4,24,0
W_N_0099,4,25,0
W_N_0099,4,26,0
W_N_0099,4,27,0
W_N_0099,4,28,0
W_N_0099,4,29,0
W_N_0099,4,30,0
W_N_0099,4,31,0
W_N_0099,4,32,0
W_N_0099,4,33,0
W_N_0099,4,34,0
W_N_0099,5,7,0
W_N_0099,5,8,0
W_N_0099,5,9,0
W_N_0099,5,10,0
W_N_0099,5,11,0
W_N_0099,5,12,0
W_N_0099,5,13,0
W_N_0099,5,14,0
W_N_0099,5,15,0
W_N_0099,5,16,0
W_N_0099,5,17,0
W_N_0099,5,18,0
W_N_0099,5,19,0
W_N_0099,5,20,0
W_N_0099,5,21,0
W_N_0099,5,22,0
W_N_0099,5,23,0
W_N_0099,5,24,0
W_N_0099,5,25,0
W_N_0099,5,26,0
W_N_0099,5,27,1
W_N_0099,5,28,0
W_N_0099,5,29,0
W_N_0099,5,30,0
W_N_0099,5,31,0
W_N_0099,5,32,0
W_N_0099,5,33,0
W_N_0099,5,34,0
W_N_0099,5,35,1
W_N_0099,6,6,0
W_N_0099,6,7,0
W_N_0099,6,8,0
W_N_0099,6,9,0
W_N_0099,6,10,0
W_N_0099,6,11,0
W_N_0099,6,12,0
W_N_0099,6,13,0
W_N_0099,6,14,0
W_N_0099,6,15,0
W_N_0099,6,16,0
W_N_0099,6,17,0
W_N_0099,6,18,0
W_N_0099,6,19,0
W_N_0099,6,20,0
W_N_0099,6,21,0
W_N_0099,6,22,0
W_N_0099,6,23,0
W_N_0099,6,24,0
W_N_0099,6,25,0
W_N_0099,6,26,0
W_N_0099,6,27,0
W_N_0099,6,28,0
W_N_0099,6,29,0
W_N_0099,6,30,0
W_N_0099,6,31,0
W_N_0099,6,32,0
W_N_0099,6,33,0
W_N_0099,6,34,0
W_N_0099,6,35,0
W_N_0099,6,36,0
W_N_0099,7,5,1
W_N_0099,7,6,0
W_N_0099,7,7,0
W_N_0099,7,8,0
W_N_0099,7,9,0
W_N_0099,7,10,0
W_N_0099,7,11,0
W_N_0099,7,12,0
W_N_0099,7,13,0
W_N_0099,7,14,0
W_N_0099,7,15,0
W_N_0099,7,16,0
W_N_0099,7,17,0
W_N_0099,7,18,0
W_N_0099,7,19,0
W_N_0099,7,20,0
W_N_0099,7,21,0
W_N_0099,7,22,0
W_N_0099,7,23,0
W_N_0099,7,24,0
W_N_0099,7,25,0
W_N_0099,7,26,0
W_N_0099,7,27,0
W_N_0099,7,28,0
W_N_0099,7,29,0
W_N_0099,7,30,0
W_N_0099,7,31,0
W_N_0099,7,32,0
W_N_0099,7,33,0
W_N_0099,7,34,0
W_N_0099,7,35,0
W_N_0099,7,36,0
W_N_0099,7,37,0
W_N_0099,8,5,0
W_N_0099,8,6,0
W_N_0099,8,7,0
W_N_0099,8,8,0
W_N_0099,8,9,0
W_N_0099,8,10,0
W_N_0099,8,11,0
W_N_0099,8,12,0
W_N_0099,8,13,0
W_N_0099,8,14,0
W_N_0099,8,15,0
W_N_0099,8,16,1
W_N_0099,8,17,0
W_N_0099,8,18,0
W_N_0099,8,19,0
W_N_0099,8,20,0
W_N_0099,8,21,1
W_N_0099,8,22,0
W_N_0099,8,23,0
W_N_0099,8,24,0
W_N_0099,8,25,0
W_N_0099,8,26,0
W_N_0099,8,27,0
W_N_0099,8,28,0
W_N_0099,8,29,0
W_N_0099,8,30,0
W_N_0099,8,31,0
W_N_0099,8,32,0
W_N_0099,8,33,0
W_N_0099,8,34,0
W_N_0099,8,35,0
W_N_0099,8,36,0
W_N_0099,8,37,0
W_N_0099,9,4,0
W_N_0099,9,5,0
W_N_0099,9,6,0
W_N_0099,9,7,0
W_N_0099,9,8,0
W_N_0099,9,9,0
W_N_0099,9,10,0
W_N_0099,9,11,0
W_N_0099,9,12,0
W_N_0099,9,13,0
W_N_0099,9,14,0
W_N_0099,9,15,1
W_N_0099,9,16,0
W_N_0099,9,17,0
W_N_0099,9,18,0
W_N_0099,9,19,0
W_N_0099,9,20,0
W_N_0099,9,21,0
W_N_0099,9,22,0
W_N_0099,9,23,0
W_N_0099,9,24,0
W_N_0099,9,25,0
W_N_0099,9,26,1
W_N_0099,9,27,0
W_N_0099,9,28,0
W_N_0099,9,29,0
W_N_0099,9,30,0
W_N_0099,9,31,0
W_N_0099,9,32,0
W_N_0099,9,33,0
W_N_0099,9,34,0
W_N_0099,9,35,0
W_N_0099,9,36,0
W_N_0099,9,37,0
W_N_0099,10,3,0
W_N_0099,10,4,0
W_N_0099,10,5,0
W_N_0099,10,6,0
W_N_0099,10,7,0
W_N_0099,10,8,0
W_N_0099,10,9,0
W_N_0099,10,10,0
W_N_0099,10,11,0
W_N_0099,10,12,0
W_N_0099,10,13,0
W_N_0099,10,14,0
W_N_0099,10,15,0
W_N_0099,10,16,0
W_N_0099,10,17,0
W_N_0099,10,18,0
W_N_0099,10,19,0
W_N_0099,10,20,0
W_N_0099,10,21,0
W_N_0099,10,22,0
W_N_0099,10,23,1
W_N_0099,10,24,0
W_N_0099,10,25,0
W_N_0099,10,26,1
W_N_0099,10,27,0
W_N_0099,10,28,0
W_N_0099,10,29,1
W_N_0099,10,30,0
W_N_0099,10,31,0
W_N_0099,10,32,1
W_N_0099,10,33,0
W_N_0099,10,34,0
W_N_0099,10,35,0
W_N_0099,10,36,1
W_N_0099,10,37,1
W_N_0099,10,38,0
W_N_0099,10,39,0
W_N_0099,11,3,0
W_N_0099,11,4,0
W_N_0099,11,5,1
W_N_0099,11,6,0
W_N_0099,11,7,0
W_N_0099,11,8,0
W_N_0099,11,9,0
W_N_0099,11,10,0
W_N_0099,11,11,0
W_N_0099,11,12,0
W_N_0099,11,13,0
W_N_0099,11,14,0
W_N_0099,11,15,0
W_N_0099,11,16,0
W_N_0099,11,17,0
W_N_0099,11,18,0
W_N_0099,11,19,0
W_N_0099,11,20,0
W_N_0099,11,21,0
W_N_0099,11,22,0
W_N_0099,11,23,0
W_N_0099,11,24,0
W_N_0099,11,25,0
W_N_0099,11,26,0
W_N_0099,11,27,0
W_N_0099,11,28,0
W_N_0099,11,29,0
W_N_0099,11,30,0
W_N_0099,11,31,0
W_N_0099,11,32,0
W_N_0099,11,33,0
W_N_0099,11,34,0
W_N_0099,11,35,0
W_N_0099,11,36,0
W_N_0099,11,37,0
W_N_0099,11,38,0
W_N_0099,11,39,0
W_N_0099,11,40,0
W_N_0099,12,2,0
W_N_0099,12,3,0
W_N_0099,12,4,0
W_N_0099,12,5,0
W_N_0099,12,6,0
W_N_0099,12,7,0
W_N_0099,12,8,0
W_N_0099,12,9,0
W_N_0099,12,10,0
W_N_0099,12,11,0
W_N_0099,12,12,0
W_N_0099,12,13,1
W_N_0099,12,14,0
W_N_0099,12,15,0
W_N_0099,12,16,0
W_N_0099,12,17,0
W_N_0099,12,18,0
W_N_0099,12,19,0
W_N_0099,12,20,0
W_N_0099,12,21,0
W_N_0099,12,22,0
W_N_0099,12,23,0
W_N_0099,12,24,0
W_N_0099,12,25,0
W_N_0099,12,26,0
W_N_0099,12,27,0
W_N_0099,12,28,0
W_N_0099,12,29,0
W_N_0099,12,30,0
W_N_0099,12,31,0
W_N_0099,12,32,0
W_N_0099,12,33,0
W_N_0099,12,34,0
W_N_0099,12,35,0
W_N_0099,12,36,0
W_N_0099,12,37,0
W_N_0099,12,38,0
W_N_0099,12,39,1
W_N_0099,12,40,0
W_N_0099,12,41,0
W_N_0099,13,2,0
W_N_0099,13,3,0
W_N_0099,13,4,0
W_N_0099,13,5,0
W_N_0099,13,6,0
W_N_0099,13,7,1
W_N_0099,13,8,0
W_N_0099,13,9,0
W_N_0099,13,10,0
W_N_0099,13,11,0
W_N_0099,13,12,0
W_N_0099,13,13,0
W_N_0099,13,14,0
W_N_0099,13,15,0
W_N_0099,13,16,0
W_N_0099,13,17,0
W_N_0099,13,18,0
W_N_0099,13,19,0
W_N_0099,13,20,0
W_N_0099,13,21,0
W_N_0099,13,22,0
W_N_0099,13,23,0
W_N_0099,13,24,0
W_N_0099,13,25,0
W_N_0099,13,26,0
W_N_0099,13,27,0
W_N_0099,13,28,0
W_N_0099,13,29,0
W_N_0099,13,30,0
W_N_0099,13,31,0
W_N_0099,13,32,0
W_N_0099,13,33,0
W_N_0099,13,34,0
W_N_0099,13,35,0
W_N_0099,13,36,0
W_N_0099,13,37,0
W_N_0099,13,38,0
W_N_0099,13,39,0
W_N_0099,13,40,0
W_N_0099,13,41,0
W_N_0099,14,1,1
W_N_0099,14,2,0
W_N_0099,14,3,0
W_N_0099,14,4,0
W_N_0099,14,5,0
W_N_0099,14,6,0
W_N_0099,14,7,0
W_N_0099,14,8,0
W_N_0099,14,9,0
W_N_0099,14,10,0
W_N_0099,14,11,0
W_N_0099,14,12,0
W_N_0099,14,13,0
W_N_0099,14,14,0
W_N_0099,14,15,0
W_N_0099,14,16,0
W_N_0099,14,17,0
W_N_0099,14,18,0
W_N_0099,14,19,0
W_N_0099,14,20,0
W_N_0099,14,21,0
W_N_0099,14,22,0
W_N_0099,14,23,0
W_N_0099,14,24,0
W_N_0099,14,25,0
W_N_0099,14,26,0
W_N_0099,14,27,0
W_N_0099,14,28,0
W_N_0099,14,29,0
W_N_0099,14,30,0
W_N_0099,14,31,0
W_N_0099,14,32,0
W_N_0099,14,33,0
W_N_0099,14,34,0
W_N_0099,14,35,0
W_N_0099,14,36,0
W_N_0099,14,37,0
W_N_0099,14,38,0
W_N_0099,14,39,0
W_N_0099,14,40,0
W_N_0099,14,41,0
W_N_0099,15,1,0
W_N_0099,15,2,0
W_N_0099,15,3,0
W_N_0099,15,4,0
W_N_0099,15,5,1
W_N_0099,15,6,0
W_N_0099,15,7,0
W_N_0099,15,8,0
W_N_0099,15,9,0
W_N_0099,15,10,0
W_N_0099,15,11,0
W_N_0099,15,12,0
W_N_0099,15,13,1
W_N_0099,15,14,0
W_N_0099,15,15,0
W_N_0099,15,16,0
W_N_0099,15,17,0
W_N_0099,15,18,0
W_N_0099,15,19,0
W_N_0099,15,20,0
W_N_0099,15,21,0
W_N_0099,15,22,0
W_N_0099,15,23,0
W_N_0099,15,24,0
W_N_0099,15,25,0
W_N_0099,15,26,0
W_N_0099,15,27,0
W_N_0099,15,28,0
W_N_0099,15,29,0
W_N_0099,15,30,0
W_N_0099,15,31,0
W_N_0099,15,32,0
W_N_0099,15,33,0
W_N_0099,15,34,0
W_N_0099,15,35,0
W_N_0099,15,36,0
W_N_0099,15,37,0
W_N_0099,15,38,0
W_N_0099,15,39,0
W_N_0099,15,40,0
W_N_0099,15,41,0
W_N_0099,15,42,0
W_N_0099,16,1,0
W_N_0099,16,2,0
W_N_0099,16,3,0
W_N_0099,16,4,0
W_N_0099,16,5,0
W_N_0099,16,6,0
W_N_0099,16,7,0
W_N_0099,16,8,0
W_N_0099,16,9,0
W_N_0099,16,10,0
W_N_0099,16,11,0
W_N_0099,16,12,0
W_N_0099,16,13,0
W_N_0099,16,14,0
W_N_0099,16,15,0
W_N_0099,16,16,0
W_N_0099,16,17,0
W_N_0099,16,18,0
W_N_0099,16,19,0
W_N_0099,16,20,1
W_N_0099,16,21,0
W_N_0099,16,22,0
W_N_0099,16,23,0
W_N_0099,16,24,0
W_N_0099,16,25,0
W_N_0099,16,26,1
W_N_0099,16,27,0
W_N_0099,16,28,0
W_N_0099,16,29,0
W_N_0099,16,30,0
W_N_0099,16,31,0
W_N_0099,16,32,0
W_N_0099,16,33,0
W_N_0099,16,34,0
W_N_0099,16,35,0
W_N_0099,16,36,0
W_N_0099,16,37,0
W_N_0099,16,38,0
W_N_0099,16,39,0
W_N_0099,16,40,0
W_N_0099,16,41,0
W_N_0099,16,42,0
W_N_0099,17,1,0
W_N_0099,17,2,0
W_N_0099,17,3,0
W_N_0099,17,4,0
W_N_0099,17,5,0
W_N_0099,17,6,0
W_N_0099,17,7,0
W_N_0099,17,8,0
W_N_0099,17,9,0
W_N_0099,17,10,0
W_N_0099,17,11,0
W_N_0099,17,12,0
W_N_0099,17,13,0
W_N_0099,17,14,0
W_N_0099,17,15,0
W_N_0099,17,16,0
W_N_0099,17,17,0
W_N_0099,17,18,0
W_N_0099,17,19,0
W_N_0099,17,20,0
W_N_0099,17,21,0
W_N_0099,17,22,0
W_N_0099,17,23,0
W_N_0099,17,24,0
W_N_0099,17,25,1
W_N_0099,17,26,0
W_N_0099,17,27,0
W_N_0099,17,28,0
W_N_0099,17,29,0
W_N_0099,17,30,0
W_N_0099,17,31,0
W_N_0099,17,32,0
W_N_0099,17,33,0
W_N_0099,17,34,0
W_N_0099,17,35,0
W_N_0099,17,36,0
W_N_0099,17,37,0
W_N_0099,17,38,0
W_N_0099,17,39,0
W_N_0099,17,40,0
W_N_0099,17,41,0
W_N_0099,17,42,0
W_N_0099,18,0,0
W_N_0099,18,1,0
W_N_0099,18,2,0
W_N_0099,18,3,0
W_N_0099,18,4,0
W_N_0099,18,5,0
W_N_0099,18,6,0
W_N_0099,18,7,0
W_N_0099,18,8,0
W_N_0099,18,9,0
W_N_0099,18,10,0
W_N_0099,18,11,0
W_N_0099,18,12,0
W_N_0099,18,13,0
W_N_0099,18,14,0
W_N_0099,18,15,0
W_N_0099,18,16,0
W_N_0099,18,17,0
W_N_0099,18,18,0
W_N_0099,18,19,0
W_N_0099,18,20,0
W_N_0099,18,21,0
W_N_0099,18,22,0
W_N_0099,18,23,0
W_N_0099,18,24,0
W_N_0099,18,25,0
W_N_0099,18,26,0
W_N_0099,18,27,0
W_N_0099,18,28,0
W_N_0099,18,29,0
W_N_0099,18,30,0
W_N_0099,18,31,0
W_N_0099,18,32,0
W_N_0099,18,33,0
W_N_0099,18,34,0
W_N_0099,18,35,0
W_N_0099,18,36,0
W_N_0099,18,37,0
W_N_0099,18,38,0
W_N_0099,18,39,1
W_N_0099,18,40,0
W_N_0099,18,41,0
W_N_0099,18,42,0
W_N_0099,19,0,0
W_N_0099,19,1,0
W_N_0099,19,2,0
W_N_0099,19,3,0
W_N_0099,19,4,0
W_N_0099,19,5,0
W_N_0099,19,6,0
W_N_0099,19,7,0
W_N_0099,19,8,0
W_N_0099,19,9,0
W_N_0099,19,10,0
W_N_0099,19,11,0
W_N_0099,19,12,0
W_N_0099,19,13,0
W_N_0099,19,14,0
W_N_0099,19,15,0
W_N_0099,19,16,0
W_N_0099,19,17,0
W_N_0099,19,18,0
W_N_0099,19,19,0
W_N_0099,19,20,0
W_N_0099,19,21,0
W_N_0099,19,22,0
W_N_0099,19,23,0
W_N_0099,19,24,0
W_N_0099,19,25,0
W_N_0099,19,26,0
W_N_0099,19,27,0
W_N_0099,19,28,0
W_N_0099,19,29,0
W_N_0099,19,30,0
W_N_0099,19,31,0
W_N_0099,19,32,0
W_N_0099,19,33,0
W_N_0099,19,34,0
W_N_0099,19,35,0
W_N_0099,19,36,0
W_N_0099,19,37,0
W_N_0099,19,38,0
W_N_0099,19,39,0
W_N_0099,19,40,0
W_N_0099,19,41,0
W_N_0099,19,42,0
W_N_0099,19,43,0
W_N_0099,20,0,0
W_N_0099,20,1,0
W_N_0099,20,2,0
W_N_0099,20,3,0
W_N_0099,20,4,0
W_N_0099,20,5,0
W_N_0099,20,6,0
W_N_0099,20,7,0
W_N_0099,20,8,0
W_N_0099,20,9,0
W_N_0099,20,10,0
W_N_0099,20,11,0
W_N_0099,20,12,0
W_N_0099,20,13,0
W_N_0099,20,14,0
W_N_0099,20,15,0
W_N_0099,20,16,0
W_N_0099,20,17,0
W_N_0099,20,18,0
W_N_0099,20,19,0
W_N_0099,20,20,0
W_N_0099,20,21,0
W_N_0099,20,22,0
W_N_0099,20,23,0
W_N_0099,20,24,0
W_N_0099,20,25,0
W_N_0099,20,26,0
W_N_0099,20,27,0
W_N_0099,20,28,0
W_N_0099,20,29,0
W_N_0099,20,30,0
W_N_0099,20,31,0
W_N_0099,20,32,0
W_N_0099,20,33,0
W_N_0099,20,34,0
W_N_0099,20,35,0
W_N_0099,20,36,0
W_N_0099,20,37,0
W_N_0099,20,38,0
W_N_0099,20,39,1
W_N_0099,20,40,0
W_N_0099,20,41,0
W_N_0099,20,42,0
W_N_0099,20,43,0
W_N_0099,21,0,0
W_N_0099,21,1,0
W_N_0099,21,2,0
W_N_0099,21,3,0
W_N_0099,21,4,0
W_N_0099,21,5,0
W_N_0099,21,6,1
W_N_0099,21,7,0
W_N_0099,21,8,0
W_N_0099,21,9,0
W_N_0099,21,10,0
W_N_0099,21,11,0
W_N_0099,21,12,0
W_N_0099,21,13,0
W_N_0099,21,14,0
W_N_0099,21,15,0
W_N_0099,21,16,0
W_N_0099,21,17,0
W_N_0099,21,18,0
W_N_0099,21,19,0
W_N_0099,21,20,0
W_N_0099,21,21,0
W_N_0099,21,22,0
W_N_0099,21,23,0
W_N_0099,21,24,0
W_N_0099,21,25,0
W_N_0099,21,26,0
W_N_0099,21,27,0
W_N_0099,21,28,0
W_N_0099,21,29,0
W_N_0099,21,30,0
W_N_0099,21,31,0
W_N_0099,21,32,0
W_N_0099,21,33,0
W_N_0099,21,34,0
W_N_0099,21,35,0
W_N_0099,21,36,0
W_N_0099,21,37,0
W_N_0099,21,38,0
W_N_0099,21,39,0
W_N_0099,21,40,0
W_N_0099,21,41,0
W_N_0099,21,42,0
W_N_0099,21,43,0
W_N_0099,22,0,0
W_N_0099,22,1,0
W_N_0099,22,2,0
W_N_0099,22,3,0
W_N_0099,22,4,0
W_N_0099,22,5,0
W_N_0099,22,6,1
W_N_0099,22,7,0
W_N_0099,22,8,0
W_N_0099,22,9,0
W_N_0099,22,10,0
W_N_0099,22,11,0
W_N_0099,22,12,0
W_N_0099,22,13,0
W_N_0099,22,14,0
W_N_0099,22,15,0
W_N_0099,22,16,0
W_N_0099,22,17,0
W_N_0099,22,18,0
W_N_0099,22,19,0
W_N_0099,22,20,0
W_N_0099,22,21,0
W_N_0099,22,22,0
W_N_0099,22,23,0
W_N_0099,22,24,0
W_N_0099,22,25,0
W_N_0099,22,26,0
W_N_0099,22,27,0
W_N_0099,22,28,0
W_N_0099,22,29,0
W_N_0099,22,30,0
W_N_0099,22,31,0
W_N_0099,22,32,0
W_N_0099,22,33,0
W_N_0099,22,34,0
W_N_0099,22,35,0
W_N_0099,22,36,0
W_N_0099,22,37,0
W_N_0099,22,38,0
W_N_0099,22,39,0
W_N_0099,22,40,0
W_N_0099,22,41,0
W_N_0099,22,42,1
W_N_0099,22,43,0
W_N_0099,23,0,0
W_N_0099,23,1,0
W_N_0099,23,2,0
W_N_0099,23,3,0
W_N_0099,23,4,0
W_N_0099,23,5,0
W_N_0099,23,6,0
W_N_0099,23,7,0
W_N_0099,23,8,0
W_N_0099,23,9,1
W_N_0099,23,10,0
W_N_0099,23,11,1
W_N_0099,23,12,0
W_N_0099,23,13,0
W_N_0099,23,14,0
W_N_0099,23,15,0
W_N_0099,23,16,0
W_N_0099,23,17,0
W_N_0099,23,18,0
W_N_0099,23,19,0
W_N_0099,23,20,0
W_N_0099,23,21,0
W_N_0099,23,22,0
W_N_0099,23,23,0
W_N_0099,23,24,0
W_N_0099,23,25,1
W_N_0099,23,26,0
W_N_0099,23,27,0
W_N_0099,23,28,0
W_N_0099,23,29,0
W_N_0099,23,30,0
W_N_0099,23,31,0
W_N_0099,23,32,0
W_N_0099,23,33,0
W_N_0099,23,34,0
W_N_0099,23,35,0
W_N_0099,23,36,0
W_N_0099,23,37,0
W_N_0099,23,38,0
W_N_0099,23,39,1
W_N_0099,23,40,0
W_N_0099,23,41,0
W_N_0099,23,42,0
W_N_0099,24,1,0
W_N_0099,24,2,0
W_N_0099,24,3,0
W_N_0099,24,4,0
W_N_0099,24,5,0
W_N_0099,24,6,0
W_N_0099,24,7,0
W_N_0099,24,8,0
W_N_0099,24,9,0
W_N_0099,24,10,0
W_N_0099,24,11,0
W_N_0099,24,12,0
W_N_0099,24,13,0
W_N_0099,24,14,0
W_N_0099,24,15,0
W_N_0099,24,16,0
W_N_0099,24,17,0
W_N_0099,24,18,0
W_N_0099,24,19,0
W_N_0099,24,20,0
W_N_0099,24,21,0
W_N_0099,24,22,0
W_N_0099,24,23,0
W_N_0099,24,24,0
W_N_0099,24,25,0
W_N_0099,24,26,0
W_N_0099,24,27,0
W_N_0099,24,28,0
W_N_0099,24,29,0
W_N_0099,24,30,0
W_N_0099,24,31,0
W_N_0099,24,32,0
W_N_0099,24,33,0
W_N_0099,24,34,0
W_N_0099,24,35,0
W_N_0099,24,36,0
W_N_0099,24,37,0
W_N_0099,24,38,0
W_N_0099,24,39,0
W_N_0099,24,40,0
W_N_0099,24,41,0
W_N_0099,24,42,0
W_N_0099,25,1,0
W_N_0099,25,2,0
W_N_0099,25,3,0
W_N_0099,25,4,0
W_N_0099,25,5,0
W_N_0099,25,6,0
W_N_0099,25,7,0
W_N_0099,25,8,0
W_N_0099,25,9,0
W_N_0099,25,10,0
W_N_0099,25,11,0
W_N_0099,25,12,0
W_N_0099,25,13,0
W_N_0099,25,14,0
W_N_0099,25,15,0
W_N_0099,25,16,0
W_N_0099,25,17,1
W_N_0099,25,18,0
W_N_0099,25,19,0
W_N_0099,25,20,0
W_N_0099,25,21,0
W_N_0099,25,22,0
W_N_0099,25,23,0
W_N_0099,25,24,0
W_N_0099,25,25,1
W_N_0099,25,26,0
W_N_0099,25,27,0
W_N_0099,25,28,0
W_N_0099,25,29,0
W_N_0099,25,30,0
W_N_0099,25,31,0
W_N_0099,25,32,0
W_N_0099,25,33,0
W_N_0099,25,34,0
W_N_0099,25,35,1
W_N_0099,25,36,0
W_N_0099,25,37,0
W_N_0099,25,38,0
W_N_0099,25,39,0
W_N_0099,25,40,0
W_N_0099,25,41,0
W_N_0099,25,42,0
W_N_0099,26,1,0
W_N_0099,26,2,0
W_N_0099,26,3,0
W_N_0099,26,4,0
W_N_0099,26,5,0
W_N_0099,26,6,0
W_N_0099,26,7,0
W_N_0099,26,8,0
W_N_0099,26,9,0
W_N_0099,26,10,0
W_N_0099,26,11,0
W_N_0099,26,12,0
W_N_0099,26,13,0
W_N_0099,26,14,0
W_N_0099,26,15,0
W_N_0099,26,16,0
W_N_0099,26,17,0
W_N_0099,26,18,0
W_N_0099,26,19,1
W_N_0099,26,20,0
W_N_0099,26,21,0
W_N_0099,26,22,0
W_N_0099,26,23,0
W_N_0099,26,24,0
W_N_0099,26,25,0
W_N_0099,26,26,0
W_N_0099,26,27,0
W_N_0099,26,28,0
W_N_0099,26,29,0
W_N_0099,26,30,0
W_N_0099,26,31,0
W_N_0099,26,32,0
W_N_0099,26,33,0
W_N_0099,26,34,0
W_N_0099,26,35,0
W_N_0099,26,36,0
W_N_0099,26,37,1
W_N_0099,26,38,0
W_N_0099,26,39,0
W_N_0099,26,40,0
W_N_0099,26,41,0
W_N_0099,26,42,0
W_N_0099,27,1,0
W_N_0099,27,2,0
W_N_0099,27,3,0
W_N_0099,27,4,0
W_N_0099,27,5,0
W_N_0099,27,6,0
W_N_0099,27,7,0
W_N_0099,27,8,0
W_N_0099,27,9,0
W_N_0099,27,10,0
W_N_0099,27,11,0
W_N_0099,27,12,0
W_N_0099,27,13,0
W_N_0099,27,14,0
W_N_0099,27,15,0
W_N_0099,27,16,0
W_N_0099,27,17,0
W_N_0099,27,18,1
W_N_0099,27,19,0
W_N_0099,27,20,0
W_N_0099,27,21,0
W_N_0099,27,22,0
W_N_0099,27,23,0
W_N_0099,27,24,0
W_N_0099,27,25,0
W_N_0099,27,26,0
W_N_0099,27,27,0
W_N_0099,27,28,0
W_N_0099,27,29,0
W_N_0099,27,30,0
W_N_0099,27,31,0
W_N_0099,27,32,0
W_N_0099,27,33,0
W_N_0099,27,34,0
W_N_0099,27,35,0
W_N_0099,27,36,0
W_N_0099,27,37,0
W_N_0099,27,38,0
W_N_0099,27,39,0
W_N_0099,27,40,0
W_N_0099,27,41,0
W_N_0099,28,2,0
W_N_0099,28,3,0
W_N_0099,28,4,0
W_N_0099,28,5,0
W_N_0099,28,6,0
W_N_0099,28,7,0
W_N_0099,28,8,0
W_N_0099,28,9,1
W_N_0099,28,10,0
W_N_0099,28,11,0
W_N_0099,28,12,0
W_N_0099,28,13,0
W_N_0099,28,14,0
W_N_0099,28,15,0
W_N_0099,28,16,0
W_N_0099,28,17,0
W_N_0099,28,18,0
W_N_0099,28,19,0
W_N_0099,28,20,0
W_N_0099,28,21,0
W_N_0099,28,22,0
W_N_0099,28,23,0
W_N_0099,28,24,0
W_N_0099,28,25,0
W_N_0099,28,26,0
W_N_0099,28,27,0
W_N_0099,28,28,1
W_N_0099,28,29,0
W_N_0099,28,30,0
W_N_0099,28,31,0
W_N_0099,28,32,0
W_N_0099,28,33,0
W_N_0099,28,34,0
W_N_0099,28,35,0
W_N_0099,28,36,0
W_N_0099,28,37,0
W_N_0099,28,38,0
W_N_0099,28,39,0
W_N_0099,28,40,0
W_N_0099,28,41,0
W_N_0099,29,2,1
W_N_0099,29,3,0
W_N_0099,29,4,0
W_N_0099,29,5,0
W_N_0099,29,6,0
W_N_0099,29,7,0
W_N_0099,29,8,0
W_N_0099,29,9,0
W_N_0099,29,10,0
W_N_0099,29,11,0
W_N_0099,29,12,0
W_N_0099,29,13,0
W_N_0099,29,14,0
W_N_0099,29,15,0
W_N_0099,29,16,0
W_N_0099,29,17,0
W_N_0099,29,18,0
W_N_0099,29,19,0
W_N_0099,29,20,0
W_N_0099,29,21,0
W_N_0099,29,22,0
W_N_0099,29,23,0
W_N_0099,29,24,0
W_N_0099,29,25,0
W_N_0099,29,26,0
W_N_0099,29,27,0
W_N_0099,29,28,0
W_N_0099,29,29,1
W_N_0099,29,30,0
W_N_0099,29,31,0
W_N_0099,29,32,0
W_N_0099,29,33,0
W_N_0099,29,34,1
W_N_0099,29,35,0
W_N_0099,29,36,1
W_N_0099,29,37,0
W_N_0099,29,38,0
W_N_0099,29,39,0
W_N_0099,29,40,0
W_N_0099,29,41,0
W_N_0099,30,3,0
W_N_0099,30,4,0
W_N_0099,30,5,0
W_N_0099,30,6,0
W_N_0099,30,7,0
W_N_0099,30,8,0
W_N_0099,30,9,0
W_N_0099,30,10,0
W_N_0099,30,11,0
W_N_0099,30,12,0
W_N_0099,30,13,0
W_N_0099,30,14,0
W_N_0099,30,15,0
W_N_0099,30,16,0
W_N_0099,30,17,0
W_N_0099,30,18,0
W_N_0099,30,19,0
W_N_0099,30,20,0
W_N_0099,30,21,0
W_N_0099,30,22,0
W_N_0099,30,23,0
W_N_0099,30,24,0
W_N_0099,30,25,0
W_N_0099,30,26,0
W_N_0099,30,27,0
W_N_0099,30,28,0
W_N_0099,30,29,0
W_N_0099,30,30,0
W_N_0099,30,31,0
W_N_0099,30,32,0
W_N_0099,30,33,0
W_N_0099,30,34,0
W_N_0099,30,35,0
W_N_0099,30,36,0
W_N_0099,30,37,0
W_N_0099,30,38,0
W_N_0099,30,39,0
W_N_0099,30,40,0
W_N_0099,31,4,0
W_N_0099,31,5,0
W_N_0099,31,6,0
W_N_0099,31,7,0
W_N_0099,31,8,0
W_N_0099,31,9,0
W_N_0099,31,10,0
W_N_0099,31,11,0
W_N_0099,31,12,0
W_N_0099,31,13,0
W_N_0099,31,14,0
W_N_0099,31,15,0
W_N_0099,31,16,0
W_N_0099,31,17,0
W_N_0099,31,18,0
W_N_0099,31,19,0
W_N_0099,31,20,0
W_N_0099,31,21,0
W_N_0099,31,22,0
W_N_0099,31,23,0
W_N_0099,31,24,0
W_N_0099,31,25,0
W_N_0099,31,26,0
W_N_0099,31,27,0
W_N_0099,31,28,0
W_N_0099,31,29,0
W_N_0099,31,30,0
W_N_0099,31,31,0
W_N_0099,31,32,0
W_N_0099,31,33,0
W_N_0099,31,34,0
W_N_0099,31,35,0
W_N_0099,31,36,0
W_N_0099,31,37,0
W_N_0099,31,38,0
W_N_0099,31,39,0
W_N_0099,31,40,0
W_N_0099,32,5,0
W_N_0099,32,6,0
W_N_0099,32,7,0
W_N_0099,32,8,0
W_N_0099,32,9,0
W_N_0099,32,10,0
W_N_0099,32,11,0
W_N_0099,32,12,0
W_N_0099,32,13,0
W_N_0099,32,14,0
W_N_0099,32,15,0
W_N_0099,32,16,0
W_N_0099,32,17,0
W_N_0099,32,18,0
W_N_0099,32,19,0
W_N_0099,32,20,0
W_N_0099,32,21,0
W_N_0099,32,22,0
W_N_0099,32,23,0
W_N_0099,32,24,0
W_N_0099,32,25,0
W_N_0099,32,26,0
W_N_0099,32,27,0
W_N_0099,32,28,0
W_N_0099,32,29,0
W_N_0099,32,30,0
W_N_0099,32,31,0
W_N_0099,32,32,0
W_N_0099,32,33,0
W_N_0099,32,34,0
W_N_0099,32,35,0
W_N_0099,32,36,0
W_N_0099,32,37,0
W_N_0099,32,38,0
W_N_0099,32,39,0
W_N_0099,33,6,0
W_N_0099,33,7,0
W_N_0099,33,8,0
W_N_0099,33,9,0
W_N_0099,33,10,0
W_N_0099,33,11,0
W_N_0099,33,12,0
W_N_0099,33,13,0
W_N_0099,33,14,0
W_N_0099,33,15,0
W_N_0099,33,16,0
W_N_0099,33,17,0
W_N_0099,33,18,0
W_N_0099,33,19,0
W_N_0099,33,20,0
W_N_0099,33,21,0
W_N_0099,33,22,0
W_N_0099,33,23,0
W_N_0099,33,24,0
W_N_0099,33,25,0
W_N_0099,33,26,0
W_N_0099,33,27,0
W_N_0099,33,28,0
W_N_0099,33,29,0
W_N_0099,33,30,0
W_N_0099,33,31,0
W_N_0099,33,32,0
W_N_0099,33,33,0
W_N_0099,33,34,0
W_N_0099,33,35,0
W_N_0099,33,36,0
W_N_0099,33,37,0
W_N_0099,33,38,0
W_N_0099,34,6,0
W_N_0099,34,7,0
W_N_0099,34,8,0
W_N_0099,34,9,0
W_N_0099,34,10,0
W_N_0099,34,11,0
W_N_0099,34,12,0
W_N_0099,34,13,0
W_N_0099,34,14,0
W_N_0099,34,15,0
W_N_0099,34,16,0
W_N_0099,34,17,0
W_N_0099,34,18,0
W_N_0099,34,19,0
W_N_0099,34,20,0
W_N_0099,34,21,0
W_N_0099,34,22,0
W_N_0099,34,23,0
W_N_0099,34,24,0
W_N_0099,34,25,0
W_N_0099,34,26,0
W_N_0099,34,27,0
W_N_0099,34,28,0
W_N_0099,34,29,0
W_N_0099,34,30,0
W_N_0099,34,31,0
W_N_0099,34,32,0
W_N_0099,34,33,0
W_N_0099,34,34,0
W_N_0099,34,35,0
W_N_0099,34,36,0
W_N_0099,34,37,0
W_N_0099,35,7,0
W_N_0099,35,8,0
W_N_0099,35,9,0
W_N_0099,35,10,0
W_N_0099,35,11,0
W_N_0099,35,12,0
W_N_0099,35,13,0
W_N_0099,35,14,0
W_N_0099,35,15,0
W_N_0099,35,16,0
W_N_0099,35,17,0
W_N_0099,35,18,0
W_N_0099,35,19,0
W_N_0099,35,20,0
W_N_0099,35,21,1
W_N_0099,35,22,0
W_N_0099,35,23,0
W_N_0099,35,24,0
W_N_0099,35,25,0
W_N_0099,35,26,0
W_N_0099,35,27,0
W_N_0099,35,28,0
W_N_0099,35,29,0
W_N_0099,35,30,0
W_N_0099,35,31,0
W_N_0099,35,32,0
W_N_0099,35,33,0
W_N_0099,35,34,0
W_N_0099,35,35,0
W_N_0099,35,36,0
W_N_0099,36,8,0
W_N_0099,36,9,0
W_N_0099,36,10,0
W_N_0099,36,11,0
W_N_0099,36,12,0
W_N_0099,36,13,0
W_N_0099,36,14,0
W_N_0099,36,15,1
W_N_0099,36,16,0
W_N_0099,36,17,0
W_N_0099,36,18,0
W_N_0099,36,19,0
W_N_0099,36,20,0
W_N_0099,36,21,0
W_N_0099,36,22,0
W_N_0099,36,23,0
W_N_0099,36,24,0
W_N_0099,36,25,0
W_N_0099,36,26,0
W_N_0099,36,27,0
W_N_0099,36,28,0
W_N_0099,36,29,0
W_N_0099,36,30,0
W_N_0099,36,31,0
W_N_0099,36,32,0
W_N_0099,36,33,0
W_N_0099,36,34,0
W_N_0099,36,35,0
W_N_0099,37,9,0
W_N_0099,37,10,0
W_N_0099,37,11,0
W_N_0099,37,12,0
W_N_0099,37,13,0
W_N_0099,37,14,0
W_N_0099,37,15,0
W_N_0099,37,16,0
W_N_0099,37,17,0
W_N_0099,37,18,0
W_N_0099,37,19,0
W_N_0099,37,20,0
W_N_0099,37,21,0
W_N_0099,37,22,0
W_N_0099,37,23,0
W_N_0099,37,24,0
W_N_0099,37,25,1
W_N_0099,37,26,1
W_N_0099,37,27,0
W_N_0099,37,28,0
W_N_0099,37,29,0
W_N_0099,37,30,0
W_N_0099,37,31,0
W_N_0099,37,32,0
W_N_0099,37,33,0
W_N_0099,37,34,0
W_N_0099,38,10,0
W_N_0099,38,11,0
W_N_0099,38,12,0
W_N_0099,38,13,0
W_N_0099,38,14,0
W_N_0099,38,15,0
W_N_0099,38,16,0
W_N_0099,38,17,0
W_N_0099,38,18,0
W_N_0099,38,19,0
W_N_0099,38,20,0
W_N_0099,38,21,0
W_N_0099,38,22,0
W_N_0099,38,23,0
W_N_0099,38,24,0
W_N_0099,38,25,0
W_N_0099,38,26,0
W_N_0099,38,27,0
W_N_0099,38,28,0
W_N_0099,38,29,0
W_N_0099,38,30,0
W_N_0099,38,31,0
W_N_0099,38,32,0
W_N_0099,38,33,0
W_N_0099,39,12,0
W_N_0099,39,13,0
W_N_0099,39,14,0
W_N_0099,39,15,0
W_N_0099,39,16,0
W_N_0099,39,17,0
W_N_0099,39,18,0
W_N_0099,39,19,0
W_N_0099,39,20,0
W_N_0099,39,21,0
W_N_0099,39,22,0
W_N_0099,39,23,0
W_N_0099,39,24,1
W_N_0099,39,25,0
W_N_0099,39,26,0
W_N_0099,39,27,0
W_N_0099,39,28,0
W_N_0099,39,29,0
W_N_0099,39,30,0
W_N_0099,39,31,0
W_N_0099,40,14,0
W_N_0099,40,15,0
W_N_0099,40,16,0
W_N_0099,40,17,0
W_N_0099,40,18,0
W_N_0099,40,19,0
W_N_0099,40,20,0
W_N_0099,40,21,0
W_N_0099,40,22,0
W_N_0099,40,23,0
W_N_0099,40,24,0
W_N_0099,40,25,0
W_N_0099,40,26,0
W_N_0099,40,27,1
W_N_0099,40,28,0
W_N_0099,40,29,0
W_N_0099,41,18,0
W_N_0099,41,19,0
W_N_0099,41,20,0
W_N_0099,41,21,0
W_N_0099,41,22,0
W_N_0099,41,23,0
W_N_0099,41,24,0
W_N_0099,41,25,0
W_F_0027,0,17,1
W_F_0027,0,18,0
W_F_0027,0,19,1
W_F_0027,0,20,1
W_F_0027,0,21,1
W_F_0027,0,22,0
W_F_0027,0,23,0
W_F_0027,1,14,1
W_F_0027,1,15,1
W_F_0027,1,16,1
W_F_0027,1,17,1
W_F_0027,1,18,0
W_F_0027,1,19,1
W_F_0027,1,20,0
W_F_0027,1,21,0
W_F_0027,1,22,1
W_F_0027,1,23,0
W_F_0027,1,24,1
W_F_0027,1,25,0
W_F_0027,1,26,1
W_F_0027,2,12,0
W_F_0027,2,13,1
W_F_0027,2,14,0
W_F_0027,2,15,0
W_F_0027,2,16,0
W_F_0027,2,17,1
W_F_0027,2,18,0
W_F_0027,2,19,0
W_F_0027,2,20,0
W_F_0027,2,21,0
W_F_0027,2,22,0
W_F_0027,2,23,0
W_F_0027,2,24,0
W_F_0027,2,25,0
W_F_0027,2,26,0
W_F_0027,2,27,1
W_F_0027,2,28,1
W_F_0027,3,11,0
W_F_0027,3,12,0
W_F_0027,3,13,1
W_F_0027,3,14,0
W_F_0027,3,15,0
W_F_0027,3,16,0
W_F_0027,3,17,0
W_F_0027,3,18,0
W_F_0027,3,19,0
W_F_0027,3,20,0
W_F_0027,3,21,0
W_F_0027,3,22,0
W_F_0027,3,23,0
W_F_0027,3,24,0
W_F_0027,3,25,1
W_F_0027,3,26,1
W_F_0027,3,27,0
W_F_0027,3,28,0
W_F_0027,3,29,1
W_F_0027,4,10,1
W_F_0027,4,11,1
W_F_0027,4,12,1
W_F_0027,4,13,0
W_F_0027,4,14,0
W_F_0027,4,15,0
W_F_0027,4,16,1
W_F_0027,4,17,1
W_F_0027,4,18,0
W_F_0027,4,19,0
W_F_0027,4,20,0
W_F_0027,4,21,0
W_F_0027,4,22,0
W_F_0027,4,23,0
W_F_0027,4,24,0
W_F_0027,4,25,0
W_F_0027,4,26,0
W_F_0027,4,27,0
W_F_0027,4,28,0
W_F_0027,4,29,0
W_F_0027,4,30,0
W_F_0027,5,9,0
W_F_0027,5,10,0
W_F_0027,5,11,0
W_F_0027,5,12,0
W_F_0027,5,13,0
W_F_0027,5,14,0
W_F_0027,5,15,0
W_F_0027,5,16,0
W_F_0027,5,17,0
W_F_0027,5,18,0
W_F_0027,5,19,1
W_F_0027,5,20,0
W_F_0027,5,21,0
W_F_0027,5,22,0
W_F_0027,5,23,0
W_F_0027,5,24,0
W_F_0027,5,25,0
W_F_0027,5,26,0
W_F_0027,5,27,0
W_F_0027,5,28,0
W_F_0027,5,29,1
W_F_0027,5,30,1
W_F_0027,5,31,1
W_F_0027,6,8,0
W_F_0027,6,9,0
W_F_0027,6,10,0
W_F_0027,6,11,0
W_F_0027,6,12,0
W_F_0027,6,13,1
W_F_0027,6,14,0
W_F_0027,6,15,0
W_F_0027,6,16,0
W_F_0027,6,17,0
W_F_0027,6,18,0
W_F_0027,6,19,0
W_F_0027,6,20,0
W_F_0027,6,21,0
W_F_0027,6,22,0
W_F_0027,6,23,0
W_F_0027,6,24,0
W_F_0027,6,25,0
W_F_0027,6,26,0
W_F_0027,6,27,0
W_F_0027,6,28,0
W_F_0027,6,29,0
W_F_0027,6,30,0
W_F_0027,6,31,0
W_F_0027,6,32,1
W_F_0027,7,7,0
W_F_0027,7,8,0
W_F_0027,7,9,1
W_F_0027,7,10,0
W_F_0027,7,11,0
W_F_0027,7,12,0
W_F_0027,7,13,0
W_F_0027,7,14,1
W_F_0027,7,15,0
W_F_0027,7,16,0
W_F_0027,7,17,0
W_F_0027,7,18,0
W_F_0027,7,19,0
W_F_0027,7,20,0
W_F_0027,7,21,0
W_F_0027,7,22,0
W_F_0027,7,23,0
W_F_0027,7,24,0
W_F_0027,7,25,0
W_F_0027,7,26,0
W_F_0027,7,27,0
W_F_0027,7,28,0
W_F_0027,7,29,0
W_F_0027,7,30,1
W_F_0027,7,31,1
W_F_0027,7,32,1
W_F_0027,7,33,1
W_F_0027,8,6,0
W_F_0027,8,7,0
W_F_0027,8,8,0
W_F_0027,8,9,0
W_F_0027,8,10,0
W_F_0027,8,11,1
W_F_0027,8,12,0
W_F_0027,8,13,1
W_F_0027,8,14,0
W_F_0027,8,15,1
W_F_0027,8,16,0
W_F_0027,8,17,0
W_F_0027,8,18,0
W_F_0027,8,19,0
W_F_0027,8,20,0
W_F_0027,8,21,0
W_F_0027,8,22,0
W_F_0027,8,23,0
W_F_0027,8,24,0
W_F_0027,8,25,1
W_F_0027,8,26,0
W_F_0027,8,27,0
W_F_0027,8,28,0
W_F_0027,8,29,0
W_F_0027,8,30,0
W_F_0027,8,31,1
W_F_0027,8,32,0
W_F_0027,8,33,1
W_F_0027,8,34,1
W_F_0027,9,5,0
W_F_0027,9,6,0
W_F_0027,9,7,1
W_F_0027,9,8,0
W_F_0027,9,9,0
W_F_0027,9,10,0
W_F_0027,9,11,0
W_F_0027,9,12,0
W_F_0027,9,13,0
W_F_0027,9,14,0
W_F_0027,9,15,0
W_F_0027,9,16,0
W_F_0027,9,17,0
W_F_0027,9,18,0
W_F_0027,9,19,1
W_F_0027,9,20,1
W_F_0027,9,21,0
W_F_0027,9,22,0
W_F_0027,9,23,0
W_F_0027,9,24,0
W_F_0027,9,25,0
W_F_0027,9,26,0
W_F_0027,9,27,1
W_F_0027,9,28,0
W_F_0027,9,29,0
W_F_0027,9,30,0
W_F_0027,9,31,0
W_F_0027,9,32,0
W_F_0027,9,33,1
W_F_0027,9,34,0
W_F_0027,9,35,1
W_F_0027,10,5,0
W_F_0027,10,6,0
W_F_0027,10,7,0
W_F_0027,10,8,0
W_F_0027,10,9,0
W_F_0027,10,10,0
W_F_0027,10,11,1
W_F_0027,10,12,0
W_F_0027,10,13,0
W_F_0027,10,14,0
W_F_0027,10,15,0
W_F_0027,10,16,0
W_F_0027,10,17,0
W_F_0027,10,18,0
W_F_0027,10,19,0
W_F_0027,10,20,0
W_F_0027,10,21,0
W_F_0027,10,22,0
W_F_0027,10,23,1
W_F_0027,10,24,0
W_F_0027,10,25,0
W_F_0027,10,26,0
W_F_0027,10,27,0
W_F_0027,10,28,1
W_F_0027,10,29,0
W_F_0027,10,30,0
W_F_0027,10,31,0
W_F_0027,10,32,1
W_F_0027,10,33,0
W_F_0027,10,34,1
W_F_0027,10,35,1
W_F_0027,11,4,1
W_F_0027,11,5,0
W_F_0027,11,6,0
W_F_0027,11,7,1
W_F_0027,11,8,0
W_F_0027,11,9,0
W_F_0027,11,10,0
W_F_0027,11,11,0
W_F_0027,11,12,0
W_F_0027,11,13,0
W_F_0027,11,14,0
W_F_0027,11,15,0
W_F_0027,11,16,0
W_F_0027,11,17,0
W_F_0027,11,18,0
W_F_0027,11,19,0
W_F_0027,11,20,0
W_F_0027,11,21,0
W_F_0027,11,22,1
W_F_0027,11,23,0
W_F_0027,11,24,0
W_F_0027,11,25,0
W_F_0027,11,26,1
W_F_0027,11,27,0
W_F_0027,11,28,0
W_F_0027,11,29,0
W_F_0027,11,30,0
W_F_0027,11,31,1
W_F_0027,11,32,0
W_F_0027,11,33,1
W_F_0027,11,34,1
W_F_0027,11,35,1
W_F_0027,11,36,1
W_F_0027,12,4,1
W_F_0027,12,5,0
W_F_0027,12,6,0
W_F_0027,12,7,0
W_F_0027,12,8,0
W_F_0027,12,9,0
W_F_0027,12,10,1
W_F_0027,12,11,0
W_F_0027,12,12,0
W_F_0027,12,13,0
W_F_0027,12,14,1
W_F_0027,12,15,0
W_F_0027,12,16,0
W_F_0027,12,17,0
W_F_0027,12,18,0
W_F_0027,12,19,0
W_F_0027,12,20,0
W_F_0027,12,21,0
W_F_0027,12,22,0
W_F_0027,12,23,1
W_F_0027,12,24,0
W_F_0027,12,25,0
W_F_0027,12,26,0
W_F_0027,12,27,0
W_F_0027,12,28,0
W_F_0027,12,29,0
W_F_0027,12,30,0
W_F_0027,12,31,0
W_F_0027,12,32,0
W_F_0027,12,33,0
W_F_0027,12,34,1
W_F_0027,12,35,0
W_F_0027,12,36,1
W_F_0027,13,3,1
W_F_0027,13,4,0
W_F_0027,13,5,0
W_F_0027,13,6,1
W_F_0027,13,7,0
W_F_0027,13,8,0
W_F_0027,13,9,1
W_F_0027,13,10,0
W_F_0027,13,11,0
W_F_0027,13,12,0
W_F_0027,13,13,0
W_F_0027,13,14,1
W_F_0027,13,15,0
W_F_0027,13,16,0
W_F_0027,13,17,0
W_F_0027,13,18,0
W_F_0027,13,19,0
W_F_0027,13,20,0
W_F_0027,13,21,0
W_F_0027,13,22,1
W_F_0027,13,23,0
W_F_0027,13,24,0
W_F_0027,13,25,0
W_F_0027,13,26,0
W_F_0027,13,27,0
W_F_0027,13,28,0
W_F_0027,13,29,0
W_F_0027,13,30,0
W_F_0027,13,31,0
W_F_0027,13,32,0
W_F_0027,13,33,0
W_F_0027,13,34,1
W_F_0027,13,35,1
W_F_0027,13,36,1
W_F_0027,13,37,1
W_F_0027,14,3,0
W_F_0027,14,4,1
W_F_0027,14,5,0
W_F_0027,14,6,1
W_F_0027,14,7,0
W_F_0027,14,8,0
W_F_0027,14,9,0
W_F_0027,14,10,0
W_F_0027,14,11,0
W_F_0027,14,12,0
W_F_0027,14,13,0
W_F_0027,14,14,0
W_F_0027,14,15,0
W_F_0027,14,16,0
W_F_0027,14,17,0
W_F_0027,14,18,0
W_F_0027,14,19,0
W_F_0027,14,20,1
W_F_0027,14,21,1
W_F_0027,14,22,0
W_F_0027,14,23,0
W_F_0027,14,24,0
W_F_0027,14,25,0
W_F_0027,14,26,0
W_F_0027,14,27,0
W_F_0027,14,28,0
W_F_0027,14,29,0
W_F_0027,14,30,0
W_F_0027,14,31,0
W_F_0027,14,32,0
W_F_0027,14,33,0
W_F_0027,14,34,1
W_F_0027,14,35,0
W_F_0027,14,36,1
W_F_0027,14,37,1
W_F_0027,15,2,1
W_F_0027,15,3,0
W_F_0027,15,4,0
W_F_0027,15,5,0
W_F_0027,15,6,0
W_F_0027,15,7,0
W_F_0027,15,8,0
W_F_0027,15,9,0
W_F_0027,15,10,1
W_F_0027,15,11,0
W_F_0027,15,12,0
W_F_0027,15,13,1
W_F_0027,15,14,0
W_F_0027,15,15,0
W_F_0027,15,16,0
W_F_0027,15,17,0
W_F_0027,15,18,0
W_F_0027,15,19,1
W_F_0027,15,20,0
W_F_0027,15,21,0
W_F_0027,15,22,0
W_F_0027,15,23,0
W_F_0027,15,24,1
W_F_0027,15,25,0
W_F_0027,15,26,0
W_F_0027,15,27,1
W_F_0027,15,28,0
W_F_0027,15,29,0
W_F_0027,15,30,0
W_F_0027,15,31,1
W_F_0027,15,32,0
W_F_0027,15,33,0
W_F_0027,15,34,0
W_F_0027,15,35,1
W_F_0027,15,36,0
W_F_0027,15,37,1
W_F_0027,15,38,1
W_F_0027,16,2,0
W_F_0027,16,3,0
W_F_0027,16,4,0
W_F_0027,16,5,0
W_F_0027,16,6,0
W_F_0027,16,7,0
W_F_0027,16,8,0
W_F_0027,16,9,1
W_F_0027,16,10,0
W_F_0027,16,11,0
W_F_0027,16,12,1
W_F_0027,16,13,0
W_F_0027,16,14,1
W_F_0027,16,15,0
W_F_0027,16,16,0
W_F_0027,16,17,0
W_F_0027,16,18,0
W_F_0027,16,19,0
W_F_0027,16,20,1
W_F_0027,16,21,0
W_F_0027,16,22,0
W_F_0027,16,23,0
W_F_0027,16,24,0
W_F_0027,16,25,0
W_F_0027,16,26,0
W_F_0027,16,27,1
W_F_0027,16,28,0
W_F_0027,16,29,0
W_F_0027,16,30,0
W_F_0027,16,31,0
W_F_0027,16,32,0
W_F_0027,16,33,1
W_F_0027,16,34,1
W_F_0027,16,35,0
W_F_0027,16,36,1
W_F_0027,16,37,0
W_F_0027,16,38,1
W_F_0027,17,2,0
W_F_0027,17,3,1
W_F_0027,17,4,0
W_F_0027,17,5,0
W_F_0027,17,6,0
W_F_0027,17,7,0
W_F_0027,17,8,1
W_F_0027,17,9,1
W_F_0027,17,10,1
W_F_0027,17,11,0
W_F_0027,17,12,0
W_F_0027,17,13,0
W_F_0027,17,14,0
W_F_0027,17,15,0
W_F_0027,17,16,0
W_F_0027,17,17,0
W_F_0027,17,18,0
W_F_0027,17,19,0
W_F_0027,17,20,0
W_F_0027,17,21,0
W_F_0027,17,22,0
W_F_0027,17,23,0
W_F_0027,17,24,1
W_F_0027,17,25,0
W_F_0027,17,26,0
W_F_0027,17,27,0
W_F_0027,17,28,0
W_F_0027,17,29,0
W_F_0027,17,30,0
W_F_0027,17,31,0
W_F_0027,17,32,1
W_F_0027,17,33,0
W_F_0027,17,34,1
W_F_0027,17,35,0
W_F_0027,17,36,1
W_F_0027,17,37,1
W_F_0027,17,38,1
W_F_0027,18,1,0
W_F_0027,18,2,0
W_F_0027,18,3,0
W_F_0027,18,4,0
W_F_0027,18,5,0
W_F_0027,18,6,0
W_F_0027,18,7,0
W_F_0027,18,8,0
W_F_0027,18,9,0
W_F_0027,18,10,0
W_F_0027,18,11,0
W_F_0027,18,12,0
W_F_0027,18,13,0
W_F_0027,18,14,0
W_F_0027,18,15,0
W_F_0027,18,16,0
W_F_0027,18,17,0
W_F_0027,18,18,0
W_F_0027,18,19,0
W_F_0027,18,20,0
W_F_0027,18,21,0
W_F_0027,18,22,0
W_F_0027,18,23,0
W_F_0027,18,24,0
W_F_0027,18,25,0
W_F_0027,18,26,0
W_F_0027,18,27,0
W_F_0027,18,28,0
W_F_0027,18,29,0
W_F_0027,18,30,0
W_F_0027,18,31,0
W_F_0027,18,32,0
W_F_0027,18,33,1
W_F_0027,18,34,0
W_F_0027,18,35,0
W_F_0027,18,36,0
W_F_0027,18,37,0
W_F_0027,18,38,1
W_F_0027,18,39,1
W_F_0027,19,1,0
W_F_0027,19,2,0
W_F_0027,19,3,0
W_F_0027,19,4,0
W_F_0027,19,5,0
W_F_0027,19,6,0
W_F_0027,19,7,1
W_F_0027,19,8,0
W_F_0027,19,9,0
W_F_0027,19,10,0
W_F_0027,19,11,0
W_F_0027,19,12,1
W_F_0027,19,13,0
W_F_0027,19,14,0
W_F_0027,19,15,0
W_F_0027,19,16,0
W_F_0027,19,17,0
W_F_0027,19,18,0
W_F_0027,19,19,0
W_F_0027,19,20,0
W_F_0027,19,21,0
W_F_0027,19,22,0
W_F_0027,19,23,0
W_F_0027,19,24,0
W_F_0027,19,25,0
W_F_0027,19,26,0
W_F_0027,19,27,0
W_F_0027,19,28,0
W_F_0027,19,29,0
W_F_0027,19,30,0
W_F_0027,19,31,0
W_F_0027,19,32,0
W_F_0027,19,33,0
W_F_0027,19,34,0
W_F_0027,19,35,1
W_F_0027,19,36,1
W_F_0027,19,37,1
W_F_0027,19,38,1
W_F_0027,19,39,1
W_F_0027,20,1,1
W_F_0027,20,2,1
W_F_0027,20,3,1
W_F_0027,20,4,0
W_F_0027,20,5,0
W_F_0027,20,6,0
W_F_0027,20,7,1
W_F_0027,20,8,0
W_F_0027,20,9,0
W_F_0027,20,10,1
W_F_0027,20,11,1
W_F_0027,20,12,0
W_F_0027,20,13,0
W_F_0027,20,14,0
W_F_0027,20,15,1
W_F_0027,20,16,0
W_F_0027,20,17,0
W_F_0027,20,18,0
W_F_0027,20,19,0
W_F_0027,20,20,1
W_F_0027,20,21,0
W_F_0027,20,22,0
W_F_0027,20,23,0
W_F_0027,20,24,0
W_F_0027,20,25,0
W_F_0027,20,26,0
W_F_0027,20,27,0
W_F_0027,20,28,0
W_F_0027,20,29,0
W_F_0027,20,30,0
W_F_0027,20,31,0
W_F_0027,20,32,0
W_F_0027,20,33,0
W_F_0027,20,34,0
W_F_0027,20,35,1
W_F_0027,20,36,1
W_F_0027,20,37,0
W_F_0027,20,38,0
W_F_0027,20,39,1
W_F_0027,21,1,0
W_F_0027,21,2,0
W_F_0027,21,3,1
W_F_0027,21,4,0
W_F_0027,21,5,0
W_F_0027,21,6,1
W_F_0027,21,7,1
W_F_0027,21,8,0
W_F_0027,21,9,0
W_F_0027,21,10,1
W_F_0027,21,11,1
W_F_0027,21,12,0
W_F_0027,21,13,0
W_F_0027,21,14,0
W_F_0027,21,15,0
W_F_0027,21,16,0
W_F_0027,21,17,0
W_F_0027,21,18,1
W_F_0027,21,19,0
W_F_0027,21,20,0
W_F_0027,21,21,1
W_F_0027,21,22,0
W_F_0027,21,23,0
W_F_0027,21,24,0
W_F_0027,21,25,0
W_F_0027,21,26,0
W_F_0027,21,27,0
W_F_0027,21,28,0
W_F_0027,21,29,0
W_F_0027,21,30,0
W_F_0027,21,31,1
W_F_0027,21,32,0
W_F_0027,21,33,0
W_F_0027,21,34,0
W_F_0027,21,35,0
W_F_0027,21,36,0
W_F_0027,21,37,0
W_F_0027,21,38,1
W_F_0027,21,39,0
W_F_0027,22,1,0
W_F_0027,22,2,0
W_F_0027,22,3,0
W_F_0027,22,4,0
W_F_0027,22,5,0
W_F_0027,22,6,0
W_F_0027,22,7,0
W_F_0027,22,8,0
W_F_0027,22,9,0
W_F_0027,22,10,0
W_F_0027,22,11,0
W_F_0027,22,12,0
W_F_0027,22,13,0
W_F_0027,22,14,0
W_F_0027,22,15,1
W_F_0027,22,16,0
W_F_0027,22,17,0
W_F_0027,22,18,0
W_F_0027,22,19,0
W_F_0027,22,20,0
W_F_0027,22,21,0
W_F_0027,22,22,0
W_F_0027,22,23,0
W_F_0027,22,24,0
W_F_0027,22,25,0
W_F_0027,22,26,0
W_F_0027,22,27,0
W_F_0027,22,28,0
W_F_0027,22,29,0
W_F_0027,22,30,0
W_F_0027,22,31,0
W_F_0027,22,32,0
W_F_0027,22,33,0
W_F_0027,22,34,0
W_F_0027,22,35,1
W_F_0027,22,36,0
W_F_0027,22,37,1
W_F_0027,22,38,1
W_F_0027,22,39,0
W_F_0027,23,0,1
W_F_0027,23,1,0
W_F_0027,23,2,0
W_F_0027,23,3,0
W_F_0027,23,4,0
W_F_0027,23,5,0
W_F_0027,23,6,0
W_F_0027,23,7,0
W_F_0027,23,8,1
W_F_0027,23,9,1
W_F_0027,23,10,0
W_F_0027,23,11,0
W_F_0027,23,12,0
W_F_0027,23,13,0
W_F_0027,23,14,0
W_F_0027,23,15,0
W_F_0027,23,16,0
W_F_0027,23,17,0
W_F_0027,23,18,0
W_F_0027,23,19,0
W_F_0027,23,20,1
W_F_0027,23,21,0
W_F_0027,23,22,0
W_F_0027,23,23,0
W_F_0027,23,24,0
W_F_0027,23,25,0
W_F_0027,23,26,0
W_F_0027,23,27,0
W_F_0027,23,28,0
W_F_0027,23,29,0
W_F_0027,23,30,0
W_F_0027,23,31,0
W_F_0027,23,32,0
W_F_0027,23,33,1
W_F_0027,23,34,0
W_F_0027,23,35,0
W_F_0027,23,36,0
W_F_0027,23,37,0
W_F_0027,23,38,0
W_F_0027,23,39,1
W_F_0027,23,40,1
W_F_0027,24,0,0
W_F_0027,24,1,1
W_F_0027,24,2,0
W_F_0027,24,3,0
W_F_0027,24,4,0
W_F_0027,24,5,1
W_F_0027,24,6,0
W_F_0027,24,7,0
W_F_0027,24,8,0
W_F_0027,24,9,0
W_F_0027,24,10,0
W_F_0027,24,11,0
W_F_0027,24,12,0
W_F_0027,24,13,0
W_F_0027,24,14,0
W_F_0027,24,15,0
W_F_0027,24,16,1
W_F_0027,24,17,0
W_F_0027,24,18,0
W_F_0027,24,19,0
W_F_0027,24,20,0
W_F_0027,24,21,0
W_F_0027,24,22,0
W_F_0027,24,23,0
W_F_0027,24,24,0
W_F_0027,24,25,0
W_F_0027,24,26,1
W_F_0027,24,27,0
W_F_0027,24,28,0
W_F_0027,24,29,0
W_F_0027,24,30,0
W_F_0027,24,31,0
W_F_0027,24,32,0
W_F_0027,24,33,0
W_F_0027,24,34,0
W_F_0027,24,35,0
W_F_0027,24,36,0
W_F_0027,24,37,0
W_F_0027,24,38,0
W_F_0027,24,39,0
W_F_0027,24,40,1
W_F_0027,25,0,0
W_F_0027,25,1,0
W_F_0027,25,2,0
W_F_0027,25,3,0
W_F_0027,25,4,1
W_F_0027,25,5,0
W_F_0027,25,6,0
W_F_0027,25,7,0
W_F_0027,25,8,1
W_F_0027,25,9,1
W_F_0027,25,10,0
W_F_0027,25,11,0
W_F_0027,25,12,0
W_F_0027,25,13,1
W_F_0027,25,14,0
W_F_0027,25,15,0
W_F_0027,25,16,0
W_F_0027,25,17,1
W_F_0027,25,18,0
W_F_0027,25,19,0
W_F_0027,25,20,0
W_F_0027,25,21,1
W_F_0027,25,22,0
W_F_0027,25,23,0
W_F_0027,25,24,0
W_F_0027,25,25,1
W_F_0027,25,26,0
W_F_0027,25,27,0
W_F_0027,25,28,0
W_F_0027,25,29,0
W_F_0027,25,30,0
W_F_0027,25,31,0
W_F_0027,25,32,0
W_F_0027,25,33,0
W_F_0027,25,34,0
W_F_0027,25,35,0
W_F_0027,25,36,0
W_F_0027,25,37,0
W_F_0027,25,38,1
W_F_0027,25,39,1
W_F_0027,25,40,1
W_F_0027,26,0,0
W_F_0027,26,1,0
W_F_0027,26,2,0
W_F_0027,26,3,0
W_F_0027,26,4,0
W_F_0027,26,5,1
W_F_0027,26,6,0
W_F_0027,26,7,0
W_F_0027,26,8,1
W_F_0027,26,9,1
W_F_0027,26,10,0
W_F_0027,26,11,0
W_F_0027,26,12,0
W_F_0027,26,13,0
W_F_0027,26,14,0
W_F_0027,26,15,0
W_F_0027,26,16,0
W_F_0027,26,17,0
W_F_0027,26,18,0
W_F_0027,26,19,0
W_F_0027,26,20,0
W_F_0027,26,21,0
W_F_0027,26,22,0
W_F_0027,26,23,0
W_F_0027,26,24,0
W_F_0027,26,25,1
W_F_0027,26,26,0
W_F_0027,26,27,0
W_F_0027,26,28,0
W_F_0027,26,29,0
W_F_0027,26,30,0
W_F_0027,26,31,0
W_F_0027,26,32,0
W_F_0027,26,33,0
W_F_0027,26,34,0
W_F_0027,26,35,0
W_F_0027,26,36,0
W_F_0027,26,37,0
W_F_0027,26,38,0
W_F_0027,26,39,0
W_F_0027,26,40,1
W_F_0027,27,0,0
W_F_0027,27,1,0
W_F_0027,27,2,1
W_F_0027,27,3,0
W_F_0027,27,4,0
W_F_0027,27,5,0
W_F_0027,27,6,0
W_F_0027,27,7,0
W_F_0027,27,8,0
W_F_0027,27,9,0
W_F_0027,27,10,0
W_F_0027,27,11,0
W_F_0027,27,12,0
W_F_0027,27,13,1
W_F_0027,27,14,0
W_F_0027,27,15,0
W_F_0027,27,16,0
W_F_0027,27,17,0
W_F_0027,27,18,0
W_F_0027,27,19,0
W_F_0027,27,20,0
W_F_0027,27,21,0
W_F_0027,27,22,0
W_F_0027,27,23,0
W_F_0027,27,24,0
W_F_0027,27,25,0
W_F_0027,27,26,0
W_F_0027,27,27,0
W_F_0027,27,28,0
W_F_0027,27,29,0
W_F_0027,27,30,0
W_F_0027,27,31,0
W_F_0027,27,32,0
W_F_0027,27,33,0
W_F_0027,27,34,0
W_F_0027,27,35,0
W_F_0027,27,36,0
W_F_0027,27,37,0
W_F_0027,27,38,0
W_F_0027,27,39,1
W_F_0027,27,40,0
W_F_0027,28,0,1
W_F_0027,28,1,0
W_F_0027,28,2,0
W_F_0027,28,3,0
W_F_0027,28,4,0
W_F_0027,28,5,0
W_F_0027,28,6,0
W_F_0027,28,7,0
W_F_0027,28,8,0
W_F_0027,28,9,0
W_F_0027,28,10,0
W_F_0027,28,11,0
W_F_0027,28,12,0
W_F_0027,28,13,1
W_F_0027,28,14,0
W_F_0027,28,15,0
W_F_0027,28,16,0
W_F_0027,28,17,0
W_F_0027,28,18,0
W_F_0027,28,19,1
W_F_0027,28,20,1
W_F_0027,28,21,0
W_F_0027,28,22,0
W_F_0027,28,23,0
W_F_0027,28,24,0
W_F_0027,28,25,0
W_F_0027,28,26,0
W_F_0027,28,27,0
W_F_0027,28,28,0
W_F_0027,28,29,0
W_F_0027,28,30,0
W_F_0027,28,31,0
W_F_0027,28,32,0
W_F_0027,28,33,0
W_F_0027,28,34,0
W_F_0027,28,35,0
W_F_0027,28,36,0
W_F_0027,28,37,0
W_F_0027,28,38,1
W_F_0027,28,39,0
W_F_0027,28,40,0
W_F_0027,29,0,0
W_F_0027,29,1,0
W_F_0027,29,2,1
W_F_0027,29,3,0
W_F_0027,29,4,0
W_F_0027,29,5,0
W_F_0027,29,6,0
W_F_0027,29,7,0
W_F_0027,29,8,0
W_F_0027,29,9,0
W_F_0027,29,10,0
W_F_0027,29,11,0
W_F_0027,29,12,0
W_F_0027,29,13,0
W_F_0027,29,14,0
W_F_0027,29,15,0
W_F_0027,29,16,0
W_F_0027,29,17,0
W_F_0027,29,18,0
W_F_0027,29,19,0
W_F_0027,29,20,0
W_F_0027,29,21,0
W_F_0027,29,22,0
W_F_0027,29,23,0
W_F_0027,29,24,0
W_F_0027,29,25,0
W_F_0027,29,26,0
W_F_0027,29,27,0
W_F_0027,29,28,0
W_F_0027,29,29,0
W_F_0027,29,30,0
W_F_0027,29,31,1
W_F_0027,29,32,0
W_F_0027,29,33,0
W_F_0027,29,34,0
W_F_0027,29,35,0
W_F_0027,29,36,0
W_F_0027,29,37,0
W_F_0027,29,38,1
W_F_0027,29,39,0
W_F_0027,29,40,1
W_F_0027,30,0,1
W_F_0027,30,1,0
W_F_0027,30,2,0
W_F_0027,30,3,0
W_F_0027,30,4,0
W_F_0027,30,5,0
W_F_0027,30,6,0
W_F_0027,30,7,0
W_F_0027,30,8,1
W_F_0027,30,9,0
W_F_0027,30,10,0
W_F_0027,30,11,0
W_F_0027,30,12,0
W_F_0027,30,13,0
W_F_0027,30,14,0
W_F_0027,30,15,0
W_F_0027,30,16,1
W_F_0027,30,17,0
W_F_0027,30,18,0
W_F_0027,30,19,0
W_F_0027,30,20,1
W_F_0027,30,21,0
W_F_0027,30,22,0
W_F_0027,30,23,0
W_F_0027,30,24,0
W_F_0027,30,25,0
W_F_0027,30,26,0
W_F_0027,30,27,0
W_F_0027,30,28,0
W_F_0027,30,29,0
W_F_0027,30,30,0
W_F_0027,30,31,0
W_F_0027,30,32,0
W_F_0027,30,33,0
W_F_0027,30,34,0
W_F_0027,30,35,0
W_F_0027,30,36,0
W_F_0027,30,37,0
W_F_0027,30,38,0
W_F_0027,30,39,0
W_F_0027,30,40,1
W_F_0027,31,0,1
W_F_0027,31,1,0
W_F_0027,31,2,0
W_F_0027,31,3,1
W_F_0027,31,4,0
W_F_0027,31,5,0
W_F_0027,31,6,0
W_F_0027,31,7,0
W_F_0027,31,8,0
W_F_0027,31,9,0
W_F_0027,31,10,0
W_F_0027,31,11,0
W_F_0027,31,12,0
W_F_0027,31,13,0
W_F_0027,31,14,0
W_F_0027,31,15,0
W_F_0027,31,16,0
W_F_0027,31,17,0
W_F_0027,31,18,0
W_F_0027,31,19,0
W_F_0027,31,20,0
W_F_0027,31,21,0
W_F_0027,31,22,0
W_F_0027,31,23,1
W_F_0027,31,24,0
W_F_0027,31,25,1
W_F_0027,31,26,0
W_F_0027,31,27,0
W_F_0027,31,28,1
W_F_0027,31,29,0
W_F_0027,31,30,0
W_F_0027,31,31,0
W_F_0027,31,32,0
W_F_0027,31,33,0
W_F_0027,31,34,0
W_F_0027,31,35,0
W_F_0027,31,36,0
W_F_0027,31,37,0
W_F_0027,31,38,1
W_F_0027,31,39,1
W_F_0027,31,40,1
W_F_0027,32,0,1
W_F_0027,32,1,0
W_F_0027,32,2,0
W_F_0027,32,3,1
W_F_0027,32,4,0
W_F_0027,32,5,0
W_F_0027,32,6,0
W_F_0027,32,7,0
W_F_0027,32,8,0
W_F_0027,32,9,0
W_F_0027,32,10,0
W_F_0027,32,11,0
W_F_0027,32,12,0
W_F_0027,32,13,0
W_F_0027,32,14,0
W_F_0027,32,15,0
W_F_0027,32,16,0
W_F_0027,32,17,0
W_F_0027,32,18,0
W_F_0027,32,19,0
W_F_0027,32,20,0
W_F_0027,32,21,0
W_F_0027,32,22,1
W_F_0027,32,23,0
W_F_0027,32,24,0
W_F_0027,32,25,0
W_F_0027,32,26,0
W_F_0027,32,27,0
W_F_0027,32,28,0
W_F_0027,32,29,0
W_F_0027,32,30,0
W_F_0027,32,31,0
W_F_0027,32,32,0
W_F_0027,32,33,0
W_F_0027,32,34,0
W_F_0027,32,35,0
W_F_0027,32,36,0
W_F_0027,32,37,0
W_F_0027,32,38,0
W_F_0027,32,39,0
W_F_0027,32,40,1
W_F_0027,33,0,1
W_F_0027,33,1,0
W_F_0027,33,2,0
W_F_0027,33,3,0
W_F_0027,33,4,0
W_F_0027,33,5,1
W_F_0027,33,6,0
W_F_0027,33,7,0
W_F_0027,33,8,1
W_F_0027,33,9,0
W_F_0027,33,10,0
W_F_0027,33,11,0
W_F_0027,33,12,0
W_F_0027,33,13,0
W_F_0027,33,14,0
W_F_0027,33,15,0
W_F_0027,33,16,0
W_F_0027,33,17,0
W_F_0027,33,18,0
W_F_0027,33,19,0
W_F_0027,33,20,0
W_F_0027,33,21,0
W_F_0027,33,22,0
W_F_0027,33,23,0
W_F_0027,33,24,0
W_F_0027,33,25,0
W_F_0027,33,26,0
W_F_0027,33,27,0
W_F_0027,33,28,0
W_F_0027,33,29,0
W_F_0027,33,30,0
W_F_0027,33,31,0
W_F_0027,33,32,0
W_F_0027,33,33,1
W_F_0027,33,34,0
W_F_0027,33,35,0
W_F_0027,33,36,0
W_F_0027,33,37,0
W_F_0027,33,38,0
W_F_0027,33,39,0
W_F_0027,33,40,1
W_F_0027,34,1,0
W_F_0027,34,2,0
W_F_0027,34,3,0
W_F_0027,34,4,0
W_F_0027,34,5,1
W_F_0027,34,6,1
W_F_0027,34,7,0
W_F_0027,34,8,0
W_F_0027,34,9,0
W_F_0027,34,10,0
W_F_0027,34,11,0
W_F_0027,34,12,0
W_F_0027,34,13,0
W_F_0027,34,14,0
W_F_0027,34,15,1
W_F_0027,34,16,1
W_F_0027,34,17,0
W_F_0027,34,18,0
W_F_0027,34,19,0
W_F_0027,34,20,0
W_F_0027,34,21,0
W_F_0027,34,22,0
W_F_0027,34,23,0
W_F_0027,34,24,0
W_F_0027,34,25,0
W_F_0027,34,26,1
W_F_0027,34,27,0
W_F_0027,34,28,0
W_F_0027,34,29,0
W_F_0027,34,30,0
W_F_0027,34,31,0
W_F_0027,34,32,0
W_F_0027,34,33,0
W_F_0027,34,34,0
W_F_0027,34,35,0
W_F_0027,34,36,0
W_F_0027,34,37,0
W_F_0027,34,38,0
W_F_0027,34,39,0
W_F_0027,35,1,0
W_F_0027,35,2,0
W_F_0027,35,3,0
W_F_0027,35,4,0
W_F_0027,35,5,0
W_F_0027,35,6,0
W_F_0027,35,7,0
W_F_0027,35,8,0
W_F_0027,35,9,0
W_F_0027,35,10,0
W_F_0027,35,11,0
W_F_0027,35,12,0
W_F_0027,35,13,0
W_F_0027,35,14,0
W_F_0027,35,15,0
W_F_0027,35,16,0
W_F_0027,35,17,0
W_F_0027,35,18,0
W_F_0027,35,19,0
W_F_0027,35,20,0
W_F_0027,35,21,0
W_F_0027,35,22,0
W_F_0027,35,23,0
W_F_0027,35,24,0
W_F_0027,35,25,0
W_F_0027,35,26,0
W_F_0027,35,27,0
W_F_0027,35,28,0
W_F_0027,35,29,0
W_F_0027,35,30,0
W_F_0027,35,31,0
W_F_0027,35,32,0
W_F_0027,35,33,0
W_F_0027,35,34,1
W_F_0027,35,35,0
W_F_0027,35,36,0
W_F_0027,35,37,1
W_F_0027,35,38,0
W_F_0027,35,39,0
W_F_0027,36,1,1
W_F_0027,36,2,0
W_F_0027,36,3,0
W_F_0027,36,4,0
W_F_0027,36,5,0
W_F_0027,36,6,1
W_F_0027,36,7,1
W_F_0027,36,8,0
W_F_0027,36,9,0
W_F_0027,36,10,0
W_F_0027,36,11,0
W_F_0027,36,12,0
W_F_0027,36,13,0
W_F_0027,36,14,0
W_F_0027,36,15,0
W_F_0027,36,16,0
W_F_0027,36,17,0
W_F_0027,36,18,0
W_F_0027,36,19,0
W_F_0027,36,20,0
W_F_0027,36,21,0
W_F_0027,36,22,0
W_F_0027,36,23,0
W_F_0027,36,24,0
W_F_0027,36,25,0
W_F_0027,36,26,0
W_F_0027,36,27,0
W_F_0027,36,28,0
W_F_0027,36,29,0
W_F_0027,36,30,0
W_F_0027,36,31,1
W_F_0027,36,32,0
W_F_0027,36,33,0
W_F_0027,36,34,1
W_F_0027,36,35,0
W_F_0027,36,36,0
W_F_0027,36,37,0
W_F_0027,36,38,0
W_F_0027,36,39,0
W_F_0027,37,1,0
W_F_0027,37,2,0
W_F_0027,37,3,0
W_F_0027,37,4,0
W_F_0027,37,5,0
W_F_0027,37,6,0
W_F_0027,37,7,0
W_F_0027,37,8,1
W_F_0027,37,9,0
W_F_0027,37,10,0
W_F_0027,37,11,0
W_F_0027,37,12,0
W_F_0027,37,13,0
W_F_0027,37,14,0
W_F_0027,37,15,1
W_F_0027,37,16,0
W_F_0027,37,17,1
W_F_0027,37,18,0
W_F_0027,37,19,0
W_F_0027,37,20,0
W_F_0027,37,21,0
W_F_0027,37,22,0
W_F_0027,37,23,0
W_F_0027,37,24,0
W_F_0027,37,25,0
W_F_0027,37,26,1
W_F_0027,37,27,0
W_F_0027,37,28,0
W_F_0027,37,29,0
W_F_0027,37,30,0
W_F_0027,37,31,0
W_F_0027,37,32,0
W_F_0027,37,33,0
W_F_0027,37,34,0
W_F_0027,37,35,0
W_F_0027,37,36,0
W_F_0027,37,37,0
W_F_0027,37,38,1
W_F_0027,37,39,1
W_F_0027,38,2,0
W_F_0027,38,3,0
W_F_0027,38,4,0
W_F_0027,38,5,0
W_F_0027,38,6,0
W_F_0027,38,7,0
W_F_0027,38,8,0
W_F_0027,38,9,1
W_F_0027,38,10,0
W_F_0027,38,11,0
W_F_0027,38,12,0
W_F_0027,38,13,0
W_F_0027,38,14,0
W_F_0027,38,15,0
W_F_0027,38,16,0
W_F_0027,38,17,0
W_F_0027,38,18,0
W_F_0027,38,19,0
W_F_0027,38,20,0
W_F_0027,38,21,0
W_F_0027,38,22,0
W_F_0027,38,23,1
W_F_0027,38,24,0
W_F_0027,38,25,0
W_F_0027,38,26,0
W_F_0027,38,27,0
W_F_0027,38,28,0
W_F_0027,38,29,0
W_F_0027,38,30,0
W_F_0027,38,31,0
W_F_0027,38,32,0
W_F_0027,38,33,0
W_F_0027,38,34,0
W_F_0027,38,35,0
W_F_0027,38,36,0
W_F_0027,38,37,0
W_F_0027,38,38,0
W_F_0027,39,2,0
W_F_0027,39,3,0
W_F_0027,39,4,0
W_F_0027,39,5,0
W_F_0027,39,6,0
W_F_0027,39,7,0
W_F_0027,39,8,0
W_F_0027,39,9,0
W_F_0027,39,10,0
W_F_0027,39,11,0
W_F_0027,39,12,0
W_F_0027,39,13,1
W_F_0027,39,14,0
W_F_0027,39,15,0
W_F_0027,39,16,0
W_F_0027,39,17,0
W_F_0027,39,18,0
W_F_0027,39,19,0
W_F_0027,39,20,0
W_F_0027,39,21,0
W_F_0027,39,22,0
W_F_0027,39,23,0
W_F_0027,39,24,0
W_F_0027,39,25,0
W_F_0027,39,26,1
W_F_0027,39,27,0
W_F_0027,39,28,0
W_F_0027,39,29,0
W_F_0027,39,30,0
W_F_0027,39,31,0
W_F_0027,39,32,0
W_F_0027,39,33,0
W_F_0027,39,34,0
W_F_0027,39,35,1
W_F_0027,39,36,0
W_F_0027,39,37,0
W_F_0027,39,38,1
W_F_0027,40,2,0
W_F_0027,40,3,0
W_F_0027,40,4,0
W_F_0027,40,5,0
W_F_0027,40,6,0
W_F_0027,40,7,0
W_F_0027,40,8,0
W_F_0027,40,9,0
W_F_0027,40,10,0
W_F_0027,40,11,0
W_F_0027,40,12,0
W_F_0027,40,13,0
W_F_0027,40,14,0
W_F_0027,40,15,0
W_F_0027,40,16,0
W_F_0027,40,17,0
W_F_0027,40,18,0
W_F_0027,40,19,0
W_F_0027,40,20,0
W_F_0027,40,21,1
W_F_0027,40,22,0
W_F_0027,40,23,1
W_F_0027,40,24,0
W_F_0027,40,25,0
W_F_0027,40,26,0
W_F_0027,40,27,1
W_F_0027,40,28,0
W_F_0027,40,29,0
W_F_0027,40,30,0
W_F_0027,40,31,0
W_F_0027,40,32,0
W_F_0027,40,33,0
W_F_0027,40,34,0
W_F_0027,40,35,0
W_F_0027,40,36,1
W_F_0027,40,37,0
W_F_0027,40,38,1
W_F_0027,41,3,0
W_F_0027,41,4,0
W_F_0027,41,5,0
W_F_0027,41,6,0
W_F_0027,41,7,0
W_F_0027,41,8,0
W_F_0027,41,9,0
W_F_0027,41,10,0
W_F_0027,41,11,0
W_F_0027,41,12,0
W_F_0027,41,13,0
W_F_0027,41,14,0
W_F_0027,41,15,0
W_F_0027,41,16,0
W_F_0027,41,17,0
W_F_0027,41,18,1
W_F_0027,41,19,0
W_F_0027,41,20,0
W_F_0027,41,21,0
W_F_0027,41,22,0
W_F_0027,41,23,0
W_F_0027,41,24,0
W_F_0027,41,25,0
W_F_0027,41,26,0
W_F_0027,41,27,0
W_F_0027,41,28,0
W_F_0027,41,29,0
W_F_0027,41,30,0
W_F_0027,41,31,0
W_F_0027,41,32,0
W_F_0027,41,33,0
W_F_0027,41,34,1
W_F_0027,41,35,0
W_F_0027,41,36,1
W_F_0027,41,37,0
W_F_0027,42,3,1
W_F_0027,42,4,0
W_F_0027,42,5,0
W_F_0027,42,6,0
W_F_0027,42,7,0
W_F_0027,42,8,0
W_F_0027,42,9,0
W_F_0027,42,10,0
W_F_0027,42,11,0
W_F_0027,42,12,0
W_F_0027,42,13,0
W_F_0027,42,14,0
W_F_0027,42,15,0
W_F_0027,42,16,0
W_F_0027,42,17,0
W_F_0027,42,18,0
W_F_0027,42,19,0
W_F_0027,42,20,0
W_F_0027,42,21,0
W_F_0027,42,22,0
W_F_0027,42,23,0
W_F_0027,42,24,0
W_F_0027,42,25,0
W_F_0027,42,26,0
W_F_0027,42,27,0
W_F_0027,42,28,0
W_F_0027,42,29,0
W_F_0027,42,30,0
W_F_0027,42,31,0
W_F_0027,42,32,0
W_F_0027,42,33,0
W_F_0027,42,34,1
W_F_0027,42,35,0
W_F_0027,42,36,0
W_F_0027,42,37,0
W_F_0027,43,3,1
W_F_0027,43,4,0
W_F_0027,43,5,0
W_F_0027,43,6,0
W_F_0027,43,7,0
W_F_0027,43,8,1
W_F_0027,43,9,0
W_F_0027,43,10,0
W_F_0027,43,11,0
W_F_0027,43,12,0
W_F_0027,43,13,1
W_F_0027,43,14,0
W_F_0027,43,15,0
W_F_0027,43,16,0
W_F_0027,43,17,1
W_F_0027,43,18,0
W_F_0027,43,19,0
W_F_0027,43,20,0
W_F_0027,43,21,0
W_F_0027,43,22,0
W_F_0027,43,23,0
W_F_0027,43,24,0
W_F_0027,43,25,0
W_F_0027,43,26,0
W_F_0027,43,27,0
W_F_0027,43,28,0
W_F_0027,43,29,0
W_F_0027,43,30,0
W_F_0027,43,31,0
W_F_0027,43,32,0
W_F_0027,43,33,0
W_F_0027,43,34,0
W_F_0027,43,35,0
W_F_0027,43,36,1
W_F_0027,43,37,1
W_F_0027,44,4,0
W_F_0027,44,5,0
W_F_0027,44,6,0
W_F_0027,44,7,0
W_F_0027,44,8,0
W_F_0027,44,9,0
W_F_0027,44,10,0
W_F_0027,44,11,0
W_F_0027,44,12,0
W_F_0027,44,13,0
W_F_0027,44,14,0
W_F_0027,44,15,0
W_F_0027,44,16,0
W_F_0027,44,17,1
W_F_0027,44,18,0
W_F_0027,44,19,0
W_F_0027,44,20,0
W_F_0027,44,21,0
W_F_0027,44,22,0
W_F_0027,44,23,1
W_F_0027,44,24,0
W_F_0027,44,25,0
W_F_0027,44,26,1
W_F_0027,44,27,1
W_F_0027,44,28,0
W_F_0027,44,29,1
W_F_0027,44,30,0
W_F_0027,44,31,0
W_F_0027,44,32,0
W_F_0027,44,33,0
W_F_0027,44,34,0
W_F_0027,44,35,0
W_F_0027,44,36,0
W_F_0027,45,4,1
W_F_0027,45,5,0
W_F_0027,45,6,0
W_F_0027,45,7,0
W_F_0027,45,8,0
W_F_0027,45,9,0
W_F_0027,45,10,0
W_F_0027,45,11,0
W_F_0027,45,12,0
W_F_0027,45,13,0
W_F_0027,45,14,0
W_F_0027,45,15,0
W_F_0027,45,16,1
W_F_0027,45,17,0
W_F_0027,45,18,0
W_F_0027,45,19,0
W_F_0027,45,20,0
W_F_0027,45,21,0
W_F_0027,45,22,0
W_F_0027,45,23,0
W_F_0027,45,24,0
W_F_0027,45,25,0
W_F_0027,45,26,0
W_F_0027,45,27,0
W_F_0027,45,28,0
W_F_0027,45,29,0
W_F_0027,45,30,0
W_F_0027,45,31,0
W_F_0027,45,32,0
W_F_0027,45,33,0
W_F_0027,45,34,0
W_F_0027,45,35,0
W_F_0027,46,5,0
W_F_0027,46,6,0
W_F_0027,46,7,0
W_F_0027,46,8,0
W_F_0027,46,9,1
W_F_0027,46,10,0
W_F_0027,46,11,0
W_F_0027,46,12,0
W_F_0027,46,13,0
W_F_0027,46,14,1
W_F_0027,46,15,0
W_F_0027,46,16,1
W_F_0027,46,17,0
W_F_0027,46,18,0
W_F_0027,46,19,0
W_F_0027,46,20,0
W_F_0027,46,21,0
W_F_0027,46,22,0
W_F_0027,46,23,0
W_F_0027,46,24,0
W_F_0027,46,25,0
W_F_0027,46,26,0
W_F_0027,46,27,0
W_F_0027,46,28,0
W_F_0027,46,29,0
W_F_0027,46,30,0
W_F_0027,46,31,0
W_F_0027,46,32,0
W_F_0027,46,33,0
W_F_0027,46,34,0
W_F_0027,46,35,0
W_F_0027,47,6,0
W_F_0027,47,7,0
W_F_0027,47,8,0
W_F_0027,47,9,0
W_F_0027,47,10,0
W_F_0027,47,11,0
W_F_0027,47,12,0
W_F_0027,47,13,0
W_F_0027,47,14,0
W_F_0027,47,15,0
W_F_0027,47,16,0
W_F_0027,47,17,0
W_F_0027,47,18,0
W_F_0027,47,19,0
W_F_0027,47,20,0
W_F_0027,47,21,0
W_F_0027,47,22,0
W_F_0027,47,23,0
W_F_0027,47,24,0
W_F_0027,47,25,0
W_F_0027,47,26,0
W_F_0027,47,27,0
W_F_0027,47,28,0
W_F_0027,47,29,0
W_F_0027,47,30,1
W_F_0027,47,31,0
W_F_0027,47,32,0
W_F_0027,47,33,0
W_F_0027,47,34,0
W_F_0027,48,6,1
W_F_0027,48,7,0
W_F_0027,48,8,1
W_F_0027,48,9,0
W_F_0027,48,10,0
W_F_0027,48,11,0
W_F_0027,48,12,0
W_F_0027,48,13,0
W_F_0027,48,14,0
W_F_0027,48,15,0
W_F_0027,48,16,0
W_F_0027,48,17,0
W_F_0027,48,18,0
W_F_0027,48,19,0
W_F_0027,48,20,0
W_F_0027,48,21,0
W_F_0027,48,22,0
W_F_0027,48,23,1
W_F_0027,48,24,0
W_F_0027,48,25,0
W_F_0027,48,26,0
W_F_0027,48,27,0
W_F_0027,48,28,0
W_F_0027,48,29,0
W_F_0027,48,30,0
W_F_0027,48,31,0
W_F_0027,48,32,0
W_F_0027,48,33,1
W_F_0027,48,34,1
W_F_0027,49,7,0
W_F_0027,49,8,0
W_F_0027,49,9,0
W_F_0027,49,10,0
W_F_0027,49,11,0
W_F_0027,49,12,0
W_F_0027,49,13,1
W_F_0027,49,14,1
W_F_0027,49,15,0
W_F_0027,49,16,0
W_F_0027,49,17,1
W_F_0027,49,18,0
W_F_0027,49,19,0
W_F_0027,49,20,0
W_F_0027,49,21,0
W_F_0027,49,22,0
W_F_0027,49,23,0
W_F_0027,49,24,0
W_F_0027,49,25,0
W_F_0027,49,26,0
W_F_0027,49,27,0
W_F_0027,49,28,0
W_F_0027,49,29,1
W_F_0027,49,30,1
W_F_0027,49,31,1
W_F_0027,49,32,0
W_F_0027,49,33,1
W_F_0027,50,8,0
W_F_0027,50,9,0
W_F_0027,50,10,0
W_F_0027,50,11,0
W_F_0027,50,12,0
W_F_0027,50,13,0
W_F_0027,50,14,0
W_F_0027,50,15,0
W_F_0027,50,16,0
W_F_0027,50,17,0
W_F_0027,50,18,0
W_F_0027,50,19,0
W_F_0027,50,20,0
W_F_0027,50,21,0
W_F_0027,50,22,0
W_F_0027,50,23,0
W_F_0027,50,24,0
W_F_0027,50,25,0
W_F_0027,50,26,0
W_F_0027,50,27,0
W_F_0027,50,28,0
W_F_0027,50,29,0
W_F_0027,50,30,1
W_F_0027,50,31,1
W_F_0027,50,32,0
W_F_0027,51,9,1
W_F_0027,51,10,0
W_F_0027,51,11,0
W_F_0027,51,12,0
W_F_0027,51,13,0
W_F_0027,51,14,0
W_F_0027,51,15,0
W_F_0027,51,16,0
W_F_0027,51,17,0
W_F_0027,51,18,0
W_F_0027,51,19,0
W_F_0027,51,20,1
W_F_0027,51,21,0
W_F_0027,51,22,0
W_F_0027,51,23,0
W_F_0027,51,24,0
W_F_0027,51,25,0
W_F_0027,51,26,0
W_F_0027,51,27,0
W_F_0027,51,28,0
W_F_0027,51,29,0
W_F_0027,51,30,1
W_F_0027,51,31,0
W_F_0027,52,10,1
W_F_0027,52,11,1
W_F_0027,52,12,0
W_F_0027,52,13,0
W_F_0027,52,14,0
W_F_0027,52,15,0
W_F_0027,52,16,1
W_F_0027,52,17,0
W_F_0027,52,18,0
W_F_0027,52,19,0
W_F_0027,52,20,0
W_F_0027,52,21,0
W_F_0027,52,22,0
W_F_0027,52,23,0
W_F_0027,52,24,0
W_F_0027,52,25,1
W_F_0027,52,26,0
W_F_0027,52,27,0
W_F_0027,52,28,1
W_F_0027,52,29,0
W_F_0027,52,30,1
W_F_0027,53,12,0
W_F_0027,53,13,1
W_F_0027,53,14,0
W_F_0027,53,15,0
W_F_0027,53,16,0
W_F_0027,53,17,0
W_F_0027,53,18,0
W_F_0027,53,19,0
W_F_0027,53,20,0
W_F_0027,53,21,0
W_F_0027,53,22,0
W_F_0027,53,23,0
W_F_0027,53,24,0
W_F_0027,53,25,0
W_F_0027,53,26,0
W_F_0027,53,27,1
W_F_0027,53,28,0
W_F_0027,54,13,1
W_F_0027,54,14,0
W_F_0027,54,15,0
W_F_0027,54,16,0
W_F_0027,54,17,0
W_F_0027,54,18,0
W_F_0027,54,19,0
W_F_0027,54,20,0
W_F_0027,54,21,0
W_F_0027,54,22,0
W_F_0027,54,23,0
W_F_0027,54,24,0
W_F_0027,54,25,0
W_F_0027,54,26,1
W_F_0027,54,27,1
W_F_0027,55,15,1
W_F_0027,55,16,0
W_F_0027,55,17,0
W_F_0027,55,18,0
W_F_0027,55,19,0
W_F_0027,55,20,1
W_F_0027,55,21,0
W_F_0027,55,22,0
W_F_0027,55,23,0
W_F_0027,55,24,0
W_F_0027,55,25,1
W_N_0073,0,10,1
W_N_0073,0,11,1
W_N_0073,0,12,1
W_N_0073,0,13,0
W_N_0073,0,14,1
W_N_0073,0,15,0
W_N_0073,1,7,1
W_N_0073,1,8,1
W_N_0073,1,9,1
W_N_0073,1,10,0
W_N_0073,1,11,0
W_N_0073,1,12,1
W_N_0073,1,13,0
W_N_0073,1,14,1
W_N_0073,1,15,0
W_N_0073,1,16,0
W_N_0073,1,17,0
W_N_0073,1,18,0
W_N_0073,2,6,0
W_N_0073,2,7,0
W_N_0073,2,8,0
W_N_0073,2,9,0
W_N_0073,2,10,0
W_N_0073,2,11,0
W_N_0073,2,12,0
W_N_0073,2,13,0
W_N_0073,2,14,1
W_N_0073,2,15,0
W_N_0073,2,16,1
W_N_0073,2,17,0
W_N_0073,2,18,0
W_N_0073,2,19,1
W_N_0073,3,4,0
W_N_0073,3,5,0
W_N_0073,3,6,0
W_N_0073,3,7,0
W_N_0073,3,8,0
W_N_0073,3,9,0
W_N_0073,3,10,0
W_N_0073,3,11,1
W_N_0073,3,12,0
W_N_0073,3,13,0
W_N_0073,3,14,1
W_N_0073,3,15,1
W_N_0073,3,16,0
W_N_0073,3,17,0
W_N_0073,3,18,0
W_N_0073,3,19,0
W_N_0073,3,20,0
W_N_0073,3,21,0
W_N_0073,4,3,0
W_N_0073,4,4,0
W_N_0073,4,5,0
W_N_0073,4,6,0
W_N_0073,4,7,0
W_N_0073,4,8,0
W_N_0073,4,9,0
W_N_0073,4,10,0
W_N_0073,4,11,0
W_N_0073,4,12,1
W_N_0073,4,13,0
W_N_0073,4,14,0
W_N_0073,4,15,0
W_N_0073,4,16,1
W_N_0073,4,17,0
W_N_0073,4,18,0
W_N_0073,4,19,0
W_N_0073,4,20,0
W_N_0073,4,21,0
W_N_0073,4,22,1
W_N_0073,5,2,0
W_N_0073,5,3,0
W_N_0073,5,4,0
W_N_0073,5,5,0
W_N_0073,5,6,0
W_N_0073,5,7,0
W_N_0073,5,8,0
W_N_0073,5,9,0
W_N_0073,5,10,0
W_N_0073,5,11,0
W_N_0073,5,12,0
W_N_0073,5,13,1
W_N_0073,5,14,0
W_N_0073,5,15,0
W_N_0073,5,16,0
W_N_0073,5,17,0
W_N_0073,5,18,0
W_N_0073,5,19,0
W_N_0073,5,20,0
W_N_0073,5,21,0
W_N_0073,5,22,0
W_N_0073,5,23,1
W_N_0073,6,2,0
W_N_0073,6,3,0
W_N_0073,6,4,0
W_N_0073,6,5,0
W_N_0073,6,6,0
W_N_0073,6,7,0
W_N_0073,6,8,0
W_N_0073,6,9,0
W_N_0073,6,10,1
W_N_0073,6,11,0
W_N_0073,6,12,0
W_N_0073,6,13,0
W_N_0073,6,14,0
W_N_0073,6,15,0
W_N_0073,6,16,0
W_N_0073,6,17,1
W_N_0073,6,18,1
W_N_0073,6,19,1
W_N_0073,6,20,0
W_N_0073,6,21,0
W_N_0073,6,22,0
W_N_0073,6,23,0
W_N_0073,7,1,0
W_N_0073,7,2,0
W_N_0073,7,3,0
W_N_0073,7,4,0
W_N_0073,7,5,0
W_N_0073,7,6,0
W_N_0073,7,7,0
W_N_0073,7,8,1
W_N_0073,7,9,0
W_N_0073,7,10,0
W_N_0073,7,11,0
W_N_0073,7,12,0
W_N_0073,7,13,1
W_N_0073,7,14,0
W_N_0073,7,15,0
W_N_0073,7,16,0
W_N_0073,7,17,1
W_N_0073,7,18,0
W_N_0073,7,19,0
W_N_0073,7,20,0
W_N_0073,7,21,0
W_N_0073,7,22,0
W_N_0073,7,23,0
W_N_0073,7,24,0
W_N_0073,8,1,0
W_N_0073,8,2,0
W_N_0073,8,3,1
W_N_0073,8,4,0
W_N_0073,8,5,0
W_N_0073,8,6,0
W_N_0073,8,7,1
W_N_0073,8,8,0
W_N_0073,8,9,0
W_N_0073,8,10,0
W_N_0073,8,11,1
W_N_0073,8,12,0
W_N_0073,8,13,0
W_N_0073,8,14,0
W_N_0073,8,15,0
W_N_0073,8,16,0
W_N_0073,8,17,0
W_N_0073,8,18,1
W_N_0073,8,19,1
W_N_0073,8,20,0
W_N_0073,8,21,0
W_N_0073,8,22,0
W_N_0073,8,23,0
W_N_0073,8,24,0
W_N_0073,9,0,0
W_N_0073,9,1,0
W_N_0073,9,2,0
W_N_0073,9,3,0
W_N_0073,9,4,1
W_N_0073,9,5,1
W_N_0073,9,6,0
W_N_0073,9,7,0
W_N_0073,9,8,0
W_N_0073,9,9,0
W_N_0073,9,10,0
W_N_0073,9,11,0
W_N_0073,9,12,0
W_N_0073,9,13,0
W_N_0073,9,14,0
W_N_0073,9,15,0
W_N_0073,9,16,0
W_N_0073,9,17,0
W_N_0073,9,18,1
W_N_0073,9,19,0
W_N_0073,9,20,0
W_N_0073,9,21,1
W_N_0073,9,22,0
W_N_0073,9,23,0
W_N_0073,9,24,0
W_N_0073,9,25,1
W_N_0073,10,0,1
W_N_0073,10,1,0
W_N_0073,10,2,1
W_N_0073,10,3,0
W_N_0073,10,4,0
W_N_0073,10,5,1
W_N_0073,10,6,0
W_N_0073,10,7,0
W_N_0073,10,8,1
W_N_0073,10,9,0
W_N_0073,10,10,0
W_N_0073,10,11,1
W_N_0073,10,12,0
W_N_0073,10,13,0
W_N_0073,10,14,0
W_N_0073,10,15,0
W_N_0073,10,16,0
W_N_0073,10,17,0
W_N_0073,10,18,0
W_N_0073,10,19,0
W_N_0073,10,20,0
W_N_0073,10,21,0
W_N_0073,10,22,0
W_N_0073,10,23,0
W_N_0073,10,24,0
W_N_0073,10,25,0
W_N_0073,11,0,0
W_N_0073,11,1,0
W_N_0073,11,2,0
W_N_0073,11,3,0
W_N_0073,11,4,0
W_N_0073,11,5,0
W_N_0073,11,6,0
W_N_0073,11,7,0
W_N_0073,11,8,0
W_N_0073,11,9,0
W_N_0073,11,10,0
W_N_0073,11,11,0
W_N_0073,11,12,0
W_N_0073,11,13,0
W_N_0073,11,14,0
W_N_0073,11,15,0
W_N_0073,11,16,0
W_N_0073,11,17,0
W_N_0073,11,18,0
W_N_0073,11,19,0
W_N_0073,11,20,1
W_N_0073,11,21,0
W_N_0073,11,22,0
W_N_0073,11,23,1
W_N_0073,11,24,0
W_N_0073,11,25,0
W_N_0073,12,0,0
W_N_0073,12,1,0
W_N_0073,12,2,0
W_N_0073,12,3,0
W_N_0073,12,4,0
W_N_0073,12,5,0
W_N_0073,12,6,0
W_N_0073,12,7,0
W_N_0073,12,8,1
W_N_0073,12,9,0
W_N_0073,12,10,0
W_N_0073,12,11,1
W_N_0073,12,12,0
W_N_0073,12,13,0
W_N_0073,12,14,0
W_N_0073,12,15,0
W_N_0073,12,16,0
W_N_0073,12,17,0
W_N_0073,12,18,0
W_N_0073,12,19,0
W_N_0073,12,20,0
W_N_0073,12,21,0
W_N_0073,12,22,0
W_N_0073,12,23,0
W_N_0073,12,24,1
W_N_0073,12,25,0
W_N_0073,13,0,0
W_N_0073,13,1,0
W_N_0073,13,2,0
W_N_0073,13,3,1
W_N_0073,13,4,0
W_N_0073,13,5,0
W_N_0073,13,6,0
W_N_0073,13,7,0
W_N_0073,13,8,0
W_N_0073,13,9,0
W_N_0073,13,10,1
W_N_0073,13,11,0
W_N_0073,13,12,1
W_N_0073,13,13,0
W_N_0073,13,14,1
W_N_0073,13,15,0
W_N_0073,13,16,0
W_N_0073,13,17,0
W_N_0073,13,18,0
W_N_0073,13,19,1
W_N_0073,13,20,0
W_N_0073,13,21,0
W_N_0073,13,22,0
W_N_0073,13,23,0
W_N_0073,13,24,0
W_N_0073,13,25,0
W_N_0073,14,0,0
W_N_0073,14,1,1
W_N_0073,14,2,0
W_N_0073,14,3,0
W_N_0073,14,4,1
W_N_0073,14,5,0
W_N_0073,14,6,0
W_N_0073,14,7,0
W_N_0073,14,8,0
W_N_0073,14,9,1
W_N_0073,14,10,0
W_N_0073,14,11,0
W_N_0073,14,12,1
W_N_0073,14,13,0
W_N_0073,14,14,1
W_N_0073,14,15,0
W_N_0073,14,16,0
W_N_0073,14,17,0
W_N_0073,14,18,0
W_N_0073,14,19,0
W_N_0073,14,20,0
W_N_0073,14,21,1
W_N_0073,14,22,0
W_N_0073,14,23,1
W_N_0073,14,24,0
W_N_0073,14,25,0
W_N_0073,15,0,0
W_N_0073,15,1,1
W_N_0073,15,2,0
W_N_0073,15,3,0
W_N_0073,15,4,0
W_N_0073,15,5,0
W_N_0073,15,6,1
W_N_0073,15,7,0
W_N_0073,15,8,0
W_N_0073,15,9,0
W_N_0073,15,10,0
W_N_0073,15,11,0
W_N_0073,15,12,0
W_N_0073,15,13,0
W_N_0073,15,14,0
W_N_0073,15,15,0
W_N_0073,15,16,0
W_N_0073,15,17,1
W_N_0073,15,18,0
W_N_0073,15,19,0
W_N_0073,15,20,0
W_N_0073,15,21,0
W_N_0073,15,22,0
W_N_0073,15,23,0
W_N_0073,15,24,0
W_N_0073,15,25,1
W_N_0073,16,0,1
W_N_0073,16,1,0
W_N_0073,16,2,0
W_N_0073,16,3,0
W_N_0073,16,4,0
W_N_0073,16,5,0
W_N_0073,16,6,0
W_N_0073,16,7,0
W_N_0073,16,8,0
W_N_0073,16,9,0
W_N_0073,16,10,0
W_N_0073,16,11,0
W_N_0073,16,12,0
W_N_0073,16,13,0
W_N_0073,16,14,1
W_N_0073,16,15,0
W_N_0073,16,16,0
W_N_0073,16,17,0
W_N_0073,16,18,0
W_N_0073,16,19,0
W_N_0073,16,20,0
W_N_0073,16,21,0
W_N_0073,16,22,1
W_N_0073,16,23,0
W_N_0073,16,24,0
W_N_0073,16,25,1
W_N_0073,17,1,1
W_N_0073,17,2,0
W_N_0073,17,3,0
W_N_0073,17,4,0
W_N_0073,17,5,0
W_N_0073,17,6,0
W_N_0073,17,7,0
W_N_0073,17,8,0
W_N_0073,17,9,0
W_N_0073,17,10,0
W_N_0073,17,11,0
W_N_0073,17,12,0
W_N_0073,17,13,0
W_N_0073,17,14,0
W_N_0073,17,15,1
W_N_0073,17,16,0
W_N_0073,17,17,1
W_N_0073,17,18,0
W_N_0073,17,19,1
W_N_0073,17,20,0
W_N_0073,17,21,1
W_N_0073,17,22,0
W_N_0073,17,23,0
W_N_0073,17,24,0
W_N_0073,18,1,0
W_N_0073,18,2,0
W_N_0073,18,3,0
W_N_0073,18,4,0
W_N_0073,18,5,0
W_N_0073,18,6,0
W_N_0073,18,7,0
W_N_0073,18,8,0
W_N_0073,18,9,0
W_N_0073,18,10,1
W_N_0073,18,11,0
W_N_0073,18,12,0
W_N_0073,18,13,1
W_N_0073,18,14,0
W_N_0073,18,15,0
W_N_0073,18,16,0
W_N_0073,18,17,0
W_N_0073,18,18,0
W_N_0073,18,19,0
W_N_0073,18,20,0
W_N_0073,18,21,0
W_N_0073,18,22,0
W_N_0073,18,23,0
W_N_0073,18,24,0
W_N_0073,19,2,0
W_N_0073,19,3,0
W_N_0073,19,4,0
W_N_0073,19,5,0
W_N_0073,19,6,0
W_N_0073,19,7,0
W_N_0073,19,8,1
W_N_0073,19,9,0
W_N_0073,19,10,0
W_N_0073,19,11,0
W_N_0073,19,12,0
W_N_0073,19,13,0
W_N_0073,19,14,0
W_N_0073,19,15,0
W_N_0073,19,16,1
W_N_0073,19,17,0
W_N_0073,19,18,0
W_N_0073,19,19,0
W_N_0073,19,20,0
W_N_0073,19,21,0
W_N_0073,19,22,0
W_N_0073,19,23,0
W_N_0073,20,2,0
W_N_0073,20,3,0
W_N_0073,20,4,0
W_N_0073,20,5,0
W_N_0073,20,6,0
W_N_0073,20,7,0
W_N_0073,20,8,0
W_N_0073,20,9,0
W_N_0073,20,10,1
W_N_0073,20,11,0
W_N_0073,20,12,0
W_N_0073,20,13,0
W_N_0073,20,14,0
W_N_0073,20,15,1
W_N_0073,20,16,0
W_N_0073,20,17,0
W_N_0073,20,18,0
W_N_0073,20,19,0
W_N_0073,20,20,1
W_N_0073,20,21,0
W_N_0073,20,22,0
W_N_0073,20,23,1
W_N_0073,21,3,0
W_N_0073,21,4,0
W_N_0073,21,5,0
W_N_0073,21,6,0
W_N_0073,21,7,0
W_N_0073,21,8,1
W_N_0073,21,9,0
W_N_0073,21,10,0
W_N_0073,21,11,0
W_N_0073,21,12,0
W_N_0073,21,13,1
W_N_0073,21,14,0
W_N_0073,21,15,0
W_N_0073,21,16,0
W_N_0073,21,17,0
W_N_0073,21,18,1
W_N_0073,21,19,0
W_N_0073,21,20,0
W_N_0073,21,21,0
W_N_0073,21,22,0
W_N_0073,22,4,1
W_N_0073,22,5,0
W_N_0073,22,6,0
W_N_0073,22,7,1
W_N_0073,22,8,0
W_N_0073,22,9,0
W_N_0073,22,10,0
W_N_0073,22,11,0
W_N_0073,22,12,0
W_N_0073,22,13,1
W_N_0073,22,14,1
W_N_0073,22,15,1
W_N_0073,22,16,0
W_N_0073,22,17,0
W_N_0073,22,18,0
W_N_0073,22,19,0
W_N_0073,22,20,1
W_N_0073,22,21,0
W_N_0073,23,5,1
W_N_0073,23,6,0
W_N_0073,23,7,0
W_N_0073,23,8,0
W_N_0073,23,9,0
W_N_0073,23,10,0
W_N_0073,23,11,0
W_N_0073,23,12,1
W_N_0073,23,13,0
W_N_0073,23,14,0
W_N_0073,23,15,0
W_N_0073,23,16,1
W_N_0073,23,17,0
W_N_0073,23,18,1
W_N_0073,23,19,0
W_N_0073,24,7,0
W_N_0073,24,8,1
W_N_0073,24,9,0
W_N_0073,24,10,1
W_N_0073,24,11,1
W_N_0073,24,12,0
W_N_0073,24,13,0
W_N_0073,24,14,1
W_N_0073,24,15,0
W_N_0073,24,16,0
W_N_0073,24,17,0
W_N_0073,24,18,0
W_N_0073,25,10,1
W_N_0073,25,11,0
W_N_0073,25,12,0
W_N_0073,25,13,0
W_N_0073,25,14,0
W_N_0073,25,15,1
W_N_0012,0,14,0
W_N_0012,0,15,0
W_N_0012,0,16,1
W_N_0012,0,17,0
W_N_0012,0,18,1
W_N_0012,0,19,0
W_N_0012,0,20,1
W_N_0012,0,21,1
W_N_0012,0,22,0
W_N_0012,1,11,0
W_N_0012,1,12,0
W_N_0012,1,13,0
W_N_0012,1,14,0
W_N_0012,1,15,0
W_N_0012,1,16,0
W_N_0012,1,17,0
W_N_0012,1,18,0
W_N_0012,1,19,0
W_N_0012,1,20,1
W_N_0012,1,21,1
W_N_0012,1,22,0
W_N_0012,1,23,0
W_N_0012,1,24,0
W_N_0012,1,25,1
W_N_0012,2,9,0
W_N_0012,2,10,0
W_N_0012,2,11,0
W_N_0012,2,12,0
W_N_0012,2,13,0
W_N_0012,2,14,0
W_N_0012,2,15,0
W_N_0012,2,16,0
W_N_0012,2,17,0
W_N_0012,2,18,0
W_N_0012,2,19,0
W_N_0012,2,20,0
W_N_0012,2,21,0
W_N_0012,2,22,0
W_N_0012,2,23,0
W_N_0012,2,24,0
W_N_0012,2,25,0
W_N_0012,2,26,0
W_N_0012,2,27,0
W_N_0012,3,7,0
W_N_0012,3,8,0
W_N_0012,3,9,1
W_N_0012,3,10,0
W_N_0012,3,11,0
W_N_0012,3,12,0
W_N_0012,3,13,1
W_N_0012,3,14,0
W_N_0012,3,15,0
W_N_0012,3,16,1
W_N_0012,3,17,0
W_N_0012,3,18,0
W_N_0012,3,19,0
W_N_0012,3,20,0
W_N_0012,3,21,0
W_N_0012,3,22,0
W_N_0012,3,23,0
W_N_0012,3,24,0
W_N_0012,3,25,0
W_N_0012,3,26,0
W_N_0012,3,27,0
W_N_0012,3,28,0
W_N_0012,3,29,0
W_N_0012,4,6,0
W_N_0012,4,7,0
W_N_0012,4,8,0
W_N_0012,4,9,0
W_N_0012,4,10,0
W_N_0012,4,11,0
W_N_0012,4,12,1
W_N_0012,4,13,0
W_N_0012,4,14,0
W_N_0012,4,15,0
W_N_0012,4,16,0
W_N_0012,4,17,0
W_N_0012,4,18,0
W_N_0012,4,19,0
W_N_0012,4,20,0
W_N_0012,4,21,0
W_N_0012,4,22,0
W_N_0012,4,23,0
W_N_0012,4,24,0
W_N_0012,4,25,0
W_N_0012,4,26,0
W_N_0012,4,27,0
W_N_0012,4,28,0
W_N_0012,4,29,0
W_N_0012,4,30,1
W_N_0012,5,5,0
W_N_0012,5,6,0
W_N_0012,5,7,0
W_N_0012,5,8,0
W_N_0012,5,9,0
W_N_0012,5,10,0
W_N_0012,5,11,0
W_N_0012,5,12,0
W_N_0012,5,13,0
W_N_0012,5,14,0
W_N_0012,5,15,0
W_N_0012,5,16,1
W_N_0012,5,17,0
W_N_0012,5,18,0
W_N_0012,5,19,0
W_N_0012,5,20,0
W_N_0012,5,21,0
W_N_0012,5,22,0
W_N_0012,5,23,0
W_N_0012,5,24,0
W_N_0012,5,25,0
W_N_0012,5,26,0
W_N_0012,5,27,0
W_N_0012,5,28,1
W_N_0012,5,29,0
W_N_0012,5,30,0
W_N_0012,5,31,0
W_N_0012,6,4,0
W_N_0012,6,5,0
W_N_0012,6,6,0
W_N_0012,6,7,0
W_N_0012,6,8,0
W_N_0012,6,9,0
W_N_0012,6,10,1
W_N_0012,6,11,0
W_N_0012,6,12,1
W_N_0012,6,13,0
W_N_0012,6,14,0
W_N_0012,6,15,1
W_N_0012,6,16,0
W_N_0012,6,17,0
W_N_0012,6,18,0
W_N_0012,6,19,0
W_N_0012,6,20,0
W_N_0012,6,21,0
W_N_0012,6,22,0
W_N_0012,6,23,0
W_N_0012,6,24,0
W_N_0012,6,25,0
W_N_0012,6,26,0
W_N_0012,6,27,1
W_N_0012,6,28,1
W_N_0012,6,29,0
W_N_0012,6,30,0
W_N_0012,6,31,0
W_N_0012,6,32,0
W_N_0012,7,3,1
W_N_0012,7,4,0
W_N_0012,7,5,0
W_N_0012,7,6,1
W_N_0012,7,7,0
W_N_0012,7,8,0
W_N_0012,7,9,0
W_N_0012,7,10,1
W_N_0012,7,11,0
W_N_0012,7,12,0
W_N_0012,7,13,0
W_N_0012,7,14,0
W_N_0012,7,15,0
W_N_0012,7,16,0
W_N_0012,7,17,0
W_N_0012,7,18,0
W_N_0012,7,19,0
W_N_0012,7,20,0
W_N_0012,7,21,0
W_N_0012,7,22,0
W_N_0012,7,23,0
W_N_0012,7,24,1
W_N_0012,7,25,1
W_N_0012,7,26,0
W_N_0012,7,27,1
W_N_0012,7,28,1
W_N_0012,7,29,0
W_N_0012,7,30,0
W_N_0012,7,31,0
W_N_0012,7,32,0
W_N_0012,7,33,0
W_N_0012,8,3,1
W_N_0012,8,4,0
W_N_0012,8,5,0
W_N_0012,8,6,0
W_N_0012,8,7,0
W_N_0012,8,8,0
W_N_0012,8,9,0
W_N_0012,8,10,0
W_N_0012,8,11,0
W_N_0012,8,12,0
W_N_0012,8,13,0
W_N_0012,8,14,1
W_N_0012,8,15,0
W_N_0012,8,16,0
W_N_0012,8,17,0
W_N_0012,8,18,0
W_N_0012,8,19,0
W_N_0012,8,20,0
W_N_0012,8,21,0
W_N_0012,8,22,1
W_N_0012,8,23,0
W_N_0012,8,24,0
W_N_0012,8,25,0
W_N_0012,8,26,0
W_N_0012,8,27,0
W_N_0012,8,28,0
W_N_0012,8,29,0
W_N_0012,8,30,0
W_N_0012,8,31,0
W_N_0012,8,32,0
W_N_0012,8,33,0
W_N_0012,9,2,0
W_N_0012,9,3,0
W_N_0012,9,4,0
W_N_0012,9,5,0
W_N_0012,9,6,0
W_N_0012,9,7,0
W_N_0012,9,8,0
W_N_0012,9,9,0
W_N_0012,9,10,1
W_N_0012,9,11,0
W_N_0012,9,12,0
W_N_0012,9,13,0
W_N_0012,9,14,0
W_N_0012,9,15,0
W_N_0012,9,16,0
W_N_0012,9,17,0
W_N_0012,9,18,0
W_N_0012,9,19,0
W_N_0012,9,20,0
W_N_0012,9,21,0
W_N_0012,9,22,0
W_N_0012,9,23,0
W_N_0012,9,24,0
W_N_0012,9,25,0
W_N_0012,9,26,0
W_N_0012,9,27,0
W_N_0012,9,28,0
W_N_0012,9,29,0
W_N_0012,9,30,0
W_N_0012,9,31,0
W_N_0012,9,32,1
W_N_0012,9,33,0
W_N_0012,9,34,0
W_N_0012,10,1,0
W_N_0012,10,2,0
W_N_0012,10,3,1
W_N_0012,10,4,0
W_N_0012,10,5,0
W_N_0012,10,6,0
W_N_0012,10,7,0
W_N_0012,10,8,0
W_N_0012,10,9,0
W_N_0012,10,10,0
W_N_0012,10,11,0
W_N_0012,10,12,0
W_N_0012,10,13,0
W_N_0012,10,14,0
W_N_0012,10,15,0
W_N_0012,10,16,0
W_N_0012,10,17,0
W_N_0012,10,18,0
W_N_0012,10,19,0
W_N_0012,10,20,0
W_N_0012,10,21,0
W_N_0012,10,22,0
W_N_0012,10,23,0
W_N_0012,10,24,0
W_N_0012,10,25,0
W_N_0012,10,26,0
W_N_0012,10,27,0
W_N_0012,10,28,0
W_N_0012,10,29,0
W_N_0012,10,30,0
W_N_0012,10,31,0
W_N_0012,10,32,1
W_N_0012,10,33,0
W_N_0012,10,34,0
W_N_0012,10,35,0
W_N_0012,11,1,0
W_N_0012,11,2,0
W_N_0012,11,3,0
W_N_0012,11,4,0
W_N_0012,11,5,0
W_N_0012,11,6,0
W_N_0012,11,7,0
W_N_0012,11,8,0
W_N_0012,11,9,0
W_N_0012,11,10,0
W_N_0012,11,11,0
W_N_0012,11,12,0
W_N_0012,11,13,0
W_N_0012,11,14,0
W_N_0012,11,15,0
W_N_0012,11,16,0
W_N_0012,11,17,0
W_N_0012,11,18,0
W_N_0012,11,19,0
W_N_0012,11,20,0
W_N_0012,11,21,0
W_N_0012,11,22,0
W_N_0012,11,23,0
W_N_0012,11,24,0
W_N_0012,11,25,0
W_N_0012,11,26,0
W_N_0012,11,27,0
W_N_0012,11,28,0
W_N_0012,11,29,0
W_N_0012,11,30,0
W_N_0012,11,31,0
W_N_0012,11,32,0
W_N_0012,11,33,0
W_N_0012,11,34,0
W_N_0012,11,35,0
W_N_0012,12,1,1
W_N_0012,12,2,0
W_N_0012,12,3,0
W_N_0012,12,4,0
W_N_0012,12,5,0
W_N_0012,12,6,0
W_N_0012,12,7,0
W_N_0012,12,8,0
W_N_0012,12,9,0
W_N_0012,12,10,0
W_N_0012,12,11,0
W_N_0012,12,12,0
W_N_0012,12,13,0
W_N_0012,12,14,0
W_N_0012,12,15,0
W_N_0012,12,16,0
W_N_0012,12,17,0
W_N_0012,12,18,0
W_N_0012,12,19,0
W_N_0012,12,20,1
W_N_0012,12,21,0
W_N_0012,12,22,0
W_N_0012,12,23,0
W_N_0012,12,24,0
W_N_0012,12,25,0
W_N_0012,12,26,0
W_N_0012,12,27,0
W_N_0012,12,28,0
W_N_0012,12,29,0
W_N_0012,12,30,0
W_N_0012,12,31,0
W_N_0012,12,32,1
W_N_0012,12,33,0
W_N_0012,12,34,0
W_N_0012,12,35,0
W_N_0012,13,0,0
W_N_0012,13,1,0
W_N_0012,13,2,0
W_N_0012,13,3,0
W_N_0012,13,4,0
W_N_0012,13,5,0
W_N_0012,13,6,0
W_N_0012,13,7,0
W_N_0012,13,8,0
W_N_0012,13,9,0
W_N_0012,13,10,0
W_N_0012,13,11,0
W_N_0012,13,12,0
W_N_0012,13,13,0
W_N_0012,13,14,0
W_N_0012,13,15,0
W_N_0012,13,16,0
W_N_0012,13,17,0
W_N_0012,13,18,0
W_N_0012,13,19,0
W_N_0012,13,20,0
W_N_0012,13,21,0
W_N_0012,13,22,0
W_N_0012,13,23,0
W_N_0012,13,24,0
W_N_0012,13,25,0
W_N_0012,13,26,0
W_N_0012,13,27,0
W_N_0012,13,28,0
W_N_0012,13,29,0
W_N_0012,13,30,0
W_N_0012,13,31,0
W_N_0012,13,32,0
W_N_0012,13,33,0
W_N_0012,13,34,0
W_N_0012,13,35,0
W_N_0012,13,36,0
W_N_0012,14,0,0
W_N_0012,14,1,0
W_N_0012,14,2,1
W_N_0012,14,3,0
W_N_0012,14,4,0
W_N_0012,14,5,0
W_N_0012,14,6,1
W_N_0012,14,7,0
W_N_0012,14,8,0
W_N_0012,14,9,0
W_N_0012,14,10,1
W_N_0012,14,11,0
W_N_0012,14,12,0
W_N_0012,14,13,0
W_N_0012,14,14,0
W_N_0012,14,15,0
W_N_0012,14,16,0
W_N_0012,14,17,0
W_N_0012,14,18,0
W_N_0012,14,19,0
W_N_0012,14,20,0
W_N_0012,14,21,0
W_N_0012,14,22,1
W_N_0012,14,23,0
W_N_0012,14,24,0
W_N_0012,14,25,0
W_N_0012,14,26,0
W_N_0012,14,27,0
W_N_0012,14,28,0
W_N_0012,14,29,0
W_N_0012,14,30,0
W_N_0012,14,31,0
W_N_0012,14,32,0
W_N_0012,14,33,0
W_N_0012,14,34,0
W_N_0012,14,35,0
W_N_0012,14,36,0
W_N_0012,15,0,1
W_N_0012,15,1,0
W_N_0012,15,2,0
W_N_0012,15,3,0
W_N_0012,15,4,0
W_N_0012,15,5,0
W_N_0012,15,6,0
W_N_0012,15,7,0
W_N_0012,15,8,0
W_N_0012,15,9,0
W_N_0012,15,10,0
W_N_0012,15,11,0
W_N_0012,15,12,0
W_N_0012,15,13,1
W_N_0012,15,14,0
W_N_0012,15,15,0
W_N_0012,15,16,0
W_N_0012,15,17,1
W_N_0012,15,18,0
W_N_0012,15,19,0
W_N_0012,15,20,0
W_N_0012,15,21,0
W_N_0012,15,22,0
W_N_0012,15,23,0
W_N_0012,15,24,0
W_N_0012,15,25,0
W_N_0012,15,26,0
W_N_0012,15,27,0
W_N_0012,15,28,0
W_N_0012,15,29,0
W_N_0012,15,30,0
W_N_0012,15,31,0
W_N_0012,15,32,0
W_N_0012,15,33,0
W_N_0012,15,34,0
W_N_0012,15,35,0
W_N_0012,15,36,1
W_N_0012,16,0,0
W_N_0012,16,1,1
W_N_0012,16,2,0
W_N_0012,16,3,0
W_N_0012,16,4,0
W_N_0012,16,5,0
W_N_0012,16,6,0
W_N_0012,16,7,0
W_N_0012,16,8,0
W_N_0012,16,9,0
W_N_0012,16,10,0
W_N_0012,16,11,0
W_N_0012,16,12,0
W_N_0012,16,13,0
W_N_0012,16,14,0
W_N_0012,16,15,0
W_N_0012,16,16,0
W_N_0012,16,17,0
W_N_0012,16,18,1
W_N_0012,16,19,0
W_N_0012,16,20,0
W_N_0012,16,21,0
W_N_0012,16,22,0
W_N_0012,16,23,0
W_N_0012,16,24,0
W_N_0012,16,25,0
W_N_0012,16,26,0
W_N_0012,16,27,0
W_N_0012,16,28,0
W_N_0012,16,29,1
W_N_0012,16,30,0
W_N_0012,16,31,0
W_N_0012,16,32,0
W_N_0012,16,33,0
W_N_0012,16,34,0
W_N_0012,16,35,1
W_N_0012,16,36,1
W_N_0012,17,0,0
W_N_0012,17,1,0
W_N_0012,17,2,1
W_N_0012,17,3,0
W_N_0012,17,4,0
W_N_0012,17,5,0
W_N_0012,17,6,0
W_N_0012,17,7,0
W_N_0012,17,8,0
W_N_0012,17,9,0
W_N_0012,17,10,0
W_N_0012,17,11,0
W_N_0012,17,12,0
W_N_0012,17,13,0
W_N_0012,17,14,0
W_N_0012,17,15,1
W_N_0012,17,16,0
W_N_0012,17,17,0
W_N_0012,17,18,0
W_N_0012,17,19,0
W_N_0012,17,20,0
W_N_0012,17,21,0
W_N_0012,17,22,0
W_N_0012,17,23,0
W_N_0012,17,24,0
W_N_0012,17,25,0
W_N_0012,17,26,0
W_N_0012,17,27,0
W_N_0012,17,28,1
W_N_0012,17,29,0
W_N_0012,17,30,0
W_N_0012,17,31,0
W_N_0012,17,32,1
W_N_0012,17,33,0
W_N_0012,17,34,0
W_N_0012,17,35,0
W_N_0012,17,36,0
W_N_0012,18,0,0
W_N_0012,18,1,0
W_N_0012,18,2,0
W_N_0012,18,3,0
W_N_0012,18,4,0
W_N_0012,18,5,0
W_N_0012,18,6,0
W_N_0012,18,7,1
W_N_0012,18,8,0
W_N_0012,18,9,0
W_N_0012,18,10,0
W_N_0012,18,11,0
W_N_0012,18,12,0
W_N_0012,18,13,0
W_N_0012,18,14,0
W_N_0012,18,15,0
W_N_0012,18,16,0
W_N_0012,18,17,0
W_N_0012,18,18,0
W_N_0012,18,19,0
W_N_0012,18,20,0
W_N_0012,18,21,0
W_N_0012,18,22,0
W_N_0012,18,23,0
W_N_0012,18,24,0
W_N_0012,18,25,0
W_N_0012,18,26,0
W_N_0012,18,27,0
W_N_0012,18,28,0
W_N_0012,18,29,0
W_N_0012,18,30,0
W_N_0012,18,31,0
W_N_0012,18,32,0
W_N_0012,18,33,0
W_N_0012,18,34,0
W_N_0012,18,35,0
W_N_0012,18,36,0
W_N_0012,19,0,0
W_N_0012,19,1,1
W_N_0012,19,2,0
W_N_0012,19,3,0
W_N_0012,19,4,0
W_N_0012,19,5,0
W_N_0012,19,6,0
W_N_0012,19,7,0
W_N_0012,19,8,0
W_N_0012,19,9,0
W_N_0012,19,10,0
W_N_0012,19,11,0
W_N_0012,19,12,0
W_N_0012,19,13,0
W_N_0012,19,14,1
W_N_0012,19,15,0
W_N_0012,19,16,0
W_N_0012,19,17,0
W_N_0012,19,18,0
W_N_0012,19,19,0
W_N_0012,19,20,0
W_N_0012,19,21,0
W_N_0012,19,22,0
W_N_0012,19,23,0
W_N_0012,19,24,0
W_N_0012,19,25,0
W_N_0012,19,26,0
W_N_0012,19,27,0
W_N_0012,19,28,0
W_N_0012,19,29,0
W_N_0012,19,30,0
W_N_0012,19,31,0
W_N_0012,19,32,0
W_N_0012,19,33,0
W_N_0012,19,34,0
W_N_0012,19,35,0
W_N_0012,19,36,0
W_N_0012,20,1,1
W_N_0012,20,2,0
W_N_0012,20,3,0
W_N_0012,20,4,0
W_N_0012,20,5,0
W_N_0012,20,6,0
W_N_0012,20,7,0
W_N_0012,20,8,0
W_N_0012,20,9,0
W_N_0012,20,10,0
W_N_0012,20,11,0
W_N_0012,20,12,0
W_N_0012,20,13,0
W_N_0012,20,14,0
W_N_0012,20,15,0
W_N_0012,20,16,0
W_N_0012,20,17,0
W_N_0012,20,18,0
W_N_0012,20,19,0
W_N_0012,20,20,0
W_N_0012,20,21,0
W_N_0012,20,22,1
W_N_0012,20,23,0
W_N_0012,20,24,0
W_N_0012,20,25,0
W_N_0012,20,26,0
W_N_0012,20,27,0
W_N_0012,20,28,0
W_N_0012,20,29,0
W_N_0012,20,30,1
W_N_0012,20,31,0
W_N_0012,20,32,1
W_N_0012,20,33,0
W_N_0012,20,34,0
W_N_0012,20,35,0
W_N_0012,21,1,0
W_N_0012,21,2,0
W_N_0012,21,3,0
W_N_0012,21,4,0
W_N_0012,21,5,0
W_N_0012,21,6,0
W_N_0012,21,7,0
W_N_0012,21,8,0
W_N_0012,21,9,0
W_N_0012,21,10,0
W_N_0012,21,11,1
W_N_0012,21,12,0
W_N_0012,21,13,1
W_N_0012,21,14,0
W_N_0012,21,15,0
W_N_0012,21,16,0
W_N_0012,21,17,0
W_N_0012,21,18,0
W_N_0012,21,19,0
W_N_0012,21,20,0
W_N_0012,21,21,0
W_N_0012,21,22,0
W_N_0012,21,23,0
W_N_0012,21,24,0
W_N_0012,21,25,0
W_N_0012,21,26,0
W_N_0012,21,27,0
W_N_0012,21,28,0
W_N_0012,21,29,0
W_N_0012,21,30,0
W_N_0012,21,31,1
W_N_0012,21,32,0
W_N_0012,21,33,0
W_N_0012,21,34,0
W_N_0012,21,35,0
W_N_0012,22,1,1
W_N_0012,22,2,0
W_N_0012,22,3,0
W_N_0012,22,4,0
W_N_0012,22,5,0
W_N_0012,22,6,0
W_N_0012,22,7,1
W_N_0012,22,8,0
W_N_0012,22,9,0
W_N_0012,22,10,0
W_N_0012,22,11,0
W_N_0012,22,12,0
W_N_0012,22,13,0
W_N_0012,22,14,0
W_N_0012,22,15,0
W_N_0012,22,16,0
W_N_0012,22,17,0
W_N_0012,22,18,0
W_N_0012,22,19,0
W_N_0012,22,20,0
W_N_0012,22,21,0
W_N_0012,22,22,0
W_N_0012,22,23,0
W_N_0012,22,24,0
W_N_0012,22,25,0
W_N_0012,22,26,0
W_N_0012,22,27,0
W_N_0012,22,28,0
W_N_0012,22,29,0
W_N_0012,22,30,0
W_N_0012,22,31,0
W_N_0012,22,32,0
W_N_0012,22,33,0
W_N_0012,22,34,0
W_N_0012,22,35,1
W_N_0012,23,2,0
W_N_0012,23,3,0
W_N_0012,23,4,0
W_N_0012,23,5,0
W_N_0012,23,6,0
W_N_0012,23,7,0
W_N_0012,23,8,0
W_N_0012,23,9,0
W_N_0012,23,10,0
W_N_0012,23,11,0
W_N_0012,23,12,0
W_N_0012,23,13,0
W_N_0012,23,14,0
W_N_0012,23,15,0
W_N_0012,23,16,0
W_N_0012,23,17,0
W_N_0012,23,18,0
W_N_0012,23,19,0
W_N_0012,23,20,0
W_N_0012,23,21,0
W_N_0012,23,22,0
W_N_0012,23,23,0
W_N_0012,23,24,0
W_N_0012,23,25,0
W_N_0012,23,26,0
W_N_0012,23,27,0
W_N_0012,23,28,0
W_N_0012,23,29,1
W_N_0012,23,30,0
W_N_0012,23,31,0
W_N_0012,23,32,0
W_N_0012,23,33,0
W_N_0012,23,34,0
W_N_0012,24,3,0
W_N_0012,24,4,0
W_N_0012,24,5,0
W_N_0012,24,6,0
W_N_0012,24,7,0
W_N_0012,24,8,0
W_N_0012,24,9,0
W_N_0012,24,10,0
W_N_0012,24,11,0
W_N_0012,24,12,0
W_N_0012,24,13,0
W_N_0012,24,14,0
W_N_0012,24,15,0
W_N_0012,24,16,0
W_N_0012,24,17,0
W_N_0012,24,18,0
W_N_0012,24,19,0
W_N_0012,24,20,0
W_N_0012,24,21,0
W_N_0012,24,22,0
W_N_0012,24,23,0
W_N_0012,24,24,0
W_N_0012,24,25,0
W_N_0012,24,26,0
W_N_0012,24,27,0
W_N_0012,24,28,0
W_N_0012,24,29,0
W_N_0012,24,30,0
W_N_0012,24,31,1
W_N_0012,24,32,0
W_N_0012,24,33,0
W_N_0012,25,3,0
W_N_0012,25,4,0
W_N_0012,25,5,0
W_N_0012,25,6,0
W_N_0012,25,7,0
W_N_0012,25,8,0
W_N_0012,25,9,0
W_N_0012,25,10,0
W_N_0012,25,11,0
W_N_0012,25,12,0
W_N_0012,25,13,0
W_N_0012,25,14,0
W_N_0012,25,15,0
W_N_0012,25,16,0
W_N_0012,25,17,0
W_N_0012,25,18,0
W_N_0012,25,19,0
W_N_0012,25,20,0
W_N_0012,25,21,0
W_N_0012,25,22,0
W_N_0012,25,23,0
W_N_0012,25,24,0
W_N_0012,25,25,0
W_N_0012,25,26,0
W_N_0012,25,27,1
W_N_0012,25,28,0
W_N_0012,25,29,0
W_N_0012,25,30,0
W_N_0012,25,31,0
W_N_0012,25,32,0
W_N_0012,25,33,0
W_N_0012,26,4,0
W_N_0012,26,5,0
W_N_0012,26,6,0
W_N_0012,26,7,1
W_N_0012,26,8,1
W_N_0012,26,9,1
W_N_0012,26,10,0
W_N_0012,26,11,0
W_N_0012,26,12,0
W_N_0012,26,13,0
W_N_0012,26,14,0
W_N_0012,26,15,0
W_N_0012,26,16,0
W_N_0012,26,17,0
W_N_0012,26,18,0
W_N_0012,26,19,0
W_N_0012,26,20,0
W_N_0012,26,21,0
W_N_0012,26,22,0
W_N_0012,26,23,0
W_N_0012,26,24,0
W_N_0012,26,25,0
W_N_0012,26,26,0
W_N_0012,26,27,0
W_N_0012,26,28,0
W_N_0012,26,29,0
W_N_0012,26,30,0
W_N_0012,26,31,0
W_N_0012,26,32,0
W_N_0012,27,5,0
W_N_0012,27,6,0
W_N_0012,27,7,1
W_N_0012,27,8,0
W_N_0012,27,9,0
W_N_0012,27,10,1
W_N_0012,27,11,0
W_N_0012,27,12,0
W_N_0012,27,13,1
W_N_0012,27,14,0
W_N_0012,27,15,0
W_N_0012,27,16,1
W_N_0012,27,17,0
W_N_0012,27,18,0
W_N_0012,27,19,0
W_N_0012,27,20,0
W_N_0012,27,21,0
W_N_0012,27,22,0
W_N_0012,27,23,0
W_N_0012,27,24,0
W_N_0012,27,25,0
W_N_0012,27,26,0
W_N_0012,27,27,0
W_N_0012,27,28,0
W_N_0012,27,29,0
W_N_0012,27,30,0
W_N_0012,27,31,0
W_N_0012,28,6,0
W_N_0012,28,7,0
W_N_0012,28,8,1
W_N_0012,28,9,0
W_N_0012,28,10,0
W_N_0012,28,11,0
W_N_0012,28,12,0
W_N_0012,28,13,0
W_N_0012,28,14,0
W_N_0012,28,15,0
W_N_0012,28,16,0
W_N_0012,28,17,0
W_N_0012,28,18,0
W_N_0012,28,19,0
W_N_0012,28,20,0
W_N_0012,28,21,0
W_N_0012,28,22,0
W_N_0012,28,23,0
W_N_0012,28,24,0
W_N_0012,28,25,0
W_N_0012,28,26,0
W_N_0012,28,27,0
W_N_0012,28,28,1
W_N_0012,28,29,0
W_N_0012,28,30,0
W_N_0012,29,7,0
W_N_0012,29,8,0
W_N_0012,29,9,0
W_N_0012,29,10,0
W_N_0012,29,11,0
W_N_0012,29,12,0
W_N_0012,29,13,0
W_N_0012,29,14,0
W_N_0012,29,15,0
W_N_0012,29,16,0
W_N_0012,29,17,0
W_N_0012,29,18,0
W_N_0012,29,19,0
W_N_0012,29,20,0
W_N_0012,29,21,0
W_N_0012,29,23,0
W_N_0012,29,24,0
W_N_0012,29,25,0
W_N_0012,29,26,0
W_N_0012,29,27,0
W_N_0012,29,28,0
W_N_0012,29,29,0
W_N_0012,30,9,1
W_N_0012,30,10,0
W_N_0012,30,11,0
W_N_0012,30,12,0
W_N_0012,30,13,0
W_N_0012,30,14,0
W_N_0012,30,15,0
W_N_0012,30,16,0
W_N_0012,30,17,0
W_N_0012,30,18,1
W_N_0012,30,19,0
W_N_0012,30,20,0
W_N_0012,30,21,0
W_N_0012,30,22,0
W_N_0012,30,23,1
W_N_0012,30,24,0
W_N_0012,30,25,1
W_N_0012,30,26,0
W_N_0012,30,27,0
W_N_0012,31,11,0
W_N_0012,31,12,0
W_N_0012,31,13,0
W_N_0012,31,14,1
W_N_0012,31,15,0
W_N_0012,31,16,1
W_N_0012,31,17,1
W_N_0012,31,18,0
W_N_0012,31,19,0
W_N_0012,31,20,0
W_N_0012,31,21,0
W_N_0012,31,22,0
W_N_0012,31,23,1
W_N_0012,31,24,0
W_N_0012,31,25,0
W_N_0012,32,14,0
W_N_0012,32,15,0
W_N_0012,32,16,0
W_N_0012,32,17,0
W_N_0012,32,18,0
W_N_0012,32,19,0
W_N_0012,32,20,0
W_N_0012,32,21,0
W_N_0012,32,22,0
W_F_0010,0,30,1
W_F_0010,0,31,1
W_F_0010,0,32,1
W_F_0010,0,33,1
W_F_0010,0,34,1
W_F_0010,0,35,1
W_F_0010,0,36,1
W_F_0010,0,37,1
W_F_0010,0,38,1
W_F_0010,0,39,1
W_F_0010,0,40,1
W_F_0010,0,41,1
W_F_0010,1,26,1
W_F_0010,1,27,0
W_F_0010,1,28,0
W_F_0010,1,29,0
W_F_0010,1,30,0
W_F_0010,1,31,0
W_F_0010,1,32,0
W_F_0010,1,33,0
W_F_0010,1,34,0
W_F_0010,1,35,0
W_F_0010,1,36,1
W_F_0010,1,37,1
W_F_0010,1,38,1
W_F_0010,1,39,1
W_F_0010,1,40,1
W_F_0010,1,41,1
W_F_0010,1,42,1
W_F_0010,1,43,1
W_F_0010,1,44,1
W_F_0010,1,45,1
W_F_0010,2,23,1
W_F_0010,2,24,0
W_F_0010,2,25,0
W_F_0010,2,26,0
W_F_0010,2,27,1
W_F_0010,2,28,0
W_F_0010,2,29,0
W_F_0010,2,30,0
W_F_0010,2,31,0
W_F_0010,2,32,0
W_F_0010,2,33,0
W_F_0010,2,34,0
W_F_0010,2,35,0
W_F_0010,2,36,1
W_F_0010,2,37,1
W_F_0010,2,38,1
W_F_0010,2,39,1
W_F_0010,2,40,1
W_F_0010,2,41,1
W_F_0010,2,42,1
W_F_0010,2,43,1
W_F_0010,2,44,1
W_F_0010,2,45,1
W_F_0010,2,46,1
W_F_0010,2,47,1
W_F_0010,2,48,1
W_F_0010,3,21,1
W_F_0010,3,22,0
W_F_0010,3,23,0
W_F_0010,3,24,0
W_F_0010,3,25,0
W_F_0010,3,26,0
W_F_0010,3,27,0
W_F_0010,3,28,0
W_F_0010,3,29,0
W_F_0010,3,30,0
W_F_0010,3,31,0
W_F_0010,3,32,0
W_F_0010,3,33,0
W_F_0010,3,34,0
W_F_0010,3,35,0
W_F_0010,3,36,1
W_F_0010,3,37,1
W_F_0010,3,38,1
W_F_0010,3,39,1
W_F_0010,3,40,1
W_F_0010,3,41,1
W_F_0010,3,42,1
W_F_0010,3,43,1
W_F_0010,3,44,1
W_F_0010,3,45,1
W_F_0010,3,46,1
W_F_0010,3,47,1
W_F_0010,3,48,1
W_F_0010,3,49,1
W_F_0010,3,50,1
W_F_0010,4,19,0
W_F_0010,4,20,0
W_F_0010,4,21,0
W_F_0010,4,22,0
W_F_0010,4,23,0
W_F_0010,4,24,0
W_F_0010,4,25,0
W_F_0010,4,26,0
W_F_0010,4,27,0
W_F_0010,4,28,1
W_F_0010,4,29,0
W_F_0010,4,30,0
W_F_0010,4,31,0
W_F_0010,4,32,0
W_F_0010,4,33,0
W_F_0010,4,34,0
W_F_0010,4,35,0
W_F_0010,4,36,1
W_F_0010,4,37,1
W_F_0010,4,38,1
W_F_0010,4,39,1
W_F_0010,4,40,1
W_F_0010,4,41,1
W_F_0010,4,42,1
W_F_0010,4,43,1
W_F_0010,4,44,1
W_F_0010,4,45,1
W_F_0010,4,46,1
W_F_0010,4,47,1
W_F_0010,4,48,1
W_F_0010,4,49,1
W_F_0010,4,50,1
W_F_0010,4,51,1
W_F_0010,4,52,1
W_F_0010,5,17,1
W_F_0010,5,18,0
W_F_0010,5,19,0
W_F_0010,5,20,0
W_F_0010,5,21,0
W_F_0010,5,22,1
W_F_0010,5,23,0
W_F_0010,5,24,0
W_F_0010,5,25,0
W_F_0010,5,26,0
W_F_0010,5,27,0
W_F_0010,5,28,0
W_F_0010,5,29,0
W_F_0010,5,30,0
W_F_0010,5,31,0
W_F_0010,5,32,0
W_F_0010,5,33,0
W_F_0010,5,34,1
W_F_0010,5,35,0
W_F_0010,5,36,1
W_F_0010,5,37,1
W_F_0010,5,38,1
W_F_0010,5,39,0
W_F_0010,5,40,1
W_F_0010,5,41,1
W_F_0010,5,42,1
W_F_0010,5,43,1
W_F_0010,5,44,1
W_F_0010,5,45,1
W_F_0010,5,46,1
W_F_0010,5,47,1
W_F_0010,5,48,1
W_F_0010,5,49,1
W_F_0010,5,50,1
W_F_0010,5,51,1
W_F_0010,5,52,1
W_F_0010,5,53,1
W_F_0010,5,54,1
W_F_0010,6,16,1
W_F_0010,6,17,1
W_F_0010,6,18,0
W_F_0010,6,19,0
W_F_0010,6,20,0
W_F_0010,6,21,0
W_F_0010,6,22,0
W_F_0010,6,23,0
W_F_0010,6,24,0
W_F_0010,6,25,0
W_F_0010,6,26,0
W_F_0010,6,27,0
W_F_0010,6,28,0
W_F_0010,6,29,0
W_F_0010,6,30,0
W_F_0010,6,31,0
W_F_0010,6,32,0
W_F_0010,6,33,0
W_F_0010,6,34,0
W_F_0010,6,35,0
W_F_0010,6,36,1
W_F_0010,6,37,0
W_F_0010,6,38,0
W_F_0010,6,39,1
W_F_0010,6,40,0
W_F_0010,6,41,1
W_F_0010,6,42,1
W_F_0010,6,43,1
W_F_0010,6,44,1
W_F_0010,6,45,1
W_F_0010,6,46,1
W_F_0010,6,47,1
W_F_0010,6,48,1
W_F_0010,6,49,1
W_F_0010,6,50,1
W_F_0010,6,51,1
W_F_0010,6,52,1
W_F_0010,6,53,1
W_F_0010,6,54,1
W_F_0010,6,55,1
W_F_0010,7,14,1
W_F_0010,7,15,1
W_F_0010,7,16,1
W_F_0010,7,17,1
W_F_0010,7,18,0
W_F_0010,7,19,0
W_F_0010,7,20,0
W_F_0010,7,21,1
W_F_0010,7,22,0
W_F_0010,7,23,0
W_F_0010,7,24,0
W_F_0010,7,25,0
W_F_0010,7,26,0
W_F_0010,7,27,0
W_F_0010,7,28,0
W_F_0010,7,29,0
W_F_0010,7,30,0
W_F_0010,7,31,0
W_F_0010,7,32,0
W_F_0010,7,33,0
W_F_0010,7,34,0
W_F_0010,7,35,0
W_F_0010,7,36,1
W_F_0010,7,37,1
W_F_0010,7,38,1
W_F_0010,7,39,1
W_F_0010,7,40,0
W_F_0010,7,41,1
W_F_0010,7,42,1
W_F_0010,7,43,1
W_F_0010,7,44,1
W_F_0010,7,45,1
W_F_0010,7,46,1
W_F_0010,7,47,1
W_F_0010,7,48,1
W_F_0010,7,49,1
W_F_0010,7,50,1
W_F_0010,7,51,1
W_F_0010,7,52,1
W_F_0010,7,53,1
W_F_0010,7,54,1
W_F_0010,7,55,1
W_F_0010,7,56,1
W_F_0010,7,57,1
W_F_0010,8,13,0
W_F_0010,8,14,1
W_F_0010,8,15,1
W_F_0010,8,16,0
W_F_0010,8,17,0
W_F_0010,8,18,0
W_F_0010,8,19,0
W_F_0010,8,20,0
W_F_0010,8,21,0
W_F_0010,8,22,1
W_F_0010,8,23,0
W_F_0010,8,24,1
W_F_0010,8,25,0
W_F_0010,8,26,0
W_F_0010,8,27,0
W_F_0010,8,28,0
W_F_0010,8,29,0
W_F_0010,8,30,0
W_F_0010,8,31,0
W_F_0010,8,32,0
W_F_0010,8,33,0
W_F_0010,8,34,0
W_F_0010,8,35,0
W_F_0010,8,36,0
W_F_0010,8,37,0
W_F_0010,8,38,0
W_F_0010,8,39,0
W_F_0010,8,40,0
W_F_0010,8,41,0
W_F_0010,8,42,1
W_F_0010,8,43,1
W_F_0010,8,44,1
W_F_0010,8,45,1
W_F_0010,8,46,1
W_F_0010,8,47,1
W_F_0010,8,48,1
W_F_0010,8,49,1
W_F_0010,8,50,1
W_F_0010,8,51,1
W_F_0010,8,52,1
W_F_0010,8,53,1
W_F_0010,8,54,1
W_F_0010,8,55,1
W_F_0010,8,56,1
W_F_0010,8,57,1
W_F_0010,8,58,1
W_F_0010,9,12,0
W_F_0010,9,13,0
W_F_0010,9,14,0
W_F_0010,9,15,1
W_F_0010,9,16,1
W_F_0010,9,17,0
W_F_0010,9,18,0
W_F_0010,9,19,1
W_F_0010,9,20,0
W_F_0010,9,21,0
W_F_0010,9,22,0
W_F_0010,9,23,0
W_F_0010,9,24,1
W_F_0010,9,25,0
W_F_0010,9,26,0
W_F_0010,9,27,0
W_F_0010,9,28,0
W_F_0010,9,29,0
W_F_0010,9,30,0
W_F_0010,9,31,0
W_F_0010,9,32,0
W_F_0010,9,33,0
W_F_0010,9,34,0
W_F_0010,9,35,0
W_F_0010,9,36,0
W_F_0010,9,37,0
W_F_0010,9,38,0
W_F_0010,9,39,0
W_F_0010,9,40,0
W_F_0010,9,41,0
W_F_0010,9,42,1
W_F_0010,9,43,1
W_F_0010,9,44,1
W_F_0010,9,45,1
W_F_0010,9,46,1
W_F_0010,9,47,1
W_F_0010,9,48,1
W_F_0010,9,49,1
W_F_0010,9,50,1
W_F_0010,9,51,1
W_F_0010,9,52,1
W_F_0010,9,53,1
W_F_0010,9,54,1
W_F_0010,9,55,1
W_F_0010,9,56,1
W_F_0010,9,57,1
W_F_0010,9,58,1
W_F_0010,9,59,1
W_F_0010,10,11,1
W_F_0010,10,12,0
W_F_0010,10,13,1
W_F_0010,10,14,1
W_F_0010,10,15,1
W_F_0010,10,16,1
W_F_0010,10,17,1
W_F_0010,10,18,0
W_F_0010,10,19,0
W_F_0010,10,20,0
W_F_0010,10,21,0
W_F_0010,10,22,0
W_F_0010,10,23,0
W_F_0010,10,24,0
W_F_0010,10,25,0
W_F_0010,10,26,0
W_F_0010,10,27,0
W_F_0010,10,28,0
W_F_0010,10,29,0
W_F_0010,10,30,0
W_F_0010,10,31,0
W_F_0010,10,32,0
W_F_0010,10,33,0
W_F_0010,10,34,0
W_F_0010,10,35,0
W_F_0010,10,36,0
W_F_0010,10,37,0
W_F_0010,10,38,0
W_F_0010,10,39,0
W_F_0010,10,40,0
W_F_0010,10,41,1
W_F_0010,10,42,1
W_F_0010,10,43,1
W_F_0010,10,44,1
W_F_0010,10,45,1
W_F_0010,10,46,1
W_F_0010,10,47,1
W_F_0010,10,48,1
W_F_0010,10,49,1
W_F_0010,10,50,1
W_F_0010,10,51,1
W_F_0010,10,52,1
W_F_0010,10,53,1
W_F_0010,10,54,1
W_F_0010,10,55,1
W_F_0010,10,56,1
W_F_0010,10,57,1
W_F_0010,10,58,1
W_F_0010,10,59,1
W_F_0010,10,60,1
W_F_0010,11,10,1
W_F_0010,11,11,1
W_F_0010,11,12,0
W_F_0010,11,13,1
W_F_0010,11,14,1
W_F_0010,11,15,1
W_F_0010,11,16,1
W_F_0010,11,17,1
W_F_0010,11,18,1
W_F_0010,11,19,0
W_F_0010,11,20,0
W_F_0010,11,21,1
W_F_0010,11,22,0
W_F_0010,11,23,0
W_F_0010,11,24,0
W_F_0010,11,25,0
W_F_0010,11,26,0
W_F_0010,11,27,0
W_F_0010,11,28,0
W_F_0010,11,29,0
W_F_0010,11,30,0
W_F_0010,11,31,0
W_F_0010,11,32,0
W_F_0010,11,33,0
W_F_0010,11,34,0
W_F_0010,11,35,0
W_F_0010,11,36,0
W_F_0010,11,37,0
W_F_0010,11,38,0
W_F_0010,11,39,0
W_F_0010,11,40,0
W_F_0010,11,41,0
W_F_0010,11,42,1
W_F_0010,11,43,1
W_F_0010,11,44,1
W_F_0010,11,45,1
W_F_0010,11,46,1
W_F_0010,11,47,1
W_F_0010,11,48,1
W_F_0010,11,49,1
W_F_0010,11,50,1
W_F_0010,11,51,1
W_F_0010,11,52,1
W_F_0010,11,53,1
W_F_0010,11,54,1
W_F_0010,11,55,1
W_F_0010,11,56,1
W_F_0010,11,57,1
W_F_0010,11,58,1
W_F_0010,11,59,1
W_F_0010,11,60,1
W_F_0010,11,61,1
W_F_0010,12,9,1
W_F_0010,12,10,1
W_F_0010,12,11,1
W_F_0010,12,12,1
W_F_0010,12,13,1
W_F_0010,12,14,1
W_F_0010,12,15,1
W_F_0010,12,16,1
W_F_0010,12,17,1
W_F_0010,12,18,0
W_F_0010,12,19,0
W_F_0010,12,20,0
W_F_0010,12,21,0
W_F_0010,12,22,0
W_F_0010,12,23,0
W_F_0010,12,24,0
W_F_0010,12,25,0
W_F_0010,12,26,0
W_F_0010,12,27,0
W_F_0010,12,28,0
W_F_0010,12,29,0
W_F_0010,12,30,0
W_F_0010,12,31,0
W_F_0010,12,32,0
W_F_0010,12,33,0
W_F_0010,12,34,0
W_F_0010,12,35,0
W_F_0010,12,36,0
W_F_0010,12,37,1
W_F_0010,12,38,1
W_F_0010,12,39,0
W_F_0010,12,40,0
W_F_0010,12,41,0
W_F_0010,12,42,1
W_F_0010,12,43,1
W_F_0010,12,44,1
W_F_0010,12,45,1
W_F_0010,12,46,1
W_F_0010,12,47,1
W_F_0010,12,48,1
W_F_0010,12,49,1
W_F_0010,12,50,1
W_F_0010,12,51,1
W_F_0010,12,52,1
W_F_0010,12,53,1
W_F_0010,12,54,1
W_F_0010,12,55,1
W_F_0010,12,56,1
W_F_0010,12,57,1
W_F_0010,12,58,1
W_F_0010,12,59,1
W_F_0010,12,60,1
W_F_0010,12,61,1
W_F_0010,12,62,1
W_F_0010,13,8,1
W_F_0010,13,9,1
W_F_0010,13,10,1
W_F_0010,13,11,1
W_F_0010,13,12,0
W_F_0010,13,13,1
W_F_0010,13,14,1
W_F_0010,13,15,1
W_F_0010,13,16,1
W_F_0010,13,17,1
W_F_0010,13,18,0
W_F_0010,13,19,0
W_F_0010,13,20,1
W_F_0010,13,21,0
W_F_0010,13,22,0
W_F_0010,13,23,0
W_F_0010,13,24,0
W_F_0010,13,25,0
W_F_0010,13,26,0
W_F_0010,13,27,0
W_F_0010,13,28,0
W_F_0010,13,29,0
W_F_0010,13,30,0
W_F_0010,13,31,0
W_F_0010,13,32,0
W_F_0010,13,33,0
W_F_0010,13,34,0
W_F_0010,13,35,0
W_F_0010,13,36,0
W_F_0010,13,37,0
W_F_0010,13,38,0
W_F_0010,13,39,1
W_F_0010,13,40,1
W_F_0010,13,41,0
W_F_0010,13,42,1
W_F_0010,13,43,1
W_F_0010,13,44,1
W_F_0010,13,45,1
W_F_0010,13,46,1
W_F_0010,13,47,1
W_F_0010,13,48,1
W_F_0010,13,49,1
W_F_0010,13,50,1
W_F_0010,13,51,1
W_F_0010,13,52,1
W_F_0010,13,53,1
W_F_0010,13,54,1
W_F_0010,13,55,1
W_F_0010,13,56,1
W_F_0010,13,57,1
W_F_0010,13,58,1
W_F_0010,13,59,1
W_F_0010,13,60,1
W_F_0010,13,61,1
W_F_0010,13,62,1
W_F_0010,13,63,1
W_F_0010,14,7,1
W_F_0010,14,8,1
W_F_0010,14,9,1
W_F_0010,14,10,1
W_F_0010,14,11,1
W_F_0010,14,12,1
W_F_0010,14,13,1
W_F_0010,14,14,1
W_F_0010,14,15,1
W_F_0010,14,16,1
W_F_0010,14,17,1
W_F_0010,14,18,0
W_F_0010,14,19,0
W_F_0010,14,20,0
W_F_0010,14,21,0
W_F_0010,14,22,0
W_F_0010,14,23,0
W_F_0010,14,24,0
W_F_0010,14,25,0
W_F_0010,14,26,0
W_F_0010,14,27,1
W_F_0010,14,28,0
W_F_0010,14,29,0
W_F_0010,14,30,0
W_F_0010,14,31,0
W_F_0010,14,32,0
W_F_0010,14,33,0
W_F_0010,14,34,0
W_F_0010,14,35,0
W_F_0010,14,36,0
W_F_0010,14,37,0
W_F_0010,14,38,0
W_F_0010,14,39,0
W_F_0010,14,40,0
W_F_0010,14,41,0
W_F_0010,14,42,1
W_F_0010,14,43,1
W_F_0010,14,44,1
W_F_0010,14,45,1
W_F_0010,14,46,1
W_F_0010,14,47,1
W_F_0010,14,48,1
W_F_0010,14,49,1
W_F_0010,14,50,1
W_F_0010,14,51,1
W_F_0010,14,52,1
W_F_0010,14,53,1
W_F_0010,14,54,1
W_F_0010,14,55,1
W_F_0010,14,56,1
W_F_0010,14,57,1
W_F_0010,14,58,1
W_F_0010,14,59,1
W_F_0010,14,60,1
W_F_0010,14,61,1
W_F_0010,14,62,1
W_F_0010,14,63,1
W_F_0010,14,64,1
W_F_0010,15,7,1
W_F_0010,15,8,1
W_F_0010,15,9,1
W_F_0010,15,10,1
W_F_0010,15,11,1
W_F_0010,15,12,0
W_F_0010,15,13,1
W_F_0010,15,14,1
W_F_0010,15,15,1
W_F_0010,15,16,1
W_F_0010,15,17,1
W_F_0010,15,18,1
W_F_0010,15,19,0
W_F_0010,15,20,0
W_F_0010,15,21,0
W_F_0010,15,22,0
W_F_0010,15,23,0
W_F_0010,15,24,0
W_F_0010,15,25,0
W_F_0010,15,26,0
W_F_0010,15,27,0
W_F_0010,15,28,0
W_F_0010,15,29,0
W_F_0010,15,30,0
W_F_0010,15,31,0
W_F_0010,15,32,0
W_F_0010,15,33,0
W_F_0010,15,34,0
W_F_0010,15,35,0
W_F_0010,15,36,0
W_F_0010,15,37,0
W_F_0010,15,38,0
W_F_0010,15,39,0
W_F_0010,15,40,0
W_F_0010,15,41,1
W_F_0010,15,42,1
W_F_0010,15,43,1
W_F_0010,15,44,1
W_F_0010,15,45,1
W_F_0010,15,46,1
W_F_0010,15,47,1
W_F_0010,15,48,1
W_F_0010,15,49,1
W_F_0010,15,50,1
W_F_0010,15,51,1
W_F_0010,15,52,1
W_F_0010,15,53,1
W_F_0010,15,54,1
W_F_0010,15,55,1
W_F_0010,15,56,1
W_F_0010,15,57,1
W_F_0010,15,58,1
W_F_0010,15,59,1
W_F_0010,15,60,1
W_F_0010,15,61,1
W_F_0010,15,62,1
W_F_0010,15,63,1
W_F_0010,15,64,1
W_F_0010,16,6,0
W_F_0010,16,7,1
W_F_0010,16,8,1
W_F_0010,16,9,1
W_F_0010,16,10,1
W_F_0010,16,11,1
W_F_0010,16,12,0
W_F_0010,16,13,1
W_F_0010,16,14,0
W_F_0010,16,15,0
W_F_0010,16,16,0
W_F_0010,16,17,0
W_F_0010,16,18,0
W_F_0010,16,19,0
W_F_0010,16,20,0
W_F_0010,16,21,0
W_F_0010,16,22,0
W_F_0010,16,23,0
W_F_0010,16,24,0
W_F_0010,16,25,0
W_F_0010,16,26,0
W_F_0010,16,27,0
W_F_0010,16,28,0
W_F_0010,16,29,0
W_F_0010,16,30,0
W_F_0010,16,31,0
W_F_0010,16,32,0
W_F_0010,16,33,0
W_F_0010,16,34,0
W_F_0010,16,35,0
W_F_0010,16,36,0
W_F_0010,16,37,0
W_F_0010,16,38,0
W_F_0010,16,39,0
W_F_0010,16,40,0
W_F_0010,16,41,0
W_F_0010,16,42,1
W_F_0010,16,43,1
W_F_0010,16,44,1
W_F_0010,16,45,1
W_F_0010,16,46,1
W_F_0010,16,47,1
W_F_0010,16,48,1
W_F_0010,16,49,1
W_F_0010,16,50,1
W_F_0010,16,51,1
W_F_0010,16,52,1
W_F_0010,16,53,1
W_F_0010,16,54,1
W_F_0010,16,55,1
W_F_0010,16,56,1
W_F_0010,16,57,1
W_F_0010,16,58,1
W_F_0010,16,59,1
W_F_0010,16,60,1
W_F_0010,16,61,1
W_F_0010,16,62,1
W_F_0010,16,63,1
W_F_0010,16,64,1
W_F_0010,16,65,1
W_F_0010,17,5,1
W_F_0010,17,6,1
W_F_0010,17,7,1
W_F_0010,17,8,1
W_F_0010,17,9,1
W_F_0010,17,10,1
W_F_0010,17,11,1
W_F_0010,17,12,0
W_F_0010,17,13,1
W_F_0010,17,14,1
W_F_0010,17,15,1
W_F_0010,17,16,0
W_F_0010,17,17,0
W_F_0010,17,18,0
W_F_0010,17,19,0
W_F_0010,17,20,0
W_F_0010,17,21,0
W_F_0010,17,22,0
W_F_0010,17,23,0
W_F_0010,17,24,0
W_F_0010,17,25,0
W_F_0010,17,26,0
W_F_0010,17,27,0
W_F_0010,17,28,0
W_F_0010,17,29,0
W_F_0010,17,30,0
W_F_0010,17,31,0
W_F_0010,17,32,0
W_F_0010,17,33,0
W_F_0010,17,34,0
W_F_0010,17,35,1
W_F_0010,17,36,0
W_F_0010,17,37,0
W_F_0010,17,38,0
W_F_0010,17,39,0
W_F_0010,17,40,0
W_F_0010,17,41,0
W_F_0010,17,42,1
W_F_0010,17,43,1
W_F_0010,17,44,1
W_F_0010,17,45,1
W_F_0010,17,46,0
W_F_0010,17,47,1
W_F_0010,17,48,1
W_F_0010,17,49,1
W_F_0010,17,50,1
W_F_0010,17,51,1
W_F_0010,17,52,1
W_F_0010,17,53,1
W_F_0010,17,54,1
W_F_0010,17,55,1
W_F_0010,17,56,1
W_F_0010,17,57,1
W_F_0010,17,58,1
W_F_0010,17,59,1
W_F_0010,17,60,1
W_F_0010,17,61,1
W_F_0010,17,62,1
W_F_0010,17,63,1
W_F_0010,17,64,1
W_F_0010,17,65,1
W_F_0010,17,66,1
W_F_0010,18,5,1
W_F_0010,18,6,1
W_F_0010,18,7,1
W_F_0010,18,8,1
W_F_0010,18,9,1
W_F_0010,18,10,1
W_F_0010,18,11,1
W_F_0010,18,12,0
W_F_0010,18,13,0
W_F_0010,18,14,1
W_F_0010,18,15,0
W_F_0010,18,16,1
W_F_0010,18,17,1
W_F_0010,18,18,0
W_F_0010,18,19,0
W_F_0010,18,20,0
W_F_0010,18,21,0
W_F_0010,18,22,0
W_F_0010,18,23,0
W_F_0010,18,24,0
W_F_0010,18,25,0
W_F_0010,18,26,0
W_F_0010,18,27,0
W_F_0010,18,28,0
W_F_0010,18,29,0
W_F_0010,18,30,0
W_F_0010,18,31,0
W_F_0010,18,32,0
W_F_0010,18,33,0
W_F_0010,18,34,0
W_F_0010,18,35,0
W_F_0010,18,36,0
W_F_0010,18,37,0
W_F_0010,18,38,0
W_F_0010,18,39,0
W_F_0010,18,40,0
W_F_0010,18,41,0
W_F_0010,18,42,1
W_F_0010,18,43,1
W_F_0010,18,44,1
W_F_0010,18,45,1
W_F_0010,18,46,0
W_F_0010,18,47,1
W_F_0010,18,48,1
W_F_0010,18,49,1
W_F_0010,18,50,1
W_F_0010,18,51,1
W_F_0010,18,52,1
W_F_0010,18,53,1
W_F_0010,18,54,1
W_F_0010,18,55,1
W_F_0010,18,56,1
W_F_0010,18,57,1
W_F_0010,18,58,1
W_F_0010,18,59,1
W_F_0010,18,60,1
W_F_0010,18,61,1
W_F_0010,18,62,1
W_F_0010,18,63,1
W_F_0010,18,64,1
W_F_0010,18,65,1
W_F_0010,18,66,1
W_F_0010,19,4,1
W_F_0010,19,5,1
W_F_0010,19,6,1
W_F_0010,19,7,1
W_F_0010,19,8,1
W_F_0010,19,9,1
W_F_0010,19,10,1
W_F_0010,19,11,1
W_F_0010,19,12,1
W_F_0010,19,13,1
W_F_0010,19,14,1
W_F_0010,19,15,1
W_F_0010,19,16,1
W_F_0010,19,17,0
W_F_0010,19,18,0
W_F_0010,19,19,0
W_F_0010,19,20,0
W_F_0010,19,21,0
W_F_0010,19,22,1
W_F_0010,19,23,0
W_F_0010,19,24,0
W_F_0010,19,25,0
W_F_0010,19,26,0
W_F_0010,19,27,0
W_F_0010,19,28,0
W_F_0010,19,29,0
W_F_0010,19,30,0
W_F_0010,19,31,0
W_F_0010,19,32,0
W_F_0010,19,33,0
W_F_0010,19,34,0
W_F_0010,19,35,0
W_F_0010,19,36,0
W_F_0010,19,37,0
W_F_0010,19,38,0
W_F_0010,19,39,0
W_F_0010,19,40,0
W_F_0010,19,41,0
W_F_0010,19,42,1
W_F_0010,19,43,1
W_F_0010,19,44,0
W_F_0010,19,45,1
W_F_0010,19,46,1
W_F_0010,19,47,1
W_F_0010,19,48,1
W_F_0010,19,49,1
W_F_0010,19,50,1
W_F_0010,19,51,1
W_F_0010,19,52,1
W_F_0010,19,53,1
W_F_0010,19,54,1
W_F_0010,19,55,1
W_F_0010,19,56,1
W_F_0010,19,57,1
W_F_0010,19,58,1
W_F_0010,19,59,1
W_F_0010,19,60,1
W_F_0010,19,61,1
W_F_0010,19,62,1
W_F_0010,19,63,1
W_F_0010,19,64,1
W_F_0010,19,65,1
W_F_0010,19,66,1
W_F_0010,19,67,1
W_F_0010,20,4,1
W_F_0010,20,5,1
W_F_0010,20,6,1
W_F_0010,20,7,1
W_F_0010,20,8,1
W_F_0010,20,9,1
W_F_0010,20,10,1
W_F_0010,20,11,1
W_F_0010,20,12,1
W_F_0010,20,13,1
W_F_0010,20,14,1
W_F_0010,20,15,1
W_F_0010,20,16,1
W_F_0010,20,17,0
W_F_0010,20,18,0
W_F_0010,20,19,0
W_F_0010,20,20,0
W_F_0010,20,21,1
W_F_0010,20,22,0
W_F_0010,20,23,0
W_F_0010,20,24,0
W_F_0010,20,25,0
W_F_0010,20,26,0
W_F_0010,20,27,0
W_F_0010,20,28,0
W_F_0010,20,29,0
W_F_0010,20,30,0
W_F_0010,20,31,0
W_F_0010,20,32,0
W_F_0010,20,33,0
W_F_0010,20,34,0
W_F_0010,20,35,0
W_F_0010,20,36,0
W_F_0010,20,37,0
W_F_0010,20,38,0
W_F_0010,20,39,0
W_F_0010,20,40,0
W_F_0010,20,41,0
W_F_0010,20,42,1
W_F_0010,20,43,1
W_F_0010,20,44,0
W_F_0010,20,45,0
W_F_0010,20,46,0
W_F_0010,20,47,1
W_F_0010,20,48,1
W_F_0010,20,49,1
W_F_0010,20,50,1
W_F_0010,20,51,1
W_F_0010,20,52,1
W_F_0010,20,53,1
W_F_0010,20,54,1
W_F_0010,20,55,1
W_F_0010,20,56,1
W_F_0010,20,57,1
W_F_0010,20,58,1
W_F_0010,20,59,1
W_F_0010,20,60,1
W_F_0010,20,61,1
W_F_0010,20,62,1
W_F_0010,20,63,1
W_F_0010,20,64,1
W_F_0010,20,65,1
W_F_0010,20,66,1
W_F_0010,20,67,1
W_F_0010,21,3,1
W_F_0010,21,4,1
W_F_0010,21,5,1
W_F_0010,21,6,1
W_F_0010,21,7,1
W_F_0010,21,8,1
W_F_0010,21,9,1
W_F_0010,21,10,1
W_F_0010,21,11,1
W_F_0010,21,12,0
W_F_0010,21,13,1
W_F_0010,21,14,1
W_F_0010,21,15,1
W_F_0010,21,16,1
W_F_0010,21,17,0
W_F_0010,21,18,0
W_F_0010,21,19,0
W_F_0010,21,20,0
W_F_0010,21,21,0
W_F_0010,21,22,0
W_F_0010,21,23,0
W_F_0010,21,24,0
W_F_0010,21,25,0
W_F_0010,21,26,0
W_F_0010,21,27,0
W_F_0010,21,28,0
W_F_0010,21,29,0
W_F_0010,21,30,0
W_F_0010,21,31,0
W_F_0010,21,32,0
W_F_0010,21,33,0
W_F_0010,21,34,0
W_F_0010,21,35,0
W_F_0010,21,36,0
W_F_0010,21,37,0
W_F_0010,21,38,0
W_F_0010,21,39,0
W_F_0010,21,40,0
W_F_0010,21,41,0
W_F_0010,21,42,1
W_F_0010,21,43,1
W_F_0010,21,44,1
W_F_0010,21,45,1
W_F_0010,21,46,0
W_F_0010,21,47,1
W_F_0010,21,48,1
W_F_0010,21,49,1
W_F_0010,21,50,1
W_F_0010,21,51,1
W_F_0010,21,52,1
W_F_0010,21,53,1
W_F_0010,21,54,1
W_F_0010,21,55,1
W_F_0010,21,56,1
W_F_0010,21,57,1
W_F_0010,21,58,1
W_F_0010,21,59,1
W_F_0010,21,60,1
W_F_0010,21,61,1
W_F_0010,21,62,1
W_F_0010,21,63,1
W_F_0010,21,64,1
W_F_0010,21,65,1
W_F_0010,21,66,1
W_F_0010,21,67,1
W_F_0010,21,68,1
W_F_0010,22,3,1
W_F_0010,22,4,1
W_F_0010,22,5,1
W_F_0010,22,6,1
W_F_0010,22,7,1
W_F_0010,22,8,1
W_F_0010,22,9,1
W_F_0010,22,10,1
W_F_0010,22,11,1
W_F_0010,22,12,0
W_F_0010,22,13,1
W_F_0010,22,14,1
W_F_0010,22,15,1
W_F_0010,22,16,1
W_F_0010,22,17,0
W_F_0010,22,18,0
W_F_0010,22,19,0
W_F_0010,22,20,0
W_F_0010,22,21,1
W_F_0010,22,22,0
W_F_0010,22,23,0
W_F_0010,22,24,0
W_F_0010,22,25,0
W_F_0010,22,26,0
W_F_0010,22,27,0
W_F_0010,22,28,0
W_F_0010,22,29,0
W_F_0010,22,30,0
W_F_0010,22,31,0
W_F_0010,22,32,0
W_F_0010,22,33,0
W_F_0010,22,34,0
W_F_0010,22,35,0
W_F_0010,22,36,0
W_F_0010,22,37,0
W_F_0010,22,38,0
W_F_0010,22,39,0
W_F_0010,22,40,0
W_F_0010,22,41,1
W_F_0010,22,42,1
W_F_0010,22,43,1
W_F_0010,22,44,1
W_F_0010,22,45,1
W_F_0010,22,46,1
W_F_0010,22,47,1
W_F_0010,22,48,1
W_F_0010,22,49,1
W_F_0010,22,50,1
W_F_0010,22,51,1
W_F_0010,22,52,1
W_F_0010,22,53,1
W_F_0010,22,54,1
W_F_0010,22,55,1
W_F_0010,22,56,1
W_F_0010,22,57,1
W_F_0010,22,58,1
W_F_0010,22,59,1
W_F_0010,22,60,1
W_F_0010,22,61,1
W_F_0010,22,62,1
W_F_0010,22,63,1
W_F_0010,22,64,1
W_F_0010,22,65,1
W_F_0010,22,66,1
W_F_0010,22,67,1
W_F_0010,22,68,1
W_F_0010,23,3,1
W_F_0010,23,4,1
W_F_0010,23,5,1
W_F_0010,23,6,1
W_F_0010,23,7,1
W_F_0010,23,8,1
W_F_0010,23,9,1
W_F_0010,23,10,1
W_F_0010,23,11,1
W_F_0010,23,12,0
W_F_0010,23,13,0
W_F_0010,23,14,0
W_F_0010,23,15,0
W_F_0010,23,16,1
W_F_0010,23,17,0
W_F_0010,23,18,0
W_F_0010,23,19,0
W_F_0010,23,20,0
W_F_0010,23,21,0
W_F_0010,23,22,1
W_F_0010,23,23,0
W_F_0010,23,24,0
W_F_0010,23,25,0
W_F_0010,23,26,0
W_F_0010,23,27,0
W_F_0010,23,28,0
W_F_0010,23,29,0
W_F_0010,23,30,0
W_F_0010,23,31,0
W_F_0010,23,32,0
W_F_0010,23,33,0
W_F_0010,23,34,0
W_F_0010,23,35,0
W_F_0010,23,36,0
W_F_0010,23,37,0
W_F_0010,23,38,0
W_F_0010,23,39,0
W_F_0010,23,40,0
W_F_0010,23,41,0
W_F_0010,23,42,1
W_F_0010,23,43,1
W_F_0010,23,44,1
W_F_0010,23,45,1
W_F_0010,23,46,1
W_F_0010,23,47,1
W_F_0010,23,48,1
W_F_0010,23,49,1
W_F_0010,23,50,1
W_F_0010,23,51,1
W_F_0010,23,52,1
W_F_0010,23,53,1
W_F_0010,23,54,1
W_F_0010,23,55,1
W_F_0010,23,56,1
W_F_0010,23,57,1
W_F_0010,23,58,1
W_F_0010,23,59,1
W_F_0010,23,60,1
W_F_0010,23,61,1
W_F_0010,23,62,1
W_F_0010,23,63,1
W_F_0010,23,64,1
W_F_0010,23,65,1
W_F_0010,23,66,1
W_F_0010,23,67,1
W_F_0010,23,68,1
W_F_0010,23,69,1
W_F_0010,24,2,1
W_F_0010,24,3,1
W_F_0010,24,4,1
W_F_0010,24,5,1
W_F_0010,24,6,0
W_F_0010,24,7,1
W_F_0010,24,8,1
W_F_0010,24,9,1
W_F_0010,24,10,1
W_F_0010,24,11,1
W_F_0010,24,12,1
W_F_0010,24,13,0
W_F_0010,24,14,0
W_F_0010,24,15,0
W_F_0010,24,16,0
W_F_0010,24,17,0
W_F_0010,24,18,0
W_F_0010,24,19,0
W_F_0010,24,20,0
W_F_0010,24,21,0
W_F_0010,24,22,0
W_F_0010,24,23,0
W_F_0010,24,24,0
W_F_0010,24,25,0
W_F_0010,24,26,0
W_F_0010,24,27,0
W_F_0010,24,28,0
W_F_0010,24,29,0
W_F_0010,24,30,0
W_F_0010,24,31,0
W_F_0010,24,32,0
W_F_0010,24,33,0
W_F_0010,24,34,0
W_F_0010,24,35,0
W_F_0010,24,36,0
W_F_0010,24,37,0
W_F_0010,24,38,0
W_F_0010,24,39,0
W_F_0010,24,40,0
W_F_0010,24,41,0
W_F_0010,24,42,1
W_F_0010,24,43,1
W_F_0010,24,44,1
W_F_0010,24,45,1
W_F_0010,24,46,1
W_F_0010,24,47,1
W_F_0010,24,48,1
W_F_0010,24,49,1
W_F_0010,24,50,1
W_F_0010,24,51,1
W_F_0010,24,52,1
W_F_0010,24,53,1
W_F_0010,24,54,1
W_F_0010,24,55,1
W_F_0010,24,56,1
W_F_0010,24,57,1
W_F_0010,24,58,1
W_F_0010,24,59,1
W_F_0010,24,60,1
W_F_0010,24,61,1
W_F_0010,24,62,1
W_F_0010,24,63,1
W_F_0010,24,64,1
W_F_0010,24,65,1
W_F_0010,24,66,1
W_F_0010,24,67,1
W_F_0010,24,68,1
W_F_0010,24,69,1
W_F_0010,25,2,1
W_F_0010,25,3,1
W_F_0010,25,4,1
W_F_0010,25,5,1
W_F_0010,25,6,1
W_F_0010,25,7,1
W_F_0010,25,8,1
W_F_0010,25,9,1
W_F_0010,25,10,1
W_F_0010,25,11,1
W_F_0010,25,12,0
W_F_0010,25,13,0
W_F_0010,25,14,0
W_F_0010,25,15,1
W_F_0010,25,16,0
W_F_0010,25,17,0
W_F_0010,25,18,0
W_F_0010,25,19,0
W_F_0010,25,20,0
W_F_0010,25,21,0
W_F_0010,25,22,0
W_F_0010,25,23,0
W_F_0010,25,24,0
W_F_0010,25,25,0
W_F_0010,25,26,0
W_F_0010,25,27,0
W_F_0010,25,28,0
W_F_0010,25,29,0
W_F_0010,25,30,0
W_F_0010,25,31,0
W_F_0010,25,32,0
W_F_0010,25,33,0
W_F_0010,25,34,0
W_F_0010,25,35,0
W_F_0010,25,36,0
W_F_0010,25,37,0
W_F_0010,25,38,0
W_F_0010,25,39,0
W_F_0010,25,40,0
W_F_0010,25,41,0
W_F_0010,25,42,1
W_F_0010,25,43,1
W_F_0010,25,44,1
W_F_0010,25,45,1
W_F_0010,25,46,1
W_F_0010,25,47,1
W_F_0010,25,48,1
W_F_0010,25,49,1
W_F_0010,25,50,1
W_F_0010,25,51,1
W_F_0010,25,52,1
W_F_0010,25,53,1
W_F_0010,25,54,1
W_F_0010,25,55,1
W_F_0010,25,56,1
W_F_0010,25,57,1
W_F_0010,25,58,1
W_F_0010,25,59,1
W_F_0010,25,60,1
W_F_0010,25,61,1
W_F_0010,25,62,1
W_F_0010,25,63,1
W_F_0010,25,64,1
W_F_0010,25,65,1
W_F_0010,25,66,1
W_F_0010,25,67,1
W_F_0010,25,68,1
W_F_0010,25,69,1
W_F_0010,26,1,1
W_F_0010,26,2,1
W_F_0010,26,3,1
W_F_0010,26,4,1
W_F_0010,26,5,1
W_F_0010,26,6,1
W_F_0010,26,7,1
W_F_0010,26,8,1
W_F_0010,26,9,1
W_F_0010,26,10,1
W_F_0010,26,11,1
W_F_0010,26,12,0
W_F_0010,26,13,1
W_F_0010,26,14,0
W_F_0010,26,15,0
W_F_0010,26,16,0
W_F_0010,26,17,0
W_F_0010,26,18,0
W_F_0010,26,19,0
W_F_0010,26,20,0
W_F_0010,26,21,0
W_F_0010,26,22,0
W_F_0010,26,23,0
W_F_0010,26,24,0
W_F_0010,26,25,0
W_F_0010,26,26,0
W_F_0010,26,27,0
W_F_0010,26,28,0
W_F_0010,26,29,0
W_F_0010,26,30,0
W_F_0010,26,31,0
W_F_0010,26,32,0
W_F_0010,26,33,0
W_F_0010,26,34,0
W_F_0010,26,35,0
W_F_0010,26,36,0
W_F_0010,26,37,0
W_F_0010,26,38,0
W_F_0010,26,39,0
W_F_0010,26,40,0
W_F_0010,26,41,0
W_F_0010,26,42,1
W_F_0010,26,43,1
W_F_0010,26,44,1
W_F_0010,26,45,1
W_F_0010,26,46,1
W_F_0010,26,47,1
W_F_0010,26,48,1
W_F_0010,26,49,1
W_F_0010,26,50,1
W_F_0010,26,51,1
W_F_0010,26,52,1
W_F_0010,26,53,1
W_F_0010,26,54,1
W_F_0010,26,55,1
W_F_0010,26,56,1
W_F_0010,26,57,1
W_F_0010,26,58,1
W_F_0010,26,59,1
W_F_0010,26,60,1
W_F_0010,26,61,1
W_F_0010,26,62,1
W_F_0010,26,63,1
W_F_0010,26,64,1
W_F_0010,26,65,1
W_F_0010,26,66,1
W_F_0010,26,67,1
W_F_0010,26,68,1
W_F_0010,26,69,1
W_F_0010,26,70,1
W_F_0010,27,1,1
W_F_0010,27,2,1
W_F_0010,27,3,1
W_F_0010,27,4,1
W_F_0010,27,5,1
W_F_0010,27,6,1
W_F_0010,27,7,1
W_F_0010,27,8,1
W_F_0010,27,9,1
W_F_0010,27,10,1
W_F_0010,27,11,1
W_F_0010,27,12,0
W_F_0010,27,13,0
W_F_0010,27,14,0
W_F_0010,27,15,0
W_F_0010,27,16,1
W_F_0010,27,17,0
W_F_0010,27,18,0
W_F_0010,27,19,0
W_F_0010,27,20,0
W_F_0010,27,21,0
W_F_0010,27,22,0
W_F_0010,27,23,0
W_F_0010,27,24,0
W_F_0010,27,25,1
W_F_0010,27,26,0
W_F_0010,27,27,0
W_F_0010,27,28,0
W_F_0010,27,29,0
W_F_0010,27,30,0
W_F_0010,27,31,0
W_F_0010,27,32,0
W_F_0010,27,33,0
W_F_0010,27,34,0
W_F_0010,27,35,0
W_F_0010,27,36,0
W_F_0010,27,37,0
W_F_0010,27,38,0
W_F_0010,27,39,0
W_F_0010,27,40,0
W_F_0010,27,41,0
W_F_0010,27,42,1
W_F_0010,27,43,0
W_F_0010,27,44,0
W_F_0010,27,45,0
W_F_0010,27,46,0
W_F_0010,27,47,1
W_F_0010,27,48,1
W_F_0010,27,49,1
W_F_0010,27,50,1
W_F_0010,27,51,1
W_F_0010,27,52,1
W_F_0010,27,53,1
W_F_0010,27,54,1
W_F_0010,27,55,1
W_F_0010,27,56,1
W_F_0010,27,57,1
W_F_0010,27,58,1
W_F_0010,27,59,1
W_F_0010,27,60,1
W_F_0010,27,61,1
W_F_0010,27,62,1
W_F_0010,27,63,1
W_F_0010,27,64,1
W_F_0010,27,65,1
W_F_0010,27,66,1
W_F_0010,27,67,1
W_F_0010,27,68,1
W_F_0010,27,69,1
W_F_0010,27,70,1
W_F_0010,28,1,1
W_F_0010,28,2,1
W_F_0010,28,3,1
W_F_0010,28,4,1
W_F_0010,28,5,1
W_F_0010,28,6,1
W_F_0010,28,7,1
W_F_0010,28,8,1
W_F_0010,28,9,1
W_F_0010,28,10,1
W_F_0010,28,11,1
W_F_0010,28,12,0
W_F_0010,28,13,0
W_F_0010,28,14,1
W_F_0010,28,15,0
W_F_0010,28,16,1
W_F_0010,28,17,0
W_F_0010,28,18,0
W_F_0010,28,19,0
W_F_0010,28,20,0
W_F_0010,28,21,0
W_F_0010,28,22,0
W_F_0010,28,23,0
W_F_0010,28,24,0
W_F_0010,28,25,0
W_F_0010,28,26,0
W_F_0010,28,27,0
W_F_0010,28,28,0
W_F_0010,28,29,0
W_F_0010,28,30,1
W_F_0010,28,31,0
W_F_0010,28,32,0
W_F_0010,28,33,0
W_F_0010,28,34,0
W_F_0010,28,35,0
W_F_0010,28,36,0
W_F_0010,28,37,0
W_F_0010,28,38,0
W_F_0010,28,39,0
W_F_0010,28,40,0
W_F_0010,28,41,0
W_F_0010,28,42,1
W_F_0010,28,43,0
W_F_0010,28,44,0
W_F_0010,28,45,0
W_F_0010,28,46,0
W_F_0010,28,47,1
W_F_0010,28,48,1
W_F_0010,28,49,1
W_F_0010,28,50,1
W_F_0010,28,51,1
W_F_0010,28,52,1
W_F_0010,28,53,1
W_F_0010,28,54,1
W_F_0010,28,55,1
W_F_0010,28,56,1
W_F_0010,28,57,1
W_F_0010,28,58,1
W_F_0010,28,59,1
W_F_0010,28,60,1
W_F_0010,28,61,1
W_F_0010,28,62,1
W_F_0010,28,63,1
W_F_0010,28,64,1
W_F_0010,28,65,1
W_F_0010,28,66,1
W_F_0010,28,67,1
W_F_0010,28,68,1
W_F_0010,28,69,1
W_F_0010,28,70,1
W_F_0010,29,1,1
W_F_0010,29,2,1
W_F_0010,29,3,1
W_F_0010,29,4,1
W_F_0010,29,5,1
W_F_0010,29,6,1
W_F_0010,29,7,1
W_F_0010,29,8,1
W_F_0010,29,9,1
W_F_0010,29,10,1
W_F_0010,29,11,1
W_F_0010,29,12,0
W_F_0010,29,13,0
W_F_0010,29,14,1
W_F_0010,29,15,0
W_F_0010,29,16,0
W_F_0010,29,17,0
W_F_0010,29,18,0
W_F_0010,29,19,0
W_F_0010,29,20,0
W_F_0010,29,21,0
W_F_0010,29,22,0
W_F_0010,29,23,0
W_F_0010,29,24,0
W_F_0010,29,25,0
W_F_0010,29,26,0
W_F_0010,29,27,1
W_F_0010,29,28,0
W_F_0010,29,29,0
W_F_0010,29,30,0
W_F_0010,29,31,0
W_F_0010,29,32,1
W_F_0010,29,33,0
W_F_0010,29,34,0
W_F_0010,29,35,0
W_F_0010,29,36,0
W_F_0010,29,37,0
W_F_0010,29,38,0
W_F_0010,29,39,0
W_F_0010,29,40,0
W_F_0010,29,41,0
W_F_0010,29,42,1
W_F_0010,29,43,1
W_F_0010,29,44,1
W_F_0010,29,45,0
W_F_0010,29,46,0
W_F_0010,29,47,1
W_F_0010,29,48,1
W_F_0010,29,49,1
W_F_0010,29,50,1
W_F_0010,29,51,1
W_F_0010,29,52,1
W_F_0010,29,53,1
W_F_0010,29,54,1
W_F_0010,29,55,1
W_F_0010,29,56,1
W_F_0010,29,57,1
W_F_0010,29,58,1
W_F_0010,29,59,1
W_F_0010,29,60,1
W_F_0010,29,61,1
W_F_0010,29,62,1
W_F_0010,29,63,1
W_F_0010,29,64,1
W_F_0010,29,65,1
W_F_0010,29,66,1
W_F_0010,29,67,1
W_F_0010,29,68,1
W_F_0010,29,69,1
W_F_0010,29,70,1
W_F_0010,30,1,1
W_F_0010,30,2,1
W_F_0010,30,3,1
W_F_0010,30,4,1
W_F_0010,30,5,1
W_F_0010,30,6,1
W_F_0010,30,7,1
W_F_0010,30,8,1
W_F_0010,30,9,1
W_F_0010,30,10,1
W_F_0010,30,11,1
W_F_0010,30,12,0
W_F_0010,30,13,0
W_F_0010,30,14,0
W_F_0010,30,15,1
W_F_0010,30,16,0
W_F_0010,30,17,0
W_F_0010,30,18,0
W_F_0010,30,19,0
W_F_0010,30,20,0
W_F_0010,30,21,0
W_F_0010,30,22,0
W_F_0010,30,23,0
W_F_0010,30,24,0
W_F_0010,30,25,0
W_F_0010,30,26,0
W_F_0010,30,27,0
W_F_0010,30,28,0
W_F_0010,30,29,0
W_F_0010,30,30,1
W_F_0010,30,31,0
W_F_0010,30,32,0
W_F_0010,30,33,1
W_F_0010,30,34,0
W_F_0010,30,35,0
W_F_0010,30,36,0
W_F_0010,30,37,1
W_F_0010,30,38,0
W_F_0010,30,39,0
W_F_0010,30,40,0
W_F_0010,30,41,0
W_F_0010,30,42,1
W_F_0010,30,43,1
W_F_0010,30,44,0
W_F_0010,30,45,0
W_F_0010,30,46,0
W_F_0010,30,47,1
W_F_0010,30,48,1
W_F_0010,30,49,1
W_F_0010,30,50,1
W_F_0010,30,51,1
W_F_0010,30,52,1
W_F_0010,30,53,1
W_F_0010,30,54,1
W_F_0010,30,55,1
W_F_0010,30,56,1
W_F_0010,30,57,1
W_F_0010,30,58,1
W_F_0010,30,59,1
W_F_0010,30,60,1
W_F_0010,30,61,1
W_F_0010,30,62,1
W_F_0010,30,63,1
W_F_0010,30,64,1
W_F_0010,30,65,1
W_F_0010,30,66,1
W_F_0010,30,67,1
W_F_0010,30,68,1
W_F_0010,30,69,1
W_F_0010,30,70,1
W_F_0010,30,71,1
W_F_0010,31,0,1
W_F_0010,31,1,1
W_F_0010,31,2,1
W_F_0010,31,3,1
W_F_0010,31,4,1
W_F_0010,31,5,1
W_F_0010,31,6,1
W_F_0010,31,7,1
W_F_0010,31,8,1
W_F_0010,31,9,1
W_F_0010,31,10,1
W_F_0010,31,11,1
W_F_0010,31,12,0
W_F_0010,31,13,1
W_F_0010,31,14,0
W_F_0010,31,15,0
W_F_0010,31,16,0
W_F_0010,31,17,0
W_F_0010,31,18,0
W_F_0010,31,19,0
W_F_0010,31,20,0
W_F_0010,31,21,0
W_F_0010,31,22,0
W_F_0010,31,23,0
W_F_0010,31,24,0
W_F_0010,31,25,0
W_F_0010,31,26,0
W_F_0010,31,27,0
W_F_0010,31,28,0
W_F_0010,31,29,0
W_F_0010,31,30,0
W_F_0010,31,31,0
W_F_0010,31,32,0
W_F_0010,31,33,0
W_F_0010,31,34,0
W_F_0010,31,35,0
W_F_0010,31,36,0
W_F_0010,31,37,0
W_F_0010,31,38,0
W_F_0010,31,39,0
W_F_0010,31,40,0
W_F_0010,31,41,0
W_F_0010,31,42,1
W_F_0010,31,43,1
W_F_0010,31,44,1
W_F_0010,31,45,1
W_F_0010,31,46,1
W_F_0010,31,47,1
W_F_0010,31,48,1
W_F_0010,31,49,1
W_F_0010,31,50,1
W_F_0010,31,51,1
W_F_0010,31,52,1
W_F_0010,31,53,1
W_F_0010,31,54,1
W_F_0010,31,55,1
W_F_0010,31,56,1
W_F_0010,31,57,1
W_F_0010,31,58,1
W_F_0010,31,59,1
W_F_0010,31,60,1
W_F_0010,31,61,1
W_F_0010,31,62,1
W_F_0010,31,63,1
W_F_0010,31,64,1
W_F_0010,31,65,1
W_F_0010,31,66,1
W_F_0010,31,67,1
W_F_0010,31,68,1
W_F_0010,31,69,1
W_F_0010,31,70,1
W_F_0010,31,71,1
W_F_0010,32,0,1
W_F_0010,32,1,1
W_F_0010,32,2,1
W_F_0010,32,3,1
W_F_0010,32,4,1
W_F_0010,32,5,1
W_F_0010,32,6,0
W_F_0010,32,7,1
W_F_0010,32,8,1
W_F_0010,32,9,1
W_F_0010,32,10,1
W_F_0010,32,11,1
W_F_0010,32,12,1
W_F_0010,32,13,0
W_F_0010,32,14,0
W_F_0010,32,15,0
W_F_0010,32,16,0
W_F_0010,32,17,0
W_F_0010,32,18,0
W_F_0010,32,19,0
W_F_0010,32,20,0
W_F_0010,32,21,0
W_F_0010,32,22,0
W_F_0010,32,23,0
W_F_0010,32,24,0
W_F_0010,32,25,0
W_F_0010,32,26,0
W_F_0010,32,27,0
W_F_0010,32,28,0
W_F_0010,32,29,0
W_F_0010,32,30,0
W_F_0010,32,31,0
W_F_0010,32,32,0
W_F_0010,32,33,0
W_F_0010,32,34,0
W_F_0010,32,35,1
W_F_0010,32,36,0
W_F_0010,32,37,0
W_F_0010,32,38,0
W_F_0010,32,39,0
W_F_0010,32,40,0
W_F_0010,32,41,0
W_F_0010,32,42,1
W_F_0010,32,43,1
W_F_0010,32,44,1
W_F_0010,32,45,1
W_F_0010,32,46,1
W_F_0010,32,47,1
W_F_0010,32,48,1
W_F_0010,32,49,1
W_F_0010,32,50,1
W_F_0010,32,51,1
W_F_0010,32,52,1
W_F_0010,32,53,1
W_F_0010,32,54,1
W_F_0010,32,55,1
W_F_0010,32,56,1
W_F_0010,32,57,1
W_F_0010,32,58,1
W_F_0010,32,59,1
W_F_0010,32,60,1
W_F_0010,32,61,1
W_F_0010,32,62,1
W_F_0010,32,63,1
W_F_0010,32,64,1
W_F_0010,32,65,1
W_F_0010,32,66,1
W_F_0010,32,67,1
W_F_0010,32,68,1
W_F_0010,32,69,1
W_F_0010,32,70,1
W_F_0010,32,71,1
W_F_0010,33,0,1
W_F_0010,33,1,1
W_F_0010,33,2,1
W_F_0010,33,3,1
W_F_0010,33,4,1
W_F_0010,33,5,1
W_F_0010,33,6,1
W_F_0010,33,7,1
W_F_0010,33,8,1
W_F_0010,33,9,1
W_F_0010,33,10,1
W_F_0010,33,11,1
W_F_0010,33,12,0
W_F_0010,33,13,0
W_F_0010,33,14,0
W_F_0010,33,15,0
W_F_0010,33,16,0
W_F_0010,33,17,0
W_F_0010,33,18,0
W_F_0010,33,19,0
W_F_0010,33,20,0
W_F_0010,33,21,0
W_F_0010,33,22,0
W_F_0010,33,23,0
W_F_0010,33,24,0
W_F_0010,33,25,0
W_F_0010,33,26,0
W_F_0010,33,27,0
W_F_0010,33,28,0
W_F_0010,33,29,0
W_F_0010,33,30,0
W_F_0010,33,31,0
W_F_0010,33,32,0
W_F_0010,33,33,0
W_F_0010,33,34,0
W_F_0010,33,35,0
W_F_0010,33,36,0
W_F_0010,33,37,0
W_F_0010,33,38,0
W_F_0010,33,39,0
W_F_0010,33,40,0
W_F_0010,33,41,0
W_F_0010,33,42,1
W_F_0010,33,43,1
W_F_0010,33,44,1
W_F_0010,33,45,1
W_F_0010,33,46,1
W_F_0010,33,47,1
W_F_0010,33,48,1
W_F_0010,33,49,1
W_F_0010,33,50,1
W_F_0010,33,51,1
W_F_0010,33,52,1
W_F_0010,33,53,1
W_F_0010,33,54,1
W_F_0010,33,55,1
W_F_0010,33,56,1
W_F_0010,33,57,1
W_F_0010,33,58,1
W_F_0010,33,59,1
W_F_0010,33,60,1
W_F_0010,33,61,1
W_F_0010,33,62,1
W_F_0010,33,63,1
W_F_0010,33,64,1
W_F_0010,33,65,1
W_F_0010,33,66,1
W_F_0010,33,67,1
W_F_0010,33,68,1
W_F_0010,33,69,1
W_F_0010,33,70,1
W_F_0010,33,71,1
W_F_0010,34,0,1
W_F_0010,34,1,1
W_F_0010,34,2,1
W_F_0010,34,3,1
W_F_0010,34,4,1
W_F_0010,34,5,1
W_F_0010,34,6,1
W_F_0010,34,7,1
W_F_0010,34,8,1
W_F_0010,34,9,1
W_F_0010,34,10,1
W_F_0010,34,11,1
W_F_0010,34,12,0
W_F_0010,34,13,0
W_F_0010,34,14,0
W_F_0010,34,15,0
W_F_0010,34,16,0
W_F_0010,34,17,0
W_F_0010,34,18,0
W_F_0010,34,19,0
W_F_0010,34,20,0
W_F_0010,34,21,0
W_F_0010,34,22,0
W_F_0010,34,23,0
W_F_0010,34,24,0
W_F_0010,34,25,0
W_F_0010,34,26,0
W_F_0010,34,27,0
W_F_0010,34,28,0
W_F_0010,34,29,0
W_F_0010,34,30,0
W_F_0010,34,31,0
W_F_0010,34,32,0
W_F_0010,34,33,0
W_F_0010,34,34,0
W_F_0010,34,35,0
W_F_0010,34,36,0
W_F_0010,34,37,1
W_F_0010,34,38,0
W_F_0010,34,39,0
W_F_0010,34,40,0
W_F_0010,34,41,0
W_F_0010,34,42,1
W_F_0010,34,43,1
W_F_0010,34,44,1
W_F_0010,34,45,1
W_F_0010,34,46,0
W_F_0010,34,47,1
W_F_0010,34,48,1
W_F_0010,34,49,1
W_F_0010,34,50,1
W_F_0010,34,51,1
W_F_0010,34,52,1
W_F_0010,34,53,1
W_F_0010,34,54,1
W_F_0010,34,55,1
W_F_0010,34,56,1
W_F_0010,34,57,1
W_F_0010,34,58,1
W_F_0010,34,59,1
W_F_0010,34,60,1
W_F_0010,34,61,1
W_F_0010,34,62,1
W_F_0010,34,63,1
W_F_0010,34,64,1
W_F_0010,34,65,1
W_F_0010,34,66,1
W_F_0010,34,67,1
W_F_0010,34,68,1
W_F_0010,34,69,1
W_F_0010,34,70,1
W_F_0010,34,71,1
W_F_0010,35,0,1
W_F_0010,35,1,1
W_F_0010,35,2,1
W_F_0010,35,3,1
W_F_0010,35,4,1
W_F_0010,35,5,1
W_F_0010,35,6,1
W_F_0010,35,7,1
W_F_0010,35,8,1
W_F_0010,35,9,1
W_F_0010,35,10,1
W_F_0010,35,11,1
W_F_0010,35,12,0
W_F_0010,35,13,0
W_F_0010,35,14,0
W_F_0010,35,15,0
W_F_0010,35,16,0
W_F_0010,35,17,0
W_F_0010,35,18,0
W_F_0010,35,19,0
W_F_0010,35,20,0
W_F_0010,35,21,0
W_F_0010,35,22,0
W_F_0010,35,23,0
W_F_0010,35,24,0
W_F_0010,35,25,0
W_F_0010,35,26,0
W_F_0010,35,27,0
W_F_0010,35,28,0
W_F_0010,35,29,0
W_F_0010,35,30,1
W_F_0010,35,31,0
W_F_0010,35,32,0
W_F_0010,35,33,0
W_F_0010,35,34,0
W_F_0010,35,35,1
W_F_0010,35,36,0
W_F_0010,35,37,0
W_F_0010,35,38,0
W_F_0010,35,39,0
W_F_0010,35,40,0
W_F_0010,35,41,0
W_F_0010,35,42,1
W_F_0010,35,43,1
W_F_0010,35,44,0
W_F_0010,35,45,0
W_F_0010,35,46,0
W_F_0010,35,47,1
W_F_0010,35,48,1
W_F_0010,35,49,1
W_F_0010,35,50,1
W_F_0010,35,51,1
W_F_0010,35,52,1
W_F_0010,35,53,1
W_F_0010,35,54,1
W_F_0010,35,55,1
W_F_0010,35,56,1
W_F_0010,35,57,1
W_F_0010,35,58,1
W_F_0010,35,59,1
W_F_0010,35,60,1
W_F_0010,35,61,1
W_F_0010,35,62,1
W_F_0010,35,63,1
W_F_0010,35,64,1
W_F_0010,35,65,1
W_F_0010,35,66,1
W_F_0010,35,67,1
W_F_0010,35,68,1
W_F_0010,35,69,1
W_F_0010,35,70,1
W_F_0010,35,71,1
W_F_0010,36,0,1
W_F_0010,36,1,1
W_F_0010,36,2,1
W_F_0010,36,3,1
W_F_0010,36,4,1
W_F_0010,36,5,1
W_F_0010,36,6,1
W_F_0010,36,7,1
W_F_0010,36,8,1
W_F_0010,36,9,1
W_F_0010,36,10,1
W_F_0010,36,11,1
W_F_0010,36,12,0
W_F_0010,36,13,0
W_F_0010,36,14,0
W_F_0010,36,15,0
W_F_0010,36,16,0
W_F_0010,36,17,0
W_F_0010,36,18,0
W_F_0010,36,19,0
W_F_0010,36,20,0
W_F_0010,36,21,0
W_F_0010,36,22,1
W_F_0010,36,23,0
W_F_0010,36,24,0
W_F_0010,36,25,0
W_F_0010,36,26,0
W_F_0010,36,27,0
W_F_0010,36,28,0
W_F_0010,36,29,0
W_F_0010,36,30,0
W_F_0010,36,31,0
W_F_0010,36,32,0
W_F_0010,36,33,0
W_F_0010,36,34,0
W_F_0010,36,35,0
W_F_0010,36,36,1
W_F_0010,36,37,0
W_F_0010,36,38,0
W_F_0010,36,39,0
W_F_0010,36,40,1
W_F_0010,36,41,0
W_F_0010,36,42,1
W_F_0010,36,43,1
W_F_0010,36,44,0
W_F_0010,36,45,0
W_F_0010,36,46,0
W_F_0010,36,47,1
W_F_0010,36,48,1
W_F_0010,36,49,1
W_F_0010,36,50,1
W_F_0010,36,51,1
W_F_0010,36,52,1
W_F_0010,36,53,1
W_F_0010,36,54,1
W_F_0010,36,55,1
W_F_0010,36,56,1
W_F_0010,36,57,1
W_F_0010,36,58,1
W_F_0010,36,59,1
W_F_0010,36,60,1
W_F_0010,36,61,1
W_F_0010,36,62,1
W_F_0010,36,63,1
W_F_0010,36,64,1
W_F_0010,36,65,1
W_F_0010,36,66,1
W_F_0010,36,67,1
W_F_0010,36,68,1
W_F_0010,36,69,1
W_F_0010,36,70,1
W_F_0010,36,71,1
W_F_0010,37,0,1
W_F_0010,37,1,1
W_F_0010,37,2,1
W_F_0010,37,3,1
W_F_0010,37,4,1
W_F_0010,37,5,1
W_F_0010,37,6,1
W_F_0010,37,7,1
W_F_0010,37,8,1
W_F_0010,37,9,1
W_F_0010,37,10,1
W_F_0010,37,11,1
W_F_0010,37,12,0
W_F_0010,37,13,0
W_F_0010,37,14,1
W_F_0010,37,15,0
W_F_0010,37,16,0
W_F_0010,37,17,0
W_F_0010,37,18,0
W_F_0010,37,19,0
W_F_0010,37,20,0
W_F_0010,37,21,0
W_F_0010,37,22,0
W_F_0010,37,23,0
W_F_0010,37,24,0
W_F_0010,37,25,0
W_F_0010,37,26,0
W_F_0010,37,27,0
W_F_0010,37,28,0
W_F_0010,37,29,0
W_F_0010,37,30,0
W_F_0010,37,31,0
W_F_0010,37,32,0
W_F_0010,37,33,0
W_F_0010,37,34,0
W_F_0010,37,35,0
W_F_0010,37,36,0
W_F_0010,37,37,0
W_F_0010,37,38,0
W_F_0010,37,39,0
W_F_0010,37,40,0
W_F_0010,37,41,0
W_F_0010,37,42,1
W_F_0010,37,43,1
W_F_0010,37,44,1
W_F_0010,37,45,0
W_F_0010,37,46,0
W_F_0010,37,47,1
W_F_0010,37,48,1
W_F_0010,37,49,1
W_F_0010,37,50,1
W_F_0010,37,51,1
W_F_0010,37,52,1
W_F_0010,37,53,1
W_F_0010,37,54,1
W_F_0010,37,55,1
W_F_0010,37,56,1
W_F_0010,37,57,1
W_F_0010,37,58,1
W_F_0010,37,59,1
W_F_0010,37,60,1
W_F_0010,37,61,1
W_F_0010,37,62,1
W_F_0010,37,63,1
W_F_0010,37,64,1
W_F_0010,37,65,1
W_F_0010,37,66,1
W_F_0010,37,67,1
W_F_0010,37,68,1
W_F_0010,37,69,1
W_F_0010,37,70,1
W_F_0010,37,71,1
W_F_0010,38,0,1
W_F_0010,38,1,1
W_F_0010,38,2,1
W_F_0010,38,3,1
W_F_0010,38,4,1
W_F_0010,38,5,1
W_F_0010,38,6,1
W_F_0010,38,7,1
W_F_0010,38,8,1
W_F_0010,38,9,1
W_F_0010,38,10,1
W_F_0010,38,11,1
W_F_0010,38,12,1
W_F_0010,38,13,0
W_F_0010,38,14,0
W_F_0010,38,15,0
W_F_0010,38,16,0
W_F_0010,38,17,0
W_F_0010,38,18,0
W_F_0010,38,19,0
W_F_0010,38,20,0
W_F_0010,38,21,0
W_F_0010,38,22,0
W_F_0010,38,23,0
W_F_0010,38,24,0
W_F_0010,38,25,0
W_F_0010,38,26,0
W_F_0010,38,27,0
W_F_0010,38,28,0
W_F_0010,38,29,0
W_F_0010,38,30,0
W_F_0010,38,31,0
W_F_0010,38,32,0
W_F_0010,38,33,0
W_F_0010,38,34,0
W_F_0010,38,35,0
W_F_0010,38,36,0
W_F_0010,38,37,0
W_F_0010,38,38,0
W_F_0010,38,39,0
W_F_0010,38,40,0
W_F_0010,38,41,0
W_F_0010,38,42,1
W_F_0010,38,43,0
W_F_0010,38,44,0
W_F_0010,38,45,0
W_F_0010,38,46,0
W_F_0010,38,47,1
W_F_0010,38,48,1
W_F_0010,38,49,1
W_F_0010,38,50,1
W_F_0010,38,51,1
W_F_0010,38,52,1
W_F_0010,38,53,1
W_F_0010,38,54,1
W_F_0010,38,55,1
W_F_0010,38,56,1
W_F_0010,38,57,1
W_F_0010,38,58,1
W_F_0010,38,59,1
W_F_0010,38,60,1
W_F_0010,38,61,1
W_F_0010,38,62,1
W_F_0010,38,63,1
W_F_0010,38,64,1
W_F_0010,38,65,1
W_F_0010,38,66,1
W_F_0010,38,67,1
W_F_0010,38,68,1
W_F_0010,38,69,1
W_F_0010,38,70,1
W_F_0010,38,71,1
W_F_0010,39,0,1
W_F_0010,39,1,1
W_F_0010,39,2,1
W_F_0010,39,3,1
W_F_0010,39,4,1
W_F_0010,39,5,1
W_F_0010,39,6,1
W_F_0010,39,7,1
W_F_0010,39,8,1
W_F_0010,39,9,1
W_F_0010,39,10,1
W_F_0010,39,11,1
W_F_0010,39,12,0
W_F_0010,39,13,0
W_F_0010,39,14,0
W_F_0010,39,15,0
W_F_0010,39,16,0
W_F_0010,39,17,0
W_F_0010,39,18,0
W_F_0010,39,19,0
W_F_0010,39,20,1
W_F_0010,39,21,0
W_F_0010,39,22,1
W_F_0010,39,23,0
W_F_0010,39,24,0
W_F_0010,39,25,0
W_F_0010,39,26,1
W_F_0010,39,27,0
W_F_0010,39,28,0
W_F_0010,39,29,1
W_F_0010,39,30,0
W_F_0010,39,31,0
W_F_0010,39,32,0
W_F_0010,39,33,0
W_F_0010,39,34,0
W_F_0010,39,35,0
W_F_0010,39,36,0
W_F_0010,39,37,0
W_F_0010,39,38,0
W_F_0010,39,39,0
W_F_0010,39,40,0
W_F_0010,39,41,1
W_F_0010,39,42,1
W_F_0010,39,43,1
W_F_0010,39,44,1
W_F_0010,39,45,1
W_F_0010,39,46,0
W_F_0010,39,47,1
W_F_0010,39,48,1
W_F_0010,39,49,1
W_F_0010,39,50,1
W_F_0010,39,51,1
W_F_0010,39,52,1
W_F_0010,39,53,1
W_F_0010,39,54,1
W_F_0010,39,55,1
W_F_0010,39,56,1
W_F_0010,39,57,1
W_F_0010,39,58,1
W_F_0010,39,59,1
W_F_0010,39,60,1
W_F_0010,39,61,1
W_F_0010,39,62,1
W_F_0010,39,63,1
W_F_0010,39,64,1
W_F_0010,39,65,1
W_F_0010,39,66,1
W_F_0010,39,67,1
W_F_0010,39,68,1
W_F_0010,39,69,1
W_F_0010,39,70,1
W_F_0010,39,71,1
W_F_0010,40,0,1
W_F_0010,40,1,1
W_F_0010,40,2,1
W_F_0010,40,3,1
W_F_0010,40,4,1
W_F_0010,40,5,1
W_F_0010,40,6,1
W_F_0010,40,7,1
W_F_0010,40,8,1
W_F_0010,40,9,1
W_F_0010,40,10,1
W_F_0010,40,11,0
W_F_0010,40,12,0
W_F_0010,40,13,0
W_F_0010,40,14,0
W_F_0010,40,15,0
W_F_0010,40,16,0
W_F_0010,40,17,0
W_F_0010,40,18,0
W_F_0010,40,19,0
W_F_0010,40,20,0
W_F_0010,40,21,0
W_F_0010,40,22,0
W_F_0010,40,23,0
W_F_0010,40,24,0
W_F_0010,40,25,0
W_F_0010,40,26,0
W_F_0010,40,27,0
W_F_0010,40,28,0
W_F_0010,40,29,0
W_F_0010,40,30,0
W_F_0010,40,31,0
W_F_0010,40,32,0
W_F_0010,40,33,0
W_F_0010,40,34,0
W_F_0010,40,35,0
W_F_0010,40,36,0
W_F_0010,40,37,0
W_F_0010,40,38,0
W_F_0010,40,39,0
W_F_0010,40,40,0
W_F_0010,40,41,0
W_F_0010,40,42,1
W_F_0010,40,43,1
W_F_0010,40,44,1
W_F_0010,40,45,1
W_F_0010,40,46,1
W_F_0010,40,47,1
W_F_0010,40,48,1
W_F_0010,40,49,1
W_F_0010,40,50,1
W_F_0010,40,51,1
W_F_0010,40,52,1
W_F_0010,40,53,1
W_F_0010,40,54,1
W_F_0010,40,55,1
W_F_0010,40,56,1
W_F_0010,40,57,1
W_F_0010,40,58,1
W_F_0010,40,59,1
W_F_0010,40,60,1
W_F_0010,40,61,1
W_F_0010,40,62,1
W_F_0010,40,63,1
W_F_0010,40,64,1
W_F_0010,40,65,1
W_F_0010,40,66,1
W_F_0010,40,67,1
W_F_0010,40,68,1
W_F_0010,40,69,1
W_F_0010,40,70,1
W_F_0010,40,71,1
W_F_0010,41,0,1
W_F_0010,41,1,1
W_F_0010,41,2,1
W_F_0010,41,3,1
W_F_0010,41,4,1
W_F_0010,41,5,1
W_F_0010,41,6,0
W_F_0010,41,7,1
W_F_0010,41,8,1
W_F_0010,41,9,1
W_F_0010,41,10,1
W_F_0010,41,11,1
W_F_0010,41,12,0
W_F_0010,41,13,0
W_F_0010,41,14,0
W_F_0010,41,15,0
W_F_0010,41,16,0
W_F_0010,41,17,0
W_F_0010,41,18,0
W_F_0010,41,19,0
W_F_0010,41,20,0
W_F_0010,41,21,0
W_F_0010,41,22,0
W_F_0010,41,23,0
W_F_0010,41,24,0
W_F_0010,41,25,0
W_F_0010,41,26,0
W_F_0010,41,27,0
W_F_0010,41,28,0
W_F_0010,41,29,1
W_F_0010,41,30,0
W_F_0010,41,31,0
W_F_0010,41,32,0
W_F_0010,41,33,0
W_F_0010,41,34,0
W_F_0010,41,35,0
W_F_0010,41,36,0
W_F_0010,41,37,0
W_F_0010,41,38,0
W_F_0010,41,39,0
W_F_0010,41,40,0
W_F_0010,41,41,0
W_F_0010,41,42,1
W_F_0010,41,43,1
W_F_0010,41,44,1
W_F_0010,41,45,1
W_F_0010,41,46,1
W_F_0010,41,47,1
W_F_0010,41,48,1
W_F_0010,41,49,1
W_F_0010,41,50,1
W_F_0010,41,51,1
W_F_0010,41,52,1
W_F_0010,41,53,1
W_F_0010,41,54,1
W_F_0010,41,55,1
W_F_0010,41,56,1
W_F_0010,41,57,1
W_F_0010,41,58,1
W_F_0010,41,59,1
W_F_0010,41,60,1
W_F_0010,41,61,1
W_F_0010,41,62,1
W_F_0010,41,63,1
W_F_0010,41,64,1
W_F_0010,41,65,1
W_F_0010,41,66,1
W_F_0010,41,67,1
W_F_0010,41,68,1
W_F_0010,41,69,1
W_F_0010,41,70,1
W_F_0010,41,71,1
W_F_0010,42,1,1
W_F_0010,42,2,1
W_F_0010,42,3,1
W_F_0010,42,4,1
W_F_0010,42,5,1
W_F_0010,42,6,1
W_F_0010,42,7,1
W_F_0010,42,8,1
W_F_0010,42,9,1
W_F_0010,42,10,1
W_F_0010,42,11,1
W_F_0010,42,12,0
W_F_0010,42,13,0
W_F_0010,42,14,0
W_F_0010,42,15,0
W_F_0010,42,16,0
W_F_0010,42,17,0
W_F_0010,42,18,0
W_F_0010,42,19,0
W_F_0010,42,20,0
W_F_0010,42,21,0
W_F_0010,42,22,0
W_F_0010,42,23,0
W_F_0010,42,24,0
W_F_0010,42,25,0
W_F_0010,42,26,0
W_F_0010,42,27,0
W_F_0010,42,28,0
W_F_0010,42,29,0
W_F_0010,42,30,0
W_F_0010,42,31,0
W_F_0010,42,32,0
W_F_0010,42,33,0
W_F_0010,42,34,0
W_F_0010,42,35,0
W_F_0010,42,36,0
W_F_0010,42,37,0
W_F_0010,42,38,0
W_F_0010,42,39,0
W_F_0010,42,40,0
W_F_0010,42,41,0
W_F_0010,42,42,1
W_F_0010,42,43,0
W_F_0010,42,44,1
W_F_0010,42,45,1
W_F_0010,42,46,1
W_F_0010,42,47,1
W_F_0010,42,48,1
W_F_0010,42,49,1
W_F_0010,42,50,1
W_F_0010,42,51,1
W_F_0010,42,52,1
W_F_0010,42,53,1
W_F_0010,42,54,1
W_F_0010,42,55,1
W_F_0010,42,56,1
W_F_0010,42,57,1
W_F_0010,42,58,1
W_F_0010,42,59,1
W_F_0010,42,60,1
W_F_0010,42,61,1
W_F_0010,42,62,1
W_F_0010,42,63,1
W_F_0010,42,64,1
W_F_0010,42,65,1
W_F_0010,42,66,1
W_F_0010,42,67,1
W_F_0010,42,68,1
W_F_0010,42,69,1
W_F_0010,42,70,1
W_F_0010,42,71,1
W_F_0010,43,1,1
W_F_0010,43,2,1
W_F_0010,43,3,1
W_F_0010,43,4,1
W_F_0010,43,5,1
W_F_0010,43,6,1
W_F_0010,43,7,1
W_F_0010,43,8,1
W_F_0010,43,9,1
W_F_0010,43,10,1
W_F_0010,43,11,1
W_F_0010,43,12,0
W_F_0010,43,13,0
W_F_0010,43,14,0
W_F_0010,43,15,0
W_F_0010,43,16,0
W_F_0010,43,17,0
W_F_0010,43,18,0
W_F_0010,43,19,0
W_F_0010,43,20,0
W_F_0010,43,21,0
W_F_0010,43,22,0
W_F_0010,43,23,1
W_F_0010,43,24,0
W_F_0010,43,25,0
W_F_0010,43,26,0
W_F_0010,43,27,0
W_F_0010,43,28,0
W_F_0010,43,29,0
W_F_0010,43,30,0
W_F_0010,43,31,0
W_F_0010,43,32,0
W_F_0010,43,33,0
W_F_0010,43,34,0
W_F_0010,43,35,0
W_F_0010,43,36,0
W_F_0010,43,37,0
W_F_0010,43,38,0
W_F_0010,43,39,1
W_F_0010,43,40,0
W_F_0010,43,41,0
W_F_0010,43,42,1
W_F_0010,43,43,0
W_F_0010,43,44,0
W_F_0010,43,45,1
W_F_0010,43,46,0
W_F_0010,43,47,1
W_F_0010,43,48,1
W_F_0010,43,49,1
W_F_0010,43,50,1
W_F_0010,43,51,1
W_F_0010,43,52,1
W_F_0010,43,53,1
W_F_0010,43,54,1
W_F_0010,43,55,1
W_F_0010,43,56,1
W_F_0010,43,57,1
W_F_0010,43,58,1
W_F_0010,43,59,1
W_F_0010,43,60,1
W_F_0010,43,61,1
W_F_0010,43,62,1
W_F_0010,43,63,1
W_F_0010,43,64,1
W_F_0010,43,65,1
W_F_0010,43,66,1
W_F_0010,43,67,1
W_F_0010,43,68,1
W_F_0010,43,69,1
W_F_0010,43,70,1
W_F_0010,44,1,1
W_F_0010,44,2,1
W_F_0010,44,3,1
W_F_0010,44,4,1
W_F_0010,44,5,1
W_F_0010,44,6,1
W_F_0010,44,7,1
W_F_0010,44,8,1
W_F_0010,44,9,1
W_F_0010,44,10,1
W_F_0010,44,11,1
W_F_0010,44,12,1
W_F_0010,44,13,0
W_F_0010,44,14,0
W_F_0010,44,15,0
W_F_0010,44,16,0
W_F_0010,44,17,0
W_F_0010,44,18,0
W_F_0010,44,19,0
W_F_0010,44,20,0
W_F_0010,44,21,0
W_F_0010,44,22,0
W_F_0010,44,23,0
W_F_0010,44,24,0
W_F_0010,44,25,0
W_F_0010,44,26,0
W_F_0010,44,27,0
W_F_0010,44,28,0
W_F_0010,44,29,0
W_F_0010,44,30,0
W_F_0010,44,31,1
W_F_0010,44,32,0
W_F_0010,44,33,0
W_F_0010,44,34,0
W_F_0010,44,35,0
W_F_0010,44,36,0
W_F_0010,44,37,0
W_F_0010,44,38,0
W_F_0010,44,39,0
W_F_0010,44,40,0
W_F_0010,44,41,0
W_F_0010,44,42,1
W_F_0010,44,43,0
W_F_0010,44,44,0
W_F_0010,44,45,0
W_F_0010,44,46,0
W_F_0010,44,47,1
W_F_0010,44,48,1
W_F_0010,44,49,1
W_F_0010,44,50,1
W_F_0010,44,51,1
W_F_0010,44,52,1
W_F_0010,44,53,1
W_F_0010,44,54,1
W_F_0010,44,55,1
W_F_0010,44,56,1
W_F_0010,44,57,1
W_F_0010,44,58,1
W_F_0010,44,59,1
W_F_0010,44,60,1
W_F_0010,44,61,1
W_F_0010,44,62,1
W_F_0010,44,63,1
W_F_0010,44,64,1
W_F_0010,44,65,1
W_F_0010,44,66,1
W_F_0010,44,67,1
W_F_0010,44,68,1
W_F_0010,44,69,1
W_F_0010,44,70,1
W_F_0010,45,1,1
W_F_0010,45,2,1
W_F_0010,45,3,1
W_F_0010,45,4,1
W_F_0010,45,5,1
W_F_0010,45,6,1
W_F_0010,45,7,1
W_F_0010,45,8,1
W_F_0010,45,9,1
W_F_0010,45,10,1
W_F_0010,45,11,1
W_F_0010,45,12,0
W_F_0010,45,13,1
W_F_0010,45,14,0
W_F_0010,45,15,0
W_F_0010,45,16,0
W_F_0010,45,17,0
W_F_0010,45,18,0
W_F_0010,45,19,0
W_F_0010,45,20,0
W_F_0010,45,21,0
W_F_0010,45,22,0
W_F_0010,45,23,0
W_F_0010,45,24,0
W_F_0010,45,25,0
W_F_0010,45,26,1
W_F_0010,45,27,0
W_F_0010,45,28,0
W_F_0010,45,29,0
W_F_0010,45,30,0
W_F_0010,45,31,0
W_F_0010,45,32,0
W_F_0010,45,33,0
W_F_0010,45,34,0
W_F_0010,45,35,0
W_F_0010,45,36,0
W_F_0010,45,37,0
W_F_0010,45,38,0
W_F_0010,45,39,0
W_F_0010,45,40,0
W_F_0010,45,41,0
W_F_0010,45,42,1
W_F_0010,45,43,1
W_F_0010,45,44,0
W_F_0010,45,45,0
W_F_0010,45,46,1
W_F_0010,45,47,1
W_F_0010,45,48,1
W_F_0010,45,49,1
W_F_0010,45,50,1
W_F_0010,45,51,1
W_F_0010,45,52,1
W_F_0010,45,53,1
W_F_0010,45,54,1
W_F_0010,45,55,1
W_F_0010,45,56,1
W_F_0010,45,57,1
W_F_0010,45,58,1
W_F_0010,45,59,1
W_F_0010,45,60,1
W_F_0010,45,61,1
W_F_0010,45,62,1
W_F_0010,45,63,1
W_F_0010,45,64,1
W_F_0010,45,65,1
W_F_0010,45,66,1
W_F_0010,45,67,1
W_F_0010,45,68,1
W_F_0010,45,69,1
W_F_0010,45,70,1
W_F_0010,46,2,1
W_F_0010,46,3,1
W_F_0010,46,4,1
W_F_0010,46,5,1
W_F_0010,46,6,1
W_F_0010,46,7,1
W_F_0010,46,8,1
W_F_0010,46,9,1
W_F_0010,46,10,1
W_F_0010,46,11,1
W_F_0010,46,12,0
W_F_0010,46,13,0
W_F_0010,46,14,0
W_F_0010,46,15,0
W_F_0010,46,16,0
W_F_0010,46,17,0
W_F_0010,46,18,0
W_F_0010,46,19,0
W_F_0010,46,20,0
W_F_0010,46,21,0
W_F_0010,46,22,0
W_F_0010,46,23,0
W_F_0010,46,24,0
W_F_0010,46,25,0
W_F_0010,46,26,1
W_F_0010,46,27,0
W_F_0010,46,28,0
W_F_0010,46,29,0
W_F_0010,46,30,0
W_F_0010,46,31,0
W_F_0010,46,32,0
W_F_0010,46,33,0
W_F_0010,46,34,0
W_F_0010,46,35,0
W_F_0010,46,36,0
W_F_0010,46,37,0
W_F_0010,46,38,0
W_F_0010,46,39,1
W_F_0010,46,40,0
W_F_0010,46,41,0
W_F_0010,46,42,1
W_F_0010,46,43,0
W_F_0010,46,44,0
W_F_0010,46,45,0
W_F_0010,46,46,0
W_F_0010,46,47,1
W_F_0010,46,48,1
W_F_0010,46,49,1
W_F_0010,46,50,1
W_F_0010,46,51,1
W_F_0010,46,52,1
W_F_0010,46,53,1
W_F_0010,46,54,1
W_F_0010,46,55,1
W_F_0010,46,56,1
W_F_0010,46,57,1
W_F_0010,46,58,1
W_F_0010,46,59,1
W_F_0010,46,60,1
W_F_0010,46,61,1
W_F_0010,46,62,1
W_F_0010,46,63,1
W_F_0010,46,64,1
W_F_0010,46,65,1
W_F_0010,46,66,1
W_F_0010,46,67,1
W_F_0010,46,68,1
W_F_0010,46,69,1
W_F_0010,46,70,1
W_F_0010,47,2,1
W_F_0010,47,3,1
W_F_0010,47,4,1
W_F_0010,47,5,1
W_F_0010,47,6,1
W_F_0010,47,7,1
W_F_0010,47,8,1
W_F_0010,47,9,1
W_F_0010,47,10,1
W_F_0010,47,11,1
W_F_0010,47,12,0
W_F_0010,47,13,0
W_F_0010,47,14,0
W_F_0010,47,15,0
W_F_0010,47,16,0
W_F_0010,47,17,1
W_F_0010,47,18,0
W_F_0010,47,19,0
W_F_0010,47,20,0
W_F_0010,47,21,0
W_F_0010,47,22,0
W_F_0010,47,23,0
W_F_0010,47,24,0
W_F_0010,47,25,0
W_F_0010,47,26,0
W_F_0010,47,27,0
W_F_0010,47,28,0
W_F_0010,47,29,0
W_F_0010,47,30,0
W_F_0010,47,31,0
W_F_0010,47,32,1
W_F_0010,47,33,0
W_F_0010,47,34,0
W_F_0010,47,35,0
W_F_0010,47,36,0
W_F_0010,47,37,0
W_F_0010,47,38,0
W_F_0010,47,39,0
W_F_0010,47,40,0
W_F_0010,47,41,0
W_F_0010,47,42,1
W_F_0010,47,43,1
W_F_0010,47,44,1
W_F_0010,47,45,1
W_F_0010,47,46,1
W_F_0010,47,47,1
W_F_0010,47,48,1
W_F_0010,47,49,1
W_F_0010,47,50,1
W_F_0010,47,51,1
W_F_0010,47,52,1
W_F_0010,47,53,1
W_F_0010,47,54,1
W_F_0010,47,55,1
W_F_0010,47,56,1
W_F_0010,47,57,1
W_F_0010,47,58,1
W_F_0010,47,59,1
W_F_0010,47,60,1
W_F_0010,47,61,1
W_F_0010,47,62,1
W_F_0010,47,63,1
W_F_0010,47,64,1
W_F_0010,47,65,1
W_F_0010,47,66,1
W_F_0010,47,67,1
W_F_0010,47,68,1
W_F_0010,47,69,1
W_F_0010,48,2,1
W_F_0010,48,3,1
W_F_0010,48,4,1
W_F_0010,48,5,1
W_F_0010,48,6,1
W_F_0010,48,7,1
W_F_0010,48,8,1
W_F_0010,48,9,1
W_F_0010,48,10,1
W_F_0010,48,11,0
W_F_0010,48,12,0
W_F_0010,48,13,0
W_F_0010,48,14,1
W_F_0010,48,15,1
W_F_0010,48,16,0
W_F_0010,48,17,0
W_F_0010,48,18,0
W_F_0010,48,19,0
W_F_0010,48,20,0
W_F_0010,48,21,0
W_F_0010,48,22,0
W_F_0010,48,23,0
W_F_0010,48,24,0
W_F_0010,48,25,0
W_F_0010,48,26,0
W_F_0010,48,27,0
W_F_0010,48,28,0
W_F_0010,48,29,0
W_F_0010,48,30,0
W_F_0010,48,31,0
W_F_0010,48,32,0
W_F_0010,48,33,0
W_F_0010,48,34,0
W_F_0010,48,35,0
W_F_0010,48,36,1
W_F_0010,48,37,0
W_F_0010,48,38,0
W_F_0010,48,39,0
W_F_0010,48,40,1
W_F_0010,48,41,1
W_F_0010,48,42,1
W_F_0010,48,43,1
W_F_0010,48,44,1
W_F_0010,48,45,1
W_F_0010,48,46,1
W_F_0010,48,47,1
W_F_0010,48,48,1
W_F_0010,48,49,1
W_F_0010,48,50,1
W_F_0010,48,51,1
W_F_0010,48,52,1
W_F_0010,48,53,1
W_F_0010,48,54,1
W_F_0010,48,55,1
W_F_0010,48,56,1
W_F_0010,48,57,1
W_F_0010,48,58,1
W_F_0010,48,59,1
W_F_0010,48,60,1
W_F_0010,48,61,1
W_F_0010,48,62,1
W_F_0010,48,63,1
W_F_0010,48,64,1
W_F_0010,48,65,1
W_F_0010,48,66,1
W_F_0010,48,67,1
W_F_0010,48,68,1
W_F_0010,48,69,1
W_F_0010,49,3,1
W_F_0010,49,4,1
W_F_0010,49,5,1
W_F_0010,49,6,1
W_F_0010,49,7,1
W_F_0010,49,8,1
W_F_0010,49,9,1
W_F_0010,49,10,1
W_F_0010,49,11,1
W_F_0010,49,12,0
W_F_0010,49,13,0
W_F_0010,49,14,0
W_F_0010,49,15,0
W_F_0010,49,16,0
W_F_0010,49,17,1
W_F_0010,49,18,0
W_F_0010,49,19,0
W_F_0010,49,20,0
W_F_0010,49,21,0
W_F_0010,49,22,0
W_F_0010,49,23,0
W_F_0010,49,24,0
W_F_0010,49,25,0
W_F_0010,49,26,0
W_F_0010,49,27,0
W_F_0010,49,28,0
W_F_0010,49,29,0
W_F_0010,49,30,0
W_F_0010,49,31,0
W_F_0010,49,32,0
W_F_0010,49,33,0
W_F_0010,49,34,0
W_F_0010,49,35,0
W_F_0010,49,36,0
W_F_0010,49,37,0
W_F_0010,49,38,0
W_F_0010,49,39,0
W_F_0010,49,40,0
W_F_0010,49,41,0
W_F_0010,49,42,1
W_F_0010,49,43,1
W_F_0010,49,44,1
W_F_0010,49,45,1
W_F_0010,49,46,1
W_F_0010,49,47,1
W_F_0010,49,48,1
W_F_0010,49,49,1
W_F_0010,49,50,1
W_F_0010,49,51,1
W_F_0010,49,52,1
W_F_0010,49,53,1
W_F_0010,49,54,1
W_F_0010,49,55,1
W_F_0010,49,56,1
W_F_0010,49,57,1
W_F_0010,49,58,1
W_F_0010,49,59,1
W_F_0010,49,60,1
W_F_0010,49,61,1
W_F_0010,49,62,1
W_F_0010,49,63,1
W_F_0010,49,64,1
W_F_0010,49,65,1
W_F_0010,49,66,1
W_F_0010,49,67,1
W_F_0010,49,68,1
W_F_0010,49,69,1
W_F_0010,50,3,1
W_F_0010,50,4,1
W_F_0010,50,5,1
W_F_0010,50,6,1
W_F_0010,50,7,1
W_F_0010,50,8,1
W_F_0010,50,9,1
W_F_0010,50,10,1
W_F_0010,50,11,1
W_F_0010,50,12,0
W_F_0010,50,13,0
W_F_0010,50,14,0
W_F_0010,50,15,0
W_F_0010,50,16,0
W_F_0010,50,17,0
W_F_0010,50,18,0
W_F_0010,50,19,0
W_F_0010,50,20,0
W_F_0010,50,21,0
W_F_0010,50,22,0
W_F_0010,50,23,0
W_F_0010,50,24,0
W_F_0010,50,25,0
W_F_0010,50,26,0
W_F_0010,50,27,0
W_F_0010,50,28,0
W_F_0010,50,29,0
W_F_0010,50,30,0
W_F_0010,50,31,0
W_F_0010,50,32,0
W_F_0010,50,33,0
W_F_0010,50,34,0
W_F_0010,50,35,0
W_F_0010,50,36,0
W_F_0010,50,37,0
W_F_0010,50,38,0
W_F_0010,50,39,0
W_F_0010,50,40,0
W_F_0010,50,41,0
W_F_0010,50,42,1
W_F_0010,50,43,1
W_F_0010,50,44,1
W_F_0010,50,45,1
W_F_0010,50,46,1
W_F_0010,50,47,1
W_F_0010,50,48,1
W_F_0010,50,49,1
W_F_0010,50,50,1
W_F_0010,50,51,1
W_F_0010,50,52,1
W_F_0010,50,53,1
W_F_0010,50,54,1
W_F_0010,50,55,1
W_F_0010,50,56,1
W_F_0010,50,57,1
W_F_0010,50,58,1
W_F_0010,50,59,1
W_F_0010,50,60,1
W_F_0010,50,61,1
W_F_0010,50,62,1
W_F_0010,50,63,1
W_F_0010,50,64,1
W_F_0010,50,65,1
W_F_0010,50,66,1
W_F_0010,50,67,1
W_F_0010,50,68,1
W_F_0010,51,3,1
W_F_0010,51,4,1
W_F_0010,51,5,1
W_F_0010,51,6,1
W_F_0010,51,7,1
W_F_0010,51,8,1
W_F_0010,51,9,1
W_F_0010,51,10,1
W_F_0010,51,11,1
W_F_0010,51,12,1
W_F_0010,51,13,0
W_F_0010,51,14,0
W_F_0010,51,15,1
W_F_0010,51,16,0
W_F_0010,51,17,0
W_F_0010,51,18,0
W_F_0010,51,19,0
W_F_0010,51,20,0
W_F_0010,51,21,0
W_F_0010,51,22,0
W_F_0010,51,23,0
W_F_0010,51,24,0
W_F_0010,51,25,0
W_F_0010,51,26,0
W_F_0010,51,27,0
W_F_0010,51,28,0
W_F_0010,51,29,1
W_F_0010,51,30,0
W_F_0010,51,31,0
W_F_0010,51,32,0
W_F_0010,51,33,0
W_F_0010,51,34,0
W_F_0010,51,35,0
W_F_0010,51,36,0
W_F_0010,51,37,0
W_F_0010,51,38,0
W_F_0010,51,39,0
W_F_0010,51,40,0
W_F_0010,51,41,0
W_F_0010,51,42,1
W_F_0010,51,43,1
W_F_0010,51,44,1
W_F_0010,51,45,1
W_F_0010,51,46,0
W_F_0010,51,47,0
W_F_0010,51,48,1
W_F_0010,51,49,1
W_F_0010,51,50,1
W_F_0010,51,51,1
W_F_0010,51,52,1
W_F_0010,51,53,1
W_F_0010,51,54,1
W_F_0010,51,55,1
W_F_0010,51,56,1
W_F_0010,51,57,1
W_F_0010,51,58,1
W_F_0010,51,59,1
W_F_0010,51,60,1
W_F_0010,51,61,1
W_F_0010,51,62,1
W_F_0010,51,63,1
W_F_0010,51,64,1
W_F_0010,51,65,1
W_F_0010,51,66,1
W_F_0010,51,67,1
W_F_0010,51,68,1
W_F_0010,52,4,1
W_F_0010,52,5,1
W_F_0010,52,6,1
W_F_0010,52,7,1
W_F_0010,52,8,1
W_F_0010,52,9,1
W_F_0010,52,10,1
W_F_0010,52,11,1
W_F_0010,52,12,0
W_F_0010,52,13,1
W_F_0010,52,14,0
W_F_0010,52,15,1
W_F_0010,52,16,0
W_F_0010,52,17,1
W_F_0010,52,18,0
W_F_0010,52,19,0
W_F_0010,52,20,0
W_F_0010,52,21,1
W_F_0010,52,22,1
W_F_0010,52,23,0
W_F_0010,52,24,0
W_F_0010,52,25,0
W_F_0010,52,26,0
W_F_0010,52,27,1
W_F_0010,52,28,0
W_F_0010,52,29,0
W_F_0010,52,30,0
W_F_0010,52,31,0
W_F_0010,52,32,0
W_F_0010,52,33,0
W_F_0010,52,34,0
W_F_0010,52,35,0
W_F_0010,52,36,0
W_F_0010,52,37,0
W_F_0010,52,38,0
W_F_0010,52,39,0
W_F_0010,52,40,0
W_F_0010,52,41,0
W_F_0010,52,42,1
W_F_0010,52,43,1
W_F_0010,52,44,1
W_F_0010,52,45,0
W_F_0010,52,46,0
W_F_0010,52,47,1
W_F_0010,52,48,1
W_F_0010,52,49,1
W_F_0010,52,50,1
W_F_0010,52,51,1
W_F_0010,52,52,1
W_F_0010,52,53,1
W_F_0010,52,54,1
W_F_0010,52,55,1
W_F_0010,52,56,1
W_F_0010,52,57,1
W_F_0010,52,58,1
W_F_0010,52,59,1
W_F_0010,52,60,1
W_F_0010,52,61,1
W_F_0010,52,62,1
W_F_0010,52,63,1
W_F_0010,52,64,1
W_F_0010,52,65,1
W_F_0010,52,66,1
W_F_0010,52,67,1
W_F_0010,53,4,1
W_F_0010,53,5,1
W_F_0010,53,6,1
W_F_0010,53,7,1
W_F_0010,53,8,1
W_F_0010,53,9,1
W_F_0010,53,10,1
W_F_0010,53,11,1
W_F_0010,53,12,0
W_F_0010,53,13,0
W_F_0010,53,14,1
W_F_0010,53,15,0
W_F_0010,53,16,0
W_F_0010,53,17,0
W_F_0010,53,18,0
W_F_0010,53,19,0
W_F_0010,53,20,0
W_F_0010,53,21,0
W_F_0010,53,22,0
W_F_0010,53,23,0
W_F_0010,53,24,0
W_F_0010,53,25,0
W_F_0010,53,26,0
W_F_0010,53,27,0
W_F_0010,53,28,0
W_F_0010,53,29,0
W_F_0010,53,30,0
W_F_0010,53,31,0
W_F_0010,53,32,0
W_F_0010,53,33,0
W_F_0010,53,34,0
W_F_0010,53,35,1
W_F_0010,53,36,0
W_F_0010,53,37,1
W_F_0010,53,38,0
W_F_0010,53,39,0
W_F_0010,53,40,0
W_F_0010,53,41,0
W_F_0010,53,42,1
W_F_0010,53,43,1
W_F_0010,53,44,1
W_F_0010,53,45,0
W_F_0010,53,46,1
W_F_0010,53,47,1
W_F_0010,53,48,1
W_F_0010,53,49,1
W_F_0010,53,50,1
W_F_0010,53,51,1
W_F_0010,53,52,1
W_F_0010,53,53,1
W_F_0010,53,54,1
W_F_0010,53,55,1
W_F_0010,53,56,1
W_F_0010,53,57,1
W_F_0010,53,58,1
W_F_0010,53,59,1
W_F_0010,53,60,1
W_F_0010,53,61,1
W_F_0010,53,62,1
W_F_0010,53,63,1
W_F_0010,53,64,1
W_F_0010,53,65,1
W_F_0010,53,66,1
W_F_0010,53,67,1
W_F_0010,54,5,1
W_F_0010,54,6,1
W_F_0010,54,7,1
W_F_0010,54,8,1
W_F_0010,54,9,1
W_F_0010,54,10,1
W_F_0010,54,11,1
W_F_0010,54,12,1
W_F_0010,54,13,0
W_F_0010,54,14,0
W_F_0010,54,15,1
W_F_0010,54,16,0
W_F_0010,54,17,0
W_F_0010,54,18,0
W_F_0010,54,19,0
W_F_0010,54,20,0
W_F_0010,54,21,1
W_F_0010,54,22,0
W_F_0010,54,23,0
W_F_0010,54,24,0
W_F_0010,54,25,0
W_F_0010,54,26,0
W_F_0010,54,27,0
W_F_0010,54,28,0
W_F_0010,54,29,0
W_F_0010,54,30,0
W_F_0010,54,31,0
W_F_0010,54,32,0
W_F_0010,54,33,0
W_F_0010,54,34,0
W_F_0010,54,35,0
W_F_0010,54,36,0
W_F_0010,54,37,0
W_F_0010,54,38,0
W_F_0010,54,39,0
W_F_0010,54,40,0
W_F_0010,54,41,1
W_F_0010,54,42,1
W_F_0010,54,43,0
W_F_0010,54,44,0
W_F_0010,54,45,0
W_F_0010,54,46,0
W_F_0010,54,47,1
W_F_0010,54,48,1
W_F_0010,54,49,1
W_F_0010,54,50,1
W_F_0010,54,51,1
W_F_0010,54,52,1
W_F_0010,54,53,1
W_F_0010,54,54,1
W_F_0010,54,55,1
W_F_0010,54,56,1
W_F_0010,54,57,1
W_F_0010,54,58,1
W_F_0010,54,59,1
W_F_0010,54,60,1
W_F_0010,54,61,1
W_F_0010,54,62,1
W_F_0010,54,63,1
W_F_0010,54,64,1
W_F_0010,54,65,1
W_F_0010,54,66,1
W_F_0010,55,6,1
W_F_0010,55,7,1
W_F_0010,55,8,1
W_F_0010,55,9,1
W_F_0010,55,10,1
W_F_0010,55,11,1
W_F_0010,55,12,0
W_F_0010,55,13,0
W_F_0010,55,14,0
W_F_0010,55,15,0
W_F_0010,55,16,0
W_F_0010,55,17,0
W_F_0010,55,18,0
W_F_0010,55,19,0
W_F_0010,55,20,1
W_F_0010,55,21,0
W_F_0010,55,22,0
W_F_0010,55,23,0
W_F_0010,55,24,1
W_F_0010,55,25,1
W_F_0010,55,26,0
W_F_0010,55,27,0
W_F_0010,55,28,0
W_F_0010,55,29,0
W_F_0010,55,30,0
W_F_0010,55,31,0
W_F_0010,55,32,1
W_F_0010,55,33,0
W_F_0010,55,34,0
W_F_0010,55,35,0
W_F_0010,55,36,0
W_F_0010,55,37,0
W_F_0010,55,38,0
W_F_0010,55,39,0
W_F_0010,55,40,0
W_F_0010,55,41,0
W_F_0010,55,42,1
W_F_0010,55,43,1
W_F_0010,55,44,1
W_F_0010,55,45,1
W_F_0010,55,46,1
W_F_0010,55,47,1
W_F_0010,55,48,1
W_F_0010,55,49,1
W_F_0010,55,50,1
W_F_0010,55,51,1
W_F_0010,55,52,1
W_F_0010,55,53,1
W_F_0010,55,54,1
W_F_0010,55,55,1
W_F_0010,55,56,1
W_F_0010,55,57,1
W_F_0010,55,58,1
W_F_0010,55,59,1
W_F_0010,55,60,1
W_F_0010,55,61,1
W_F_0010,55,62,1
W_F_0010,55,63,1
W_F_0010,55,64,1
W_F_0010,55,65,1
W_F_0010,55,66,1
W_F_0010,56,6,1
W_F_0010,56,7,1
W_F_0010,56,8,1
W_F_0010,56,9,1
W_F_0010,56,10,1
W_F_0010,56,11,1
W_F_0010,56,12,0
W_F_0010,56,13,1
W_F_0010,56,14,0
W_F_0010,56,15,0
W_F_0010,56,16,1
W_F_0010,56,17,0
W_F_0010,56,18,0
W_F_0010,56,19,0
W_F_0010,56,20,0
W_F_0010,56,21,0
W_F_0010,56,22,0
W_F_0010,56,23,0
W_F_0010,56,24,0
W_F_0010,56,25,0
W_F_0010,56,26,0
W_F_0010,56,27,0
W_F_0010,56,28,0
W_F_0010,56,29,0
W_F_0010,56,30,1
W_F_0010,56,31,0
W_F_0010,56,32,0
W_F_0010,56,33,0
W_F_0010,56,34,0
W_F_0010,56,35,0
W_F_0010,56,36,1
W_F_0010,56,37,0
W_F_0010,56,38,0
W_F_0010,56,39,0
W_F_0010,56,40,0
W_F_0010,56,41,1
W_F_0010,56,42,1
W_F_0010,56,43,1
W_F_0010,56,44,1
W_F_0010,56,45,1
W_F_0010,56,46,1
W_F_0010,56,47,1
W_F_0010,56,48,1
W_F_0010,56,49,1
W_F_0010,56,50,1
W_F_0010,56,51,1
W_F_0010,56,52,1
W_F_0010,56,53,1
W_F_0010,56,54,1
W_F_0010,56,55,1
W_F_0010,56,56,1
W_F_0010,56,57,1
W_F_0010,56,58,1
W_F_0010,56,59,1
W_F_0010,56,60,1
W_F_0010,56,61,1
W_F_0010,56,62,1
W_F_0010,56,63,1
W_F_0010,56,64,1
W_F_0010,56,65,1
W_F_0010,57,7,1
W_F_0010,57,8,1
W_F_0010,57,9,1
W_F_0010,57,10,1
W_F_0010,57,11,1
W_F_0010,57,12,0
W_F_0010,57,13,1
W_F_0010,57,14,0
W_F_0010,57,15,0
W_F_0010,57,16,0
W_F_0010,57,17,0
W_F_0010,57,18,0
W_F_0010,57,19,0
W_F_0010,57,20,0
W_F_0010,57,21,0
W_F_0010,57,22,0
W_F_0010,57,23,0
W_F_0010,57,24,0
W_F_0010,57,25,0
W_F_0010,57,26,0
W_F_0010,57,27,0
W_F_0010,57,28,1
W_F_0010,57,29,0
W_F_0010,57,30,0
W_F_0010,57,31,0
W_F_0010,57,32,0
W_F_0010,57,33,0
W_F_0010,57,34,0
W_F_0010,57,35,0
W_F_0010,57,36,1
W_F_0010,57,37,0
W_F_0010,57,38,0
W_F_0010,57,39,0
W_F_0010,57,40,0
W_F_0010,57,41,0
W_F_0010,57,42,1
W_F_0010,57,43,1
W_F_0010,57,44,1
W_F_0010,57,45,1
W_F_0010,57,46,1
W_F_0010,57,47,1
W_F_0010,57,48,1
W_F_0010,57,49,1
W_F_0010,57,50,1
W_F_0010,57,51,1
W_F_0010,57,52,1
W_F_0010,57,53,1
W_F_0010,57,54,1
W_F_0010,57,55,1
W_F_0010,57,56,1
W_F_0010,57,57,1
W_F_0010,57,58,1
W_F_0010,57,59,1
W_F_0010,57,60,1
W_F_0010,57,61,1
W_F_0010,57,62,1
W_F_0010,57,63,1
W_F_0010,57,64,1
W_F_0010,58,8,1
W_F_0010,58,9,1
W_F_0010,58,10,1
W_F_0010,58,11,1
W_F_0010,58,12,0
W_F_0010,58,13,1
W_F_0010,58,14,1
W_F_0010,58,15,0
W_F_0010,58,16,0
W_F_0010,58,17,0
W_F_0010,58,18,0
W_F_0010,58,19,0
W_F_0010,58,20,0
W_F_0010,58,21,0
W_F_0010,58,22,0
W_F_0010,58,23,0
W_F_0010,58,24,0
W_F_0010,58,25,0
W_F_0010,58,26,0
W_F_0010,58,27,0
W_F_0010,58,28,0
W_F_0010,58,29,0
W_F_0010,58,30,0
W_F_0010,58,31,0
W_F_0010,58,32,1
W_F_0010,58,33,0
W_F_0010,58,34,0
W_F_0010,58,35,0
W_F_0010,58,36,0
W_F_0010,58,37,0
W_F_0010,58,38,1
W_F_0010,58,39,0
W_F_0010,58,40,1
W_F_0010,58,41,0
W_F_0010,58,42,1
W_F_0010,58,43,1
W_F_0010,58,44,1
W_F_0010,58,45,1
W_F_0010,58,46,1
W_F_0010,58,47,1
W_F_0010,58,48,1
W_F_0010,58,49,1
W_F_0010,58,50,1
W_F_0010,58,51,1
W_F_0010,58,52,1
W_F_0010,58,53,1
W_F_0010,58,54,1
W_F_0010,58,55,1
W_F_0010,58,56,1
W_F_0010,58,57,1
W_F_0010,58,58,1
W_F_0010,58,59,1
W_F_0010,58,60,1
W_F_0010,58,61,1
W_F_0010,58,62,1
W_F_0010,58,63,1
W_F_0010,59,8,1
W_F_0010,59,9,1
W_F_0010,59,10,1
W_F_0010,59,11,1
W_F_0010,59,12,0
W_F_0010,59,13,1
W_F_0010,59,14,1
W_F_0010,59,15,1
W_F_0010,59,16,0
W_F_0010,59,17,0
W_F_0010,59,18,0
W_F_0010,59,19,0
W_F_0010,59,20,0
W_F_0010,59,21,0
W_F_0010,59,22,0
W_F_0010,59,23,0
W_F_0010,59,24,0
W_F_0010,59,25,0
W_F_0010,59,26,0
W_F_0010,59,27,0
W_F_0010,59,28,1
W_F_0010,59,29,0
W_F_0010,59,30,0
W_F_0010,59,31,0
W_F_0010,59,32,0
W_F_0010,59,33,1
W_F_0010,59,34,0
W_F_0010,59,35,0
W_F_0010,59,36,1
W_F_0010,59,37,0
W_F_0010,59,38,0
W_F_0010,59,39,0
W_F_0010,59,40,1
W_F_0010,59,41,1
W_F_0010,59,42,1
W_F_0010,59,43,1
W_F_0010,59,44,1
W_F_0010,59,45,1
W_F_0010,59,46,1
W_F_0010,59,47,1
W_F_0010,59,48,1
W_F_0010,59,49,1
W_F_0010,59,50,1
W_F_0010,59,51,1
W_F_0010,59,52,1
W_F_0010,59,53,1
W_F_0010,59,54,1
W_F_0010,59,55,1
W_F_0010,59,56,1
W_F_0010,59,57,1
W_F_0010,59,58,1
W_F_0010,59,59,1
W_F_0010,59,60,1
W_F_0010,59,61,1
W_F_0010,59,62,1
W_F_0010,59,63,1
W_F_0010,60,9,1
W_F_0010,60,10,1
W_F_0010,60,11,1
W_F_0010,60,12,1
W_F_0010,60,13,1
W_F_0010,60,14,1
W_F_0010,60,15,1
W_F_0010,60,16,0
W_F_0010,60,17,0
W_F_0010,60,18,0
W_F_0010,60,19,0
W_F_0010,60,20,0
W_F_0010,60,21,0
W_F_0010,60,22,0
W_F_0010,60,23,0
W_F_0010,60,24,0
W_F_0010,60,25,0
W_F_0010,60,26,0
W_F_0010,60,27,0
W_F_0010,60,28,0
W_F_0010,60,29,0
W_F_0010,60,30,1
W_F_0010,60,31,0
W_F_0010,60,32,0
W_F_0010,60,33,0
W_F_0010,60,34,0
W_F_0010,60,35,0
W_F_0010,60,36,1
W_F_0010,60,37,0
W_F_0010,60,38,0
W_F_0010,60,39,0
W_F_0010,60,40,0
W_F_0010,60,41,0
W_F_0010,60,42,1
W_F_0010,60,43,1
W_F_0010,60,44,1
W_F_0010,60,45,1
W_F_0010,60,46,1
W_F_0010,60,47,1
W_F_0010,60,48,1
W_F_0010,60,49,1
W_F_0010,60,50,1
W_F_0010,60,51,1
W_F_0010,60,52,1
W_F_0010,60,53,1
W_F_0010,60,54,1
W_F_0010,60,55,1
W_F_0010,60,56,1
W_F_0010,60,57,1
W_F_0010,60,58,1
W_F_0010,60,59,1
W_F_0010,60,60,1
W_F_0010,60,61,1
W_F_0010,60,62,1
W_F_0010,61,10,1
W_F_0010,61,11,1
W_F_0010,61,12,1
W_F_0010,61,13,0
W_F_0010,61,14,1
W_F_0010,61,15,1
W_F_0010,61,16,1
W_F_0010,61,17,0
W_F_0010,61,18,0
W_F_0010,61,19,0
W_F_0010,61,20,0
W_F_0010,61,21,0
W_F_0010,61,22,0
W_F_0010,61,23,0
W_F_0010,61,24,0
W_F_0010,61,25,0
W_F_0010,61,26,0
W_F_0010,61,27,0
W_F_0010,61,28,0
W_F_0010,61,29,0
W_F_0010,61,30,0
W_F_0010,61,31,0
W_F_0010,61,32,0
W_F_0010,61,33,0
W_F_0010,61,34,0
W_F_0010,61,35,0
W_F_0010,61,36,0
W_F_0010,61,37,0
W_F_0010,61,38,0
W_F_0010,61,39,0
W_F_0010,61,40,0
W_F_0010,61,41,1
W_F_0010,61,42,1
W_F_0010,61,43,1
W_F_0010,61,44,1
W_F_0010,61,45,1
W_F_0010,61,46,1
W_F_0010,61,47,1
W_F_0010,61,48,1
W_F_0010,61,49,1
W_F_0010,61,50,1
W_F_0010,61,51,1
W_F_0010,61,52,1
W_F_0010,61,53,1
W_F_0010,61,54,1
W_F_0010,61,55,1
W_F_0010,61,56,1
W_F_0010,61,57,1
W_F_0010,61,58,1
W_F_0010,61,59,1
W_F_0010,61,60,1
W_F_0010,61,61,1
W_F_0010,62,11,1
W_F_0010,62,12,0
W_F_0010,62,13,1
W_F_0010,62,14,0
W_F_0010,62,15,0
W_F_0010,62,16,0
W_F_0010,62,17,0
W_F_0010,62,18,0
W_F_0010,62,19,0
W_F_0010,62,20,0
W_F_0010,62,21,0
W_F_0010,62,22,0
W_F_0010,62,23,0
W_F_0010,62,24,0
W_F_0010,62,25,0
W_F_0010,62,26,0
W_F_0010,62,27,0
W_F_0010,62,28,0
W_F_0010,62,29,0
W_F_0010,62,30,0
W_F_0010,62,31,0
W_F_0010,62,32,0
W_F_0010,62,33,0
W_F_0010,62,34,0
W_F_0010,62,35,0
W_F_0010,62,36,1
W_F_0010,62,37,0
W_F_0010,62,38,0
W_F_0010,62,39,0
W_F_0010,62,40,0
W_F_0010,62,41,1
W_F_0010,62,42,1
W_F_0010,62,43,1
W_F_0010,62,44,1
W_F_0010,62,45,1
W_F_0010,62,46,1
W_F_0010,62,47,1
W_F_0010,62,48,1
W_F_0010,62,49,1
W_F_0010,62,50,1
W_F_0010,62,51,1
W_F_0010,62,52,1
W_F_0010,62,53,1
W_F_0010,62,54,1
W_F_0010,62,55,1
W_F_0010,62,56,1
W_F_0010,62,57,1
W_F_0010,62,58,1
W_F_0010,62,59,1
W_F_0010,62,60,1
W_F_0010,63,12,0
W_F_0010,63,13,0
W_F_0010,63,14,0
W_F_0010,63,15,0
W_F_0010,63,16,0
W_F_0010,63,17,0
W_F_0010,63,18,0
W_F_0010,63,19,0
W_F_0010,63,20,0
W_F_0010,63,21,0
W_F_0010,63,22,0
W_F_0010,63,23,0
W_F_0010,63,24,0
W_F_0010,63,25,0
W_F_0010,63,26,1
W_F_0010,63,27,0
W_F_0010,63,28,0
W_F_0010,63,29,0
W_F_0010,63,30,1
W_F_0010,63,31,0
W_F_0010,63,32,0
W_F_0010,63,33,0
W_F_0010,63,34,1
W_F_0010,63,35,1
W_F_0010,63,36,1
W_F_0010,63,37,1
W_F_0010,63,38,0
W_F_0010,63,39,1
W_F_0010,63,40,1
W_F_0010,63,41,1
W_F_0010,63,42,1
W_F_0010,63,43,1
W_F_0010,63,44,1
W_F_0010,63,45,1
W_F_0010,63,46,1
W_F_0010,63,47,1
W_F_0010,63,48,1
W_F_0010,63,49,1
W_F_0010,63,50,1
W_F_0010,63,51,1
W_F_0010,63,52,1
W_F_0010,63,53,1
W_F_0010,63,54,1
W_F_0010,63,55,1
W_F_0010,63,56,1
W_F_0010,63,57,1
W_F_0010,63,58,1
W_F_0010,63,59,1
W_F_0010,64,13,0
W_F_0010,64,14,1
W_F_0010,64,15,1
W_F_0010,64,16,1
W_F_0010,64,17,0
W_F_0010,64,18,1
W_F_0010,64,19,0
W_F_0010,64,20,1
W_F_0010,64,21,1
W_F_0010,64,22,1
W_F_0010,64,23,0
W_F_0010,64,24,0
W_F_0010,64,25,1
W_F_0010,64,26,1
W_F_0010,64,27,1
W_F_0010,64,28,1
W_F_0010,64,29,0
W_F_0010,64,30,1
W_F_0010,64,31,1
W_F_0010,64,32,1
W_F_0010,64,33,1
W_F_0010,64,34,1
W_F_0010,64,35,1
W_F_0010,64,36,1
W_F_0010,64,37,1
W_F_0010,64,38,1
W_F_0010,64,39,1
W_F_0010,64,40,1
W_F_0010,64,41,1
W_F_0010,64,42,1
W_F_0010,64,43,1
W_F_0010,64,44,1
W_F_0010,64,45,1
W_F_0010,64,46,1
W_F_0010,64,47,1
W_F_0010,64,48,1
W_F_0010,64,49,1
W_F_0010,64,50,1
W_F_0010,64,51,1
W_F_0010,64,52,1
W_F_0010,64,53,1
W_F_0010,64,54,1
W_F_0010,64,55,1
W_F_0010,64,56,1
W_F_0010,64,57,1
W_F_0010,64,58,1
W_F_0010,65,15,1
W_F_0010,65,16,1
W_F_0010,65,17,1
W_F_0010,65,18,1
W_F_0010,65,19,1
W_F_0010,65,20,1
W_F_0010,65,21,1
W_F_0010,65,22,1
W_F_0010,65,23,1
W_F_0010,65,24,1
W_F_0010,65,25,1
W_F_0010,65,26,1
W_F_0010,65,27,1
W_F_0010,65,28,1
W_F_0010,65,29,1
W_F_0010,65,30,1
W_F_0010,65,31,1
W_F_0010,65,32,1
W_F_0010,65,33,1
W_F_0010,65,34,1
W_F_0010,65,35,1
W_F_0010,65,36,1
W_F_0010,65,37,1
W_F_0010,65,38,1
W_F_0010,65,39,1
W_F_0010,65,40,1
W_F_0010,65,41,1
W_F_0010,65,42,1
W_F_0010,65,43,1
W_F_0010,65,44,1
W_F_0010,65,45,1
W_F_0010,65,46,1
W_F_0010,65,47,1
W_F_0010,65,48,1
W_F_0010,65,49,1
W_F_0010,65,50,1
W_F_0010,65,51,1
W_F_0010,65,52,1
W_F_0010,65,53,1
W_F_0010,65,54,1
W_F_0010,65,55,1
W_F_0010,65,56,1
W_F_0010,66,16,1
W_F_0010,66,17,1
W_F_0010,66,18,1
W_F_0010,66,19,1
W_F_0010,66,20,1
W_F_0010,66,21,1
W_F_0010,66,22,1
W_F_0010,66,23,1
W_F_0010,66,24,1
W_F_0010,66,25,1
W_F_0010,66,26,1
W_F_0010,66,27,1
W_F_0010,66,28,1
W_F_0010,66,29,1
W_F_0010,66,30,1
W_F_0010,66,31,1
W_F_0010,66,32,1
W_F_0010,66,33,1
W_F_0010,66,34,1
W_F_0010,66,35,1
W_F_0010,66,36,1
W_F_0010,66,37,1
W_F_0010,66,38,1
W_F_0010,66,39,1
W_F_0010,66,40,1
W_F_0010,66,41,1
W_F_0010,66,42,1
W_F_0010,66,43,1
W_F_0010,66,44,1
W_F_0010,66,45,1
W_F_0010,66,46,1
W_F_0010,66,47,1
W_F_0010,66,48,1
W_F_0010,66,49,1
W_F_0010,66,50,1
W_F_0010,66,51,1
W_F_0010,66,52,1
W_F_0010,66,53,1
W_F_0010,66,54,1
W_F_0010,66,55,1
W_F_0010,67,18,1
W_F_0010,67,19,1
W_F_0010,67,20,1
W_F_0010,67,21,1
W_F_0010,67,22,1
W_F_0010,67,23,1
W_F_0010,67,24,1
W_F_0010,67,25,1
W_F_0010,67,26,1
W_F_0010,67,27,1
W_F_0010,67,28,1
W_F_0010,67,29,1
W_F_0010,67,30,1
W_F_0010,67,31,1
W_F_0010,67,32,1
W_F_0010,67,33,1
W_F_0010,67,34,1
W_F_0010,67,35,1
W_F_0010,67,36,1
W_F_0010,67,37,1
W_F_0010,67,38,1
W_F_0010,67,39,1
W_F_0010,67,40,1
W_F_0010,67,41,1
W_F_0010,67,42,1
W_F_0010,67,43,1
W_F_0010,67,44,1
W_F_0010,67,45,1
W_F_0010,67,46,1
W_F_0010,67,47,1
W_F_0010,67,48,1
W_F_0010,67,49,1
W_F_0010,67,50,1
W_F_0010,67,51,1
W_F_0010,67,52,1
W_F_0010,67,53,1
W_F_0010,68,19,1
W_F_0010,68,20,1
W_F_0010,68,21,1
W_F_0010,68,22,1
W_F_0010,68,23,1
W_F_0010,68,24,1
W_F_0010,68,25,1
W_F_0010,68,26,1
W_F_0010,68,27,1
W_F_0010,68,28,1
W_F_0010,68,29,1
W_F_0010,68,30,1
W_F_0010,68,31,1
W_F_0010,68,32,1
W_F_0010,68,33,1
W_F_0010,68,34,1
W_F_0010,68,35,1
W_F_0010,68,36,1
W_F_0010,68,37,1
W_F_0010,68,38,1
W_F_0010,68,39,1
W_F_0010,68,40,1
W_F_0010,68,41,1
W_F_0010,68,42,1
W_F_0010,68,43,1
W_F_0010,68,44,1
W_F_0010,68,45,1
W_F_0010,68,46,1
W_F_0010,68,47,1
W_F_0010,68,48,1
W_F_0010,68,49,1
W_F_0010,68,50,1
W_F_0010,68,51,1
W_F_0010,68,52,1
W_F_0010,69,21,1
W_F_0010,69,22,1
W_F_0010,69,23,1
W_F_0010,69,24,1
W_F_0010,69,25,1
W_F_0010,69,26,1
W_F_0010,69,27,1
W_F_0010,69,28,1
W_F_0010,69,29,1
W_F_0010,69,30,1
W_F_0010,69,31,1
W_F_0010,69,32,1
W_F_0010,69,33,1
W_F_0010,69,34,1
W_F_0010,69,35,1
W_F_0010,69,36,1
W_F_0010,69,37,1
W_F_0010,69,38,1
W_F_0010,69,39,1
W_F_0010,69,40,1
W_F_0010,69,41,1
W_F_0010,69,42,1
W_F_0010,69,43,1
W_F_0010,69,44,1
W_F_0010,69,45,1
W_F_0010,69,46,1
W_F_0010,69,47,1
W_F_0010,69,48,1
W_F_0010,69,49,1
W_F_0010,69,50,1
W_F_0010,70,24,1
W_F_0010,70,25,1
W_F_0010,70,26,1
W_F_0010,70,27,1
W_F_0010,70,28,1
W_F_0010,70,29,1
W_F_0010,70,30,1
W_F_0010,70,31,1
W_F_0010,70,32,1
W_F_0010,70,33,1
W_F_0010,70,34,1
W_F_0010,70,35,1
W_F_0010,70,36,1
W_F_0010,70,37,1
W_F_0010,70,38,1
W_F_0010,70,39,1
W_F_0010,70,40,1
W_F_0010,70,41,1
W_F_0010,70,42,1
W_F_0010,70,43,1
W_F_0010,70,44,1
W_F_0010,70,45,1
W_F_0010,70,46,1
W_F_0010,70,47,1
W_F_0010,71,27,1
W_F_0010,71,28,1
W_F_0010,71,29,1
W_F_0010,71,30,1
W_F_0010,71,31,1
W_F_0010,71,32,1
W_F_0010,71,33,1
W_F_0010,71,34,1
W_F_0010,71,35,1
W_F_0010,71,36,1
W_F_0010,71,37,1
W_F_0010,71,38,1
W_F_0010,71,39,1
W_F_0010,71,40,1
W_F_0010,71,41,1
W_F_0010,71,42,1
W_F_0010,71,43,1
W_F_0010,71,44,1
W_F_0036,0,13,1
W_F_0036,0,14,1
W_F_0036,0,15,1
W_F_0036,0,16,1
W_F_0036,0,17,1
W_F_0036,0,18,0
W_F_0036,0,19,1
W_F_0036,0,20,1
W_F_0036,0,21,1
W_F_0036,0,22,1
W_F_0036,0,23,1
W_F_0036,1,10,1
W_F_0036,1,11,1
W_F_0036,1,12,1
W_F_0036,1,13,0
W_F_0036,1,14,1
W_F_0036,1,15,0
W_F_0036,1,16,0
W_F_0036,1,17,0
W_F_0036,1,18,0
W_F_0036,1,19,0
W_F_0036,1,20,1
W_F_0036,1,21,0
W_F_0036,1,22,0
W_F_0036,1,23,1
W_F_0036,1,24,1
W_F_0036,1,25,1
W_F_0036,2,9,1
W_F_0036,2,10,1
W_F_0036,2,11,0
W_F_0036,2,12,0
W_F_0036,2,13,0
W_F_0036,2,14,0
W_F_0036,2,15,0
W_F_0036,2,16,0
W_F_0036,2,17,0
W_F_0036,2,18,0
W_F_0036,2,19,0
W_F_0036,2,20,0
W_F_0036,2,21,0
W_F_0036,2,22,0
W_F_0036,2,23,1
W_F_0036,2,24,0
W_F_0036,2,25,0
W_F_0036,2,26,1
W_F_0036,2,27,1
W_F_0036,3,7,1
W_F_0036,3,8,1
W_F_0036,3,9,1
W_F_0036,3,10,1
W_F_0036,3,11,0
W_F_0036,3,12,0
W_F_0036,3,13,0
W_F_0036,3,14,1
W_F_0036,3,15,0
W_F_0036,3,16,0
W_F_0036,3,17,0
W_F_0036,3,18,0
W_F_0036,3,19,0
W_F_0036,3,20,0
W_F_0036,3,21,0
W_F_0036,3,22,0
W_F_0036,3,23,1
W_F_0036,3,24,0
W_F_0036,3,25,0
W_F_0036,3,26,0
W_F_0036,3,27,1
W_F_0036,3,28,1
W_F_0036,4,6,1
W_F_0036,4,7,1
W_F_0036,4,8,0
W_F_0036,4,9,0
W_F_0036,4,10,0
W_F_0036,4,11,0
W_F_0036,4,12,0
W_F_0036,4,13,0
W_F_0036,4,14,0
W_F_0036,4,15,0
W_F_0036,4,16,0
W_F_0036,4,17,1
W_F_0036,4,18,0
W_F_0036,4,19,0
W_F_0036,4,20,0
W_F_0036,4,21,0
W_F_0036,4,22,0
W_F_0036,4,23,0
W_F_0036,4,24,0
W_F_0036,4,25,0
W_F_0036,4,26,0
W_F_0036,4,27,0
W_F_0036,4,28,1
W_F_0036,4,29,1
W_F_0036,5,5,1
W_F_0036,5,6,1
W_F_0036,5,7,1
W_F_0036,5,8,0
W_F_0036,5,9,0
W_F_0036,5,10,0
W_F_0036,5,11,1
W_F_0036,5,12,0
W_F_0036,5,13,0
W_F_0036,5,14,0
W_F_0036,5,15,0
W_F_0036,5,16,0
W_F_0036,5,17,0
W_F_0036,5,18,0
W_F_0036,5,19,0
W_F_0036,5,20,0
W_F_0036,5,21,0
W_F_0036,5,22,0
W_F_0036,5,23,0
W_F_0036,5,24,0
W_F_0036,5,25,0
W_F_0036,5,26,0
W_F_0036,5,27,0
W_F_0036,5,28,0
W_F_0036,5,29,0
W_F_0036,5,30,1
W_F_0036,6,5,1
W_F_0036,6,6,1
W_F_0036,6,7,1
W_F_0036,6,8,0
W_F_0036,6,9,0
W_F_0036,6,10,0
W_F_0036,6,11,0
W_F_0036,6,12,0
W_F_0036,6,13,0
W_F_0036,6,14,0
W_F_0036,6,15,0
W_F_0036,6,16,0
W_F_0036,6,17,0
W_F_0036,6,18,0
W_F_0036,6,19,0
W_F_0036,6,20,0
W_F_0036,6,21,0
W_F_0036,6,22,1
W_F_0036,6,23,0
W_F_0036,6,24,0
W_F_0036,6,25,0
W_F_0036,6,26,0
W_F_0036,6,27,0
W_F_0036,6,28,0
W_F_0036,6,29,0
W_F_0036,6,30,0
W_F_0036,6,31,1
W_F_0036,7,4,1
W_F_0036,7,5,0
W_F_0036,7,6,0
W_F_0036,7,7,0
W_F_0036,7,8,0
W_F_0036,7,9,0
W_F_0036,7,10,0
W_F_0036,7,11,0
W_F_0036,7,12,0
W_F_0036,7,13,0
W_F_0036,7,14,0
W_F_0036,7,15,0
W_F_0036,7,16,0
W_F_0036,7,17,0
W_F_0036,7,18,0
W_F_0036,7,19,0
W_F_0036,7,20,0
W_F_0036,7,21,0
W_F_0036,7,22,0
W_F_0036,7,23,0
W_F_0036,7,24,0
W_F_0036,7,25,0
W_F_0036,7,26,0
W_F_0036,7,27,0
W_F_0036,7,28,1
W_F_0036,7,29,0
W_F_0036,7,30,0
W_F_0036,7,31,1
W_F_0036,7,32,1
W_F_0036,8,3,1
W_F_0036,8,4,1
W_F_0036,8,5,0
W_F_0036,8,6,0
W_F_0036,8,7,0
W_F_0036,8,8,0
W_F_0036,8,9,0
W_F_0036,8,10,0
W_F_0036,8,11,0
W_F_0036,8,12,1
W_F_0036,8,13,0
W_F_0036,8,14,0
W_F_0036,8,15,0
W_F_0036,8,16,0
W_F_0036,8,17,0
W_F_0036,8,18,0
W_F_0036,8,19,0
W_F_0036,8,20,0
W_F_0036,8,21,0
W_F_0036,8,22,0
W_F_0036,8,23,0
W_F_0036,8,24,0
W_F_0036,8,25,0
W_F_0036,8,26,0
W_F_0036,8,27,0
W_F_0036,8,28,0
W_F_0036,8,29,0
W_F_0036,8,30,0
W_F_0036,8,31,1
W_F_0036,8,32,1
W_F_0036,9,3,1
W_F_0036,9,4,0
W_F_0036,9,5,0
W_F_0036,9,6,1
W_F_0036,9,7,0
W_F_0036,9,8,0
W_F_0036,9,9,0
W_F_0036,9,10,0
W_F_0036,9,11,0
W_F_0036,9,12,0
W_F_0036,9,13,0
W_F_0036,9,14,0
W_F_0036,9,15,0
W_F_0036,9,16,0
W_F_0036,9,17,0
W_F_0036,9,18,0
W_F_0036,9,19,0
W_F_0036,9,20,0
W_F_0036,9,21,0
W_F_0036,9,22,1
W_F_0036,9,23,0
W_F_0036,9,24,0
W_F_0036,9,25,0
W_F_0036,9,26,0
W_F_0036,9,27,0
W_F_0036,9,28,0
W_F_0036,9,29,0
W_F_0036,9,30,0
W_F_0036,9,31,0
W_F_0036,9,32,0
W_F_0036,9,33,1
W_F_0036,10,2,1
W_F_0036,10,3,0
W_F_0036,10,4,1
W_F_0036,10,5,0
W_F_0036,10,6,0
W_F_0036,10,7,0
W_F_0036,10,8,0
W_F_0036,10,9,1
W_F_0036,10,10,0
W_F_0036,10,11,0
W_F_0036,10,12,0
W_F_0036,10,13,0
W_F_0036,10,14,0
W_F_0036,10,15,0
W_F_0036,10,16,0
W_F_0036,10,17,0
W_F_0036,10,18,0
W_F_0036,10,19,0
W_F_0036,10,20,0
W_F_0036,10,21,0
W_F_0036,10,22,0
W_F_0036,10,23,0
W_F_0036,10,24,0
W_F_0036,10,25,0
W_F_0036,10,26,0
W_F_0036,10,27,0
W_F_0036,10,28,0
W_F_0036,10,29,0
W_F_0036,10,30,0
W_F_0036,10,31,0
W_F_0036,10,32,0
W_F_0036,10,33,1
W_F_0036,11,2,1
W_F_0036,11,3,0
W_F_0036,11,4,0
W_F_0036,11,5,1
W_F_0036,11,6,0
W_F_0036,11,7,0
W_F_0036,11,8,0
W_F_0036,11,9,0
W_F_0036,11,10,0
W_F_0036,11,11,0
W_F_0036,11,12,0
W_F_0036,11,13,0
W_F_0036,11,14,0
W_F_0036,11,15,0
W_F_0036,11,16,0
W_F_0036,11,17,0
W_F_0036,11,18,0
W_F_0036,11,19,0
W_F_0036,11,20,0
W_F_0036,11,21,0
W_F_0036,11,22,0
W_F_0036,11,23,0
W_F_0036,11,24,0
W_F_0036,11,25,0
W_F_0036,11,26,0
W_F_0036,11,27,0
W_F_0036,11,28,0
W_F_0036,11,29,0
W_F_0036,11,30,0
W_F_0036,11,31,0
W_F_0036,11,32,0
W_F_0036,11,33,0
W_F_0036,11,34,1
W_F_0036,12,1,1
W_F_0036,12,2,0
W_F_0036,12,3,0
W_F_0036,12,4,0
W_F_0036,12,5,0
W_F_0036,12,6,0
W_F_0036,12,7,0
W_F_0036,12,8,0
W_F_0036,12,9,0
W_F_0036,12,10,0
W_F_0036,12,11,0
W_F_0036,12,12,0
W_F_0036,12,13,0
W_F_0036,12,14,0
W_F_0036,12,15,0
W_F_0036,12,16,0
W_F_0036,12,17,0
W_F_0036,12,18,0
W_F_0036,12,19,0
W_F_0036,12,20,0
W_F_0036,12,21,0
W_F_0036,12,22,0
W_F_0036,12,23,0
W_F_0036,12,24,0
W_F_0036,12,25,0
W_F_0036,12,26,0
W_F_0036,12,27,0
W_F_0036,12,28,0
W_F_0036,12,29,0
W_F_0036,12,30,0
W_F_0036,12,31,0
W_F_0036,12,32,0
W_F_0036,12,33,0
W_F_0036,12,34,1
W_F_0036,13,1,1
W_F_0036,13,2,0
W_F_0036,13,3,0
W_F_0036,13,4,0
W_F_0036,13,5,0
W_F_0036,13,6,0
W_F_0036,13,7,0
W_F_0036,13,8,0
W_F_0036,13,9,0
W_F_0036,13,10,0
W_F_0036,13,11,0
W_F_0036,13,12,0
W_F_0036,13,13,0
W_F_0036,13,14,0
W_F_0036,13,15,0
W_F_0036,13,16,0
W_F_0036,13,17,0
W_F_0036,13,18,0
W_F_0036,13,19,0
W_F_0036,13,20,0
W_F_0036,13,21,1
W_F_0036,13,22,0
W_F_0036,13,23,0
W_F_0036,13,24,0
W_F_0036,13,25,1
W_F_0036,13,26,0
W_F_0036,13,27,1
W_F_0036,13,28,1
W_F_0036,13,29,0
W_F_0036,13,30,0
W_F_0036,13,31,0
W_F_0036,13,32,1
W_F_0036,13,33,0
W_F_0036,13,34,1
W_F_0036,14,1,1
W_F_0036,14,2,0
W_F_0036,14,3,1
W_F_0036,14,4,0
W_F_0036,14,5,0
W_F_0036,14,6,0
W_F_0036,14,7,0
W_F_0036,14,8,0
W_F_0036,14,9,0
W_F_0036,14,10,0
W_F_0036,14,11,0
W_F_0036,14,12,0
W_F_0036,14,13,0
W_F_0036,14,14,0
W_F_0036,14,15,0
W_F_0036,14,16,0
W_F_0036,14,17,0
W_F_0036,14,18,0
W_F_0036,14,19,0
W_F_0036,14,20,1
W_F_0036,14,21,0
W_F_0036,14,22,0
W_F_0036,14,23,0
W_F_0036,14,24,0
W_F_0036,14,25,0
W_F_0036,14,26,0
W_F_0036,14,27,0
W_F_0036,14,28,0
W_F_0036,14,29,1
W_F_0036,14,30,0
W_F_0036,14,31,0
W_F_0036,14,32,0
W_F_0036,14,33,0
W_F_0036,14,34,1
W_F_0036,14,35,1
W_F_0036,15,1,1
W_F_0036,15,2,1
W_F_0036,15,3,0
W_F_0036,15,4,0
W_F_0036,15,5,0
W_F_0036,15,6,0
W_F_0036,15,7,0
W_F_0036,15,8,0
W_F_0036,15,9,0
W_F_0036,15,10,0
W_F_0036,15,11,0
W_F_0036,15,12,0
W_F_0036,15,13,0
W_F_0036,15,14,0
W_F_0036,15,15,0
W_F_0036,15,16,0
W_F_0036,15,17,0
W_F_0036,15,18,0
W_F_0036,15,19,0
W_F_0036,15,20,0
W_F_0036,15,21,0
W_F_0036,15,22,0
W_F_0036,15,23,0
W_F_0036,15,24,0
W_F_0036,15,25,0
W_F_0036,15,26,0
W_F_0036,15,27,0
W_F_0036,15,28,0
W_F_0036,15,29,1
W_F_0036,15,30,0
W_F_0036,15,31,0
W_F_0036,15,32,0
W_F_0036,15,33,0
W_F_0036,15,34,0
W_F_0036,15,35,1
W_F_0036,16,1,1
W_F_0036,16,2,0
W_F_0036,16,3,0
W_F_0036,16,4,0
W_F_0036,16,5,0
W_F_0036,16,6,0
W_F_0036,16,7,0
W_F_0036,16,8,0
W_F_0036,16,9,1
W_F_0036,16,10,0
W_F_0036,16,11,1
W_F_0036,16,12,0
W_F_0036,16,13,0
W_F_0036,16,14,0
W_F_0036,16,15,0
W_F_0036,16,16,0
W_F_0036,16,17,0
W_F_0036,16,18,0
W_F_0036,16,19,0
W_F_0036,16,20,0
W_F_0036,16,21,0
W_F_0036,16,22,0
W_F_0036,16,23,0
W_F_0036,16,24,0
W_F_0036,16,25,1
W_F_0036,16,26,0
W_F_0036,16,27,0
W_F_0036,16,28,0
W_F_0036,16,29,0
W_F_0036,16,30,0
W_F_0036,16,31,0
W_F_0036,16,32,0
W_F_0036,16,33,0
W_F_0036,16,34,0
W_F_0036,16,35,1
W_F_0036,17,0,1
W_F_0036,17,1,0
W_F_0036,17,2,0
W_F_0036,17,3,0
W_F_0036,17,4,0
W_F_0036,17,5,0
W_F_0036,17,6,0
W_F_0036,17,7,0
W_F_0036,17,8,0
W_F_0036,17,9,0
W_F_0036,17,10,0
W_F_0036,17,11,1
W_F_0036,17,12,0
W_F_0036,17,13,0
W_F_0036,17,14,0
W_F_0036,17,15,1
W_F_0036,17,16,0
W_F_0036,17,17,0
W_F_0036,17,18,0
W_F_0036,17,19,0
W_F_0036,17,20,0
W_F_0036,17,21,0
W_F_0036,17,22,1
W_F_0036,17,23,1
W_F_0036,17,24,0
W_F_0036,17,25,0
W_F_0036,17,26,0
W_F_0036,17,27,0
W_F_0036,17,28,0
W_F_0036,17,29,0
W_F_0036,17,30,0
W_F_0036,17,31,0
W_F_0036,17,32,0
W_F_0036,17,33,0
W_F_0036,17,34,0
W_F_0036,17,35,1
W_F_0036,18,0,1
W_F_0036,18,1,0
W_F_0036,18,2,0
W_F_0036,18,3,0
W_F_0036,18,4,0
W_F_0036,18,5,1
W_F_0036,18,6,0
W_F_0036,18,7,0
W_F_0036,18,8,0
W_F_0036,18,9,0
W_F_0036,18,10,0
W_F_0036,18,11,0
W_F_0036,18,12,0
W_F_0036,18,13,0
W_F_0036,18,14,0
W_F_0036,18,15,0
W_F_0036,18,16,0
W_F_0036,18,17,0
W_F_0036,18,18,1
W_F_0036,18,19,0
W_F_0036,18,20,0
W_F_0036,18,21,0
W_F_0036,18,22,0
W_F_0036,18,23,0
W_F_0036,18,24,0
W_F_0036,18,25,0
W_F_0036,18,26,0
W_F_0036,18,27,0
W_F_0036,18,28,0
W_F_0036,18,29,0
W_F_0036,18,30,0
W_F_0036,18,31,0
W_F_0036,18,32,0
W_F_0036,18,33,0
W_F_0036,18,34,0
W_F_0036,18,35,1
W_F_0036,19,0,1
W_F_0036,19,1,0
W_F_0036,19,2,0
W_F_0036,19,3,1
W_F_0036,19,4,0
W_F_0036,19,5,0
W_F_0036,19,6,0
W_F_0036,19,7,0
W_F_0036,19,8,0
W_F_0036,19,9,0
W_F_0036,19,10,0
W_F_0036,19,11,0
W_F_0036,19,12,0
W_F_0036,19,13,0
W_F_0036,19,14,0
W_F_0036,19,15,0
W_F_0036,19,16,0
W_F_0036,19,17,0
W_F_0036,19,18,0
W_F_0036,19,19,0
W_F_0036,19,20,0
W_F_0036,19,21,0
W_F_0036,19,22,0
W_F_0036,19,23,0
W_F_0036,19,24,0
W_F_0036,19,25,0
W_F_0036,19,26,0
W_F_0036,19,27,0
W_F_0036,19,28,0
W_F_0036,19,29,0
W_F_0036,19,30,0
W_F_0036,19,31,0
W_F_0036,19,32,0
W_F_0036,19,33,0
W_F_0036,19,34,1
W_F_0036,19,35,1
W_F_0036,20,1,0
W_F_0036,20,2,1
W_F_0036,20,3,0
W_F_0036,20,4,0
W_F_0036,20,5,0
W_F_0036,20,6,0
W_F_0036,20,7,0
W_F_0036,20,8,0
W_F_0036,20,9,0
W_F_0036,20,10,0
W_F_0036,20,11,0
W_F_0036,20,12,0
W_F_0036,20,13,0
W_F_0036,20,14,0
W_F_0036,20,15,0
W_F_0036,20,16,0
W_F_0036,20,17,0
W_F_0036,20,18,0
W_F_0036,20,19,0
W_F_0036,20,20,0
W_F_0036,20,21,0
W_F_0036,20,22,0
W_F_0036,20,23,0
W_F_0036,20,24,0
W_F_0036,20,25,0
W_F_0036,20,26,0
W_F_0036,20,27,0
W_F_0036,20,28,0
W_F_0036,20,29,0
W_F_0036,20,30,0
W_F_0036,20,31,0
W_F_0036,20,32,0
W_F_0036,20,33,0
W_F_0036,20,34,0
W_F_0036,20,35,1
W_F_0036,21,1,1
W_F_0036,21,2,0
W_F_0036,21,3,0
W_F_0036,21,4,0
W_F_0036,21,5,0
W_F_0036,21,6,0
W_F_0036,21,7,0
W_F_0036,21,8,0
W_F_0036,21,9,0
W_F_0036,21,10,0
W_F_0036,21,11,1
W_F_0036,21,12,0
W_F_0036,21,13,1
W_F_0036,21,14,0
W_F_0036,21,15,0
W_F_0036,21,16,0
W_F_0036,21,17,0
W_F_0036,21,18,0
W_F_0036,21,19,0
W_F_0036,21,20,0
W_F_0036,21,21,0
W_F_0036,21,22,0
W_F_0036,21,23,0
W_F_0036,21,24,0
W_F_0036,21,25,0
W_F_0036,21,26,0
W_F_0036,21,27,0
W_F_0036,21,28,0
W_F_0036,21,29,0
W_F_0036,21,30,1
W_F_0036,21,31,0
W_F_0036,21,32,0
W_F_0036,21,33,0
W_F_0036,21,34,1
W_F_0036,21,35,1
W_F_0036,22,1,1
W_F_0036,22,2,0
W_F_0036,22,3,0
W_F_0036,22,4,0
W_F_0036,22,5,1
W_F_0036,22,6,0
W_F_0036,22,7,0
W_F_0036,22,8,0
W_F_0036,22,9,0
W_F_0036,22,10,0
W_F_0036,22,11,0
W_F_0036,22,12,0
W_F_0036,22,13,0
W_F_0036,22,14,0
W_F_0036,22,15,0
W_F_0036,22,16,0
W_F_0036,22,17,1
W_F_0036,22,18,0
W_F_0036,22,19,0
W_F_0036,22,20,0
W_F_0036,22,21,0
W_F_0036,22,22,0
W_F_0036,22,23,0
W_F_0036,22,24,0
W_F_0036,22,25,0
W_F_0036,22,26,0
W_F_0036,22,27,0
W_F_0036,22,28,0
W_F_0036,22,29,0
W_F_0036,22,30,0
W_F_0036,22,31,0
W_F_0036,22,32,1
W_F_0036,22,33,0
W_F_0036,22,34,0
W_F_0036,22,35,1
W_F_0036,23,1,1
W_F_0036,23,2,0
W_F_0036,23,3,0
W_F_0036,23,4,0
W_F_0036,23,5,0
W_F_0036,23,6,0
W_F_0036,23,7,0
W_F_0036,23,8,0
W_F_0036,23,9,0
W_F_0036,23,10,0
W_F_0036,23,11,0
W_F_0036,23,12,0
W_F_0036,23,13,0
W_F_0036,23,14,0
W_F_0036,23,15,0
W_F_0036,23,16,1
W_F_0036,23,17,0
W_F_0036,23,18,0
W_F_0036,23,19,0
W_F_0036,23,20,0
W_F_0036,23,21,0
W_F_0036,23,22,0
W_F_0036,23,23,0
W_F_0036,23,24,0
W_F_0036,23,25,0
W_F_0036,23,26,0
W_F_0036,23,27,0
W_F_0036,23,28,0
W_F_0036,23,29,0
W_F_0036,23,30,0
W_F_0036,23,31,0
W_F_0036,23,32,0
W_F_0036,23,33,0
W_F_0036,23,34,1
W_F_0036,24,1,1
W_F_0036,24,2,0
W_F_0036,24,3,0
W_F_0036,24,4,0
W_F_0036,24,5,0
W_F_0036,24,6,0
W_F_0036,24,7,0
W_F_0036,24,8,0
W_F_0036,24,9,0
W_F_0036,24,10,0
W_F_0036,24,11,0
W_F_0036,24,12,0
W_F_0036,24,13,0
W_F_0036,24,14,0
W_F_0036,24,15,0
W_F_0036,24,16,0
W_F_0036,24,17,0
W_F_0036,24,18,0
W_F_0036,24,19,0
W_F_0036,24,20,0
W_F_0036,24,21,0
W_F_0036,24,22,0
W_F_0036,24,23,0
W_F_0036,24,24,0
W_F_0036,24,25,0
W_F_0036,24,26,0
W_F_0036,24,27,1
W_F_0036,24,28,0
W_F_0036,24,29,0
W_F_0036,24,30,0
W_F_0036,24,31,0
W_F_0036,24,32,0
W_F_0036,24,33,0
W_F_0036,24,34,1
W_F_0036,25,2,1
W_F_0036,25,3,0
W_F_0036,25,4,0
W_F_0036,25,5,0
W_F_0036,25,6,0
W_F_0036,25,7,0
W_F_0036,25,8,1
W_F_0036,25,9,0
W_F_0036,25,10,0
W_F_0036,25,11,1
W_F_0036,25,12,0
W_F_0036,25,13,0
W_F_0036,25,14,0
W_F_0036,25,15,0
W_F_0036,25,16,0
W_F_0036,25,17,0
W_F_0036,25,18,0
W_F_0036,25,19,0
W_F_0036,25,20,0
W_F_0036,25,21,0
W_F_0036,25,22,0
W_F_0036,25,23,0
W_F_0036,25,24,0
W_F_0036,25,25,0
W_F_0036,25,26,0
W_F_0036,25,27,0
W_F_0036,25,28,0
W_F_0036,25,29,0
W_F_0036,25,30,0
W_F_0036,25,31,0
W_F_0036,25,32,0
W_F_0036,25,33,0
W_F_0036,25,34,1
W_F_0036,26,2,1
W_F_0036,26,3,1
W_F_0036,26,4,0
W_F_0036,26,5,0
W_F_0036,26,6,0
W_F_0036,26,7,1
W_F_0036,26,8,0
W_F_0036,26,9,0
W_F_0036,26,10,0
W_F_0036,26,11,0
W_F_0036,26,12,0
W_F_0036,26,13,0
W_F_0036,26,14,0
W_F_0036,26,15,0
W_F_0036,26,16,0
W_F_0036,26,17,0
W_F_0036,26,18,0
W_F_0036,26,19,0
W_F_0036,26,20,1
W_F_0036,26,21,0
W_F_0036,26,22,0
W_F_0036,26,23,0
W_F_0036,26,24,0
W_F_0036,26,25,1
W_F_0036,26,26,0
W_F_0036,26,27,0
W_F_0036,26,28,0
W_F_0036,26,29,0
W_F_0036,26,30,0
W_F_0036,26,31,1
W_F_0036,26,32,0
W_F_0036,26,33,1
W_F_0036,27,2,1
W_F_0036,27,3,1
W_F_0036,27,4,0
W_F_0036,27,5,0
W_F_0036,27,6,0
W_F_0036,27,7,0
W_F_0036,27,8,0
W_F_0036,27,9,0
W_F_0036,27,10,0
W_F_0036,27,11,0
W_F_0036,27,12,0
W_F_0036,27,13,0
W_F_0036,27,14,0
W_F_0036,27,15,1
W_F_0036,27,16,0
W_F_0036,27,17,0
W_F_0036,27,18,0
W_F_0036,27,19,0
W_F_0036,27,20,0
W_F_0036,27,21,0
W_F_0036,27,22,0
W_F_0036,27,23,1
W_F_0036,27,24,0
W_F_0036,27,25,0
W_F_0036,27,26,1
W_F_0036,27,27,0
W_F_0036,27,28,0
W_F_0036,27,29,0
W_F_0036,27,30,0
W_F_0036,27,31,0
W_F_0036,27,32,0
W_F_0036,27,33,1
W_F_0036,28,3,1
W_F_0036,28,4,0
W_F_0036,28,5,0
W_F_0036,28,6,0
W_F_0036,28,7,0
W_F_0036,28,8,0
W_F_0036,28,9,1
W_F_0036,28,10,0
W_F_0036,28,11,0
W_F_0036,28,12,0
W_F_0036,28,13,1
W_F_0036,28,14,0
W_F_0036,28,15,0
W_F_0036,28,16,0
W_F_0036,28,17,0
W_F_0036,28,18,0
W_F_0036,28,19,0
W_F_0036,28,20,0
W_F_0036,28,21,0
W_F_0036,28,22,0
W_F_0036,28,23,1
W_F_0036,28,24,0
W_F_0036,28,25,0
W_F_0036,28,26,0
W_F_0036,28,27,0
W_F_0036,28,28,0
W_F_0036,28,29,0
W_F_0036,28,30,0
W_F_0036,28,31,1
W_F_0036,28,32,1
W_F_0036,28,33,1
W_F_0036,29,3,1
W_F_0036,29,4,1
W_F_0036,29,5,0
W_F_0036,29,6,0
W_F_0036,29,7,0
W_F_0036,29,8,0
W_F_0036,29,9,0
W_F_0036,29,10,0
W_F_0036,29,11,1
W_F_0036,29,12,0
W_F_0036,29,13,0
W_F_0036,29,14,0
W_F_0036,29,15,0
W_F_0036,29,16,0
W_F_0036,29,17,0
W_F_0036,29,18,0
W_F_0036,29,19,0
W_F_0036,29,20,0
W_F_0036,29,21,0
W_F_0036,29,22,0
W_F_0036,29,23,0
W_F_0036,29,24,0
W_F_0036,29,25,0
W_F_0036,29,26,0
W_F_0036,29,27,0
W_F_0036,29,28,0
W_F_0036,29,29,0
W_F_0036,29,30,1
W_F_0036,29,31,0
W_F_0036,29,32,1
W_F_0036,30,4,1
W_F_0036,30,5,1
W_F_0036,30,6,1
W_F_0036,30,7,0
W_F_0036,30,8,0
W_F_0036,30,9,0
W_F_0036,30,10,0
W_F_0036,30,11,0
W_F_0036,30,12,0
W_F_0036,30,13,0
W_F_0036,30,14,1
W_F_0036,30,15,0
W_F_0036,30,16,0
W_F_0036,30,17,0
W_F_0036,30,18,0
W_F_0036,30,19,0
W_F_0036,30,20,0
W_F_0036,30,21,0
W_F_0036,30,22,0
W_F_0036,30,23,0
W_F_0036,30,24,0
W_F_0036,30,25,0
W_F_0036,30,26,0
W_F_0036,30,27,0
W_F_0036,30,28,0
W_F_0036,30,29,0
W_F_0036,30,30,0
W_F_0036,30,31,1
W_F_0036,31,5,1
W_F_0036,31,6,0
W_F_0036,31,7,1
W_F_0036,31,8,0
W_F_0036,31,9,0
W_F_0036,31,10,0
W_F_0036,31,11,0
W_F_0036,31,12,0
W_F_0036,31,13,0
W_F_0036,31,14,1
W_F_0036,31,15,0
W_F_0036,31,16,0
W_F_0036,31,17,0
W_F_0036,31,18,0
W_F_0036,31,19,0
W_F_0036,31,20,0
W_F_0036,31,21,0
W_F_0036,31,22,0
W_F_0036,31,23,0
W_F_0036,31,24,0
W_F_0036,31,25,0
W_F_0036,31,26,0
W_F_0036,31,27,0
W_F_0036,31,28,0
W_F_0036,31,29,0
W_F_0036,31,30,1
W_F_0036,31,31,1
W_F_0036,32,6,1
W_F_0036,32,7,0
W_F_0036,32,8,0
W_F_0036,32,9,0
W_F_0036,32,10,0
W_F_0036,32,11,0
W_F_0036,32,12,0
W_F_0036,32,13,0
W_F_0036,32,14,0
W_F_0036,32,15,0
W_F_0036,32,16,0
W_F_0036,32,17,1
W_F_0036,32,18,0
W_F_0036,32,19,1
W_F_0036,32,20,0
W_F_0036,32,21,0
W_F_0036,32,22,0
W_F_0036,32,23,0
W_F_0036,32,24,0
W_F_0036,32,25,0
W_F_0036,32,26,0
W_F_0036,32,27,0
W_F_0036,32,28,0
W_F_0036,32,29,1
W_F_0036,32,30,1
W_F_0036,33,7,1
W_F_0036,33,8,1
W_F_0036,33,9,0
W_F_0036,33,10,0
W_F_0036,33,11,0
W_F_0036,33,12,0
W_F_0036,33,13,0
W_F_0036,33,14,0
W_F_0036,33,15,0
W_F_0036,33,16,0
W_F_0036,33,17,0
W_F_0036,33,18,0
W_F_0036,33,19,0
W_F_0036,33,20,0
W_F_0036,33,21,0
W_F_0036,33,22,0
W_F_0036,33,23,0
W_F_0036,33,24,0
W_F_0036,33,25,1
W_F_0036,33,26,1
W_F_0036,33,27,0
W_F_0036,33,28,1
W_F_0036,33,29,1
W_F_0036,34,8,1
W_F_0036,34,9,1
W_F_0036,34,10,0
W_F_0036,34,11,0
W_F_0036,34,12,1
W_F_0036,34,13,0
W_F_0036,34,14,0
W_F_0036,34,15,0
W_F_0036,34,16,0
W_F_0036,34,17,0
W_F_0036,34,18,0
W_F_0036,34,19,0
W_F_0036,34,20,0
W_F_0036,34,21,1
W_F_0036,34,22,0
W_F_0036,34,23,0
W_F_0036,34,24,0
W_F_0036,34,25,0
W_F_0036,34,26,1
W_F_0036,34,27,1
W_F_0036,35,9,1
W_F_0036,35,10,1
W_F_0036,35,11,1
W_F_0036,35,12,0
W_F_0036,35,13,0
W_F_0036,35,14,0
W_F_0036,35,15,0
W_F_0036,35,16,0
W_F_0036,35,17,0
W_F_0036,35,18,0
W_F_0036,35,19,0
W_F_0036,35,20,0
W_F_0036,35,21,0
W_F_0036,35,22,0
W_F_0036,35,23,0
W_F_0036,35,24,0
W_F_0036,35,25,1
W_F_0036,35,26,1
W_F_0036,36,11,1
W_F_0036,36,12,1
W_F_0036,36,13,1
W_F_0036,36,14,1
W_F_0036,36,15,1
W_F_0036,36,16,0
W_F_0036,36,17,0
W_F_0036,36,18,0
W_F_0036,36,19,0
W_F_0036,36,20,0
W_F_0036,36,21,0
W_F_0036,36,22,1
W_F_0036,36,23,1
W_F_0036,36,24,1
W_F_0036,37,14,1
W_F_0036,37,15,1
W_F_0036,37,16,1
W_F_0036,37,17,1
W_F_0036,37,18,1
W_F_0036,37,19,1
W_F_0036,37,20,1
W_F_0036,37,21,1
W_F_0009,0,21,1
W_F_0009,0,22,1
W_F_0009,0,23,1
W_F_0009,0,24,1
W_F_0009,0,25,1
W_F_0009,0,26,1
W_F_0009,0,27,1
W_F_0009,0,28,1
W_F_0009,0,29,1
W_F_0009,0,30,1
W_F_0009,1,18,1
W_F_0009,1,19,1
W_F_0009,1,20,1
W_F_0009,1,21,0
W_F_0009,1,22,0
W_F_0009,1,23,0
W_F_0009,1,24,1
W_F_0009,1,25,0
W_F_0009,1,26,0
W_F_0009,1,27,0
W_F_0009,1,28,0
W_F_0009,1,29,0
W_F_0009,1,30,0
W_F_0009,1,31,1
W_F_0009,1,32,1
W_F_0009,1,33,1
W_F_0009,2,15,1
W_F_0009,2,16,1
W_F_0009,2,17,1
W_F_0009,2,18,0
W_F_0009,2,19,0
W_F_0009,2,20,0
W_F_0009,2,21,0
W_F_0009,2,22,0
W_F_0009,2,23,0
W_F_0009,2,24,0
W_F_0009,2,25,0
W_F_0009,2,26,0
W_F_0009,2,27,0
W_F_0009,2,28,1
W_F_0009,2,29,0
W_F_0009,2,30,0
W_F_0009,2,31,0
W_F_0009,2,32,0
W_F_0009,2,33,0
W_F_0009,2,34,1
W_F_0009,2,35,1
W_F_0009,2,36,1
W_F_0009,3,13,1
W_F_0009,3,14,1
W_F_0009,3,15,0
W_F_0009,3,16,0
W_F_0009,3,17,0
W_F_0009,3,18,0
W_F_0009,3,19,0
W_F_0009,3,20,0
W_F_0009,3,21,0
W_F_0009,3,22,0
W_F_0009,3,23,0
W_F_0009,3,24,0
W_F_0009,3,25,0
W_F_0009,3,26,0
W_F_0009,3,27,0
W_F_0009,3,28,0
W_F_0009,3,29,0
W_F_0009,3,30,0
W_F_0009,3,31,0
W_F_0009,3,32,0
W_F_0009,3,33,0
W_F_0009,3,34,0
W_F_0009,3,35,0
W_F_0009,3,36,0
W_F_0009,3,37,1
W_F_0009,4,12,1
W_F_0009,4,13,0
W_F_0009,4,14,0
W_F_0009,4,15,0
W_F_0009,4,16,0
W_F_0009,4,17,0
W_F_0009,4,18,0
W_F_0009,4,19,0
W_F_0009,4,20,0
W_F_0009,4,21,0
W_F_0009,4,22,0
W_F_0009,4,23,0
W_F_0009,4,24,0
W_F_0009,4,25,0
W_F_0009,4,26,0
W_F_0009,4,27,0
W_F_0009,4,28,0
W_F_0009,4,29,0
W_F_0009,4,30,1
W_F_0009,4,31,0
W_F_0009,4,32,0
W_F_0009,4,33,0
W_F_0009,4,34,0
W_F_0009,4,35,0
W_F_0009,4,36,0
W_F_0009,4,37,0
W_F_0009,4,38,1
W_F_0009,4,39,1
W_F_0009,5,11,1
W_F_0009,5,12,0
W_F_0009,5,13,0
W_F_0009,5,14,0
W_F_0009,5,15,0
W_F_0009,5,16,0
W_F_0009,5,17,0
W_F_0009,5,18,0
W_F_0009,5,19,0
W_F_0009,5,20,0
W_F_0009,5,21,0
W_F_0009,5,22,0
W_F_0009,5,23,0
W_F_0009,5,24,0
W_F_0009,5,25,0
W_F_0009,5,26,0
W_F_0009,5,27,0
W_F_0009,5,28,0
W_F_0009,5,29,0
W_F_0009,5,30,0
W_F_0009,5,31,0
W_F_0009,5,32,0
W_F_0009,5,33,0
W_F_0009,5,34,0
W_F_0009,5,35,0
W_F_0009,5,36,0
W_F_0009,5,37,0
W_F_0009,5,38,0
W_F_0009,5,39,0
W_F_0009,5,40,1
W_F_0009,6,10,1
W_F_0009,6,11,0
W_F_0009,6,12,0
W_F_0009,6,13,0
W_F_0009,6,14,0
W_F_0009,6,15,0
W_F_0009,6,16,0
W_F_0009,6,17,0
W_F_0009,6,18,0
W_F_0009,6,19,0
W_F_0009,6,20,1
W_F_0009,6,21,0
W_F_0009,6,22,0
W_F_0009,6,23,0
W_F_0009,6,24,0
W_F_0009,6,25,0
W_F_0009,6,26,0
W_F_0009,6,27,0
W_F_0009,6,28,0
W_F_0009,6,29,0
W_F_0009,6,30,0
W_F_0009,6,31,0
W_F_0009,6,32,0
W_F_0009,6,33,0
W_F_0009,6,34,0
W_F_0009,6,35,0
W_F_0009,6,36,0
W_F_0009,6,37,1
W_F_0009,6,38,0
W_F_0009,6,39,0
W_F_0009,6,40,0
W_F_0009,6,41,1
W_F_0009,7,9,1
W_F_0009,7,10,0
W_F_0009,7,11,0
W_F_0009,7,12,0
W_F_0009,7,13,0
W_F_0009,7,14,0
W_F_0009,7,15,0
W_F_0009,7,16,0
W_F_0009,7,17,0
W_F_0009,7,18,0
W_F_0009,7,19,0
W_F_0009,7,20,0
W_F_0009,7,21,0
W_F_0009,7,22,0
W_F_0009,7,23,0
W_F_0009,7,24,0
W_F_0009,7,25,0
W_F_0009,7,26,0
W_F_0009,7,27,0
W_F_0009,7,28,0
W_F_0009,7,29,1
W_F_0009,7,30,0
W_F_0009,7,31,0
W_F_0009,7,32,0
W_F_0009,7,33,0
W_F_0009,7,34,0
W_F_0009,7,35,0
W_F_0009,7,36,0
W_F_0009,7,37,0
W_F_0009,7,38,0
W_F_0009,7,39,0
W_F_0009,7,40,0
W_F_0009,7,41,0
W_F_0009,7,42,1
W_F_0009,8,8,1
W_F_0009,8,9,0
W_F_0009,8,10,0
W_F_0009,8,11,0
W_F_0009,8,12,0
W_F_0009,8,13,1
W_F_0009,8,14,0
W_F_0009,8,15,0
W_F_0009,8,16,0
W_F_0009,8,17,0
W_F_0009,8,18,0
W_F_0009,8,19,0
W_F_0009,8,20,0
W_F_0009,8,21,1
W_F_0009,8,22,1
W_F_0009,8,23,0
W_F_0009,8,24,0
W_F_0009,8,25,0
W_F_0009,8,26,0
W_F_0009,8,27,0
W_F_0009,8,28,0
W_F_0009,8,29,0
W_F_0009,8,30,0
W_F_0009,8,31,0
W_F_0009,8,32,0
W_F_0009,8,33,0
W_F_0009,8,34,0
W_F_0009,8,35,0
W_F_0009,8,36,0
W_F_0009,8,37,0
W_F_0009,8,38,0
W_F_0009,8,39,0
W_F_0009,8,40,0
W_F_0009,8,41,0
W_F_0009,8,42,0
W_F_0009,8,43,1
W_F_0009,9,7,1
W_F_0009,9,8,1
W_F_0009,9,9,0
W_F_0009,9,10,0
W_F_0009,9,11,0
W_F_0009,9,12,0
W_F_0009,9,13,0
W_F_0009,9,14,1
W_F_0009,9,15,0
W_F_0009,9,16,0
W_F_0009,9,17,0
W_F_0009,9,18,0
W_F_0009,9,19,0
W_F_0009,9,20,0
W_F_0009,9,21,1
W_F_0009,9,22,1
W_F_0009,9,23,1
W_F_0009,9,24,0
W_F_0009,9,25,0
W_F_0009,9,26,0
W_F_0009,9,27,0
W_F_0009,9,28,0
W_F_0009,9,29,0
W_F_0009,9,30,0
W_F_0009,9,31,0
W_F_0009,9,32,0
W_F_0009,9,33,0
W_F_0009,9,34,0
W_F_0009,9,35,0
W_F_0009,9,36,0
W_F_0009,9,37,0
W_F_0009,9,38,0
W_F_0009,9,39,1
W_F_0009,9,40,0
W_F_0009,9,41,0
W_F_0009,9,42,0
W_F_0009,9,43,0
W_F_0009,9,44,1
W_F_0009,10,6,1
W_F_0009,10,7,0
W_F_0009,10,8,0
W_F_0009,10,9,0
W_F_0009,10,10,0
W_F_0009,10,11,0
W_F_0009,10,12,0
W_F_0009,10,13,0
W_F_0009,10,14,0
W_F_0009,10,15,0
W_F_0009,10,16,0
W_F_0009,10,17,0
W_F_0009,10,18,0
W_F_0009,10,19,0
W_F_0009,10,20,0
W_F_0009,10,21,0
W_F_0009,10,22,0
W_F_0009,10,23,0
W_F_0009,10,24,1
W_F_0009,10,25,0
W_F_0009,10,26,0
W_F_0009,10,27,0
W_F_0009,10,28,0
W_F_0009,10,29,0
W_F_0009,10,30,0
W_F_0009,10,31,0
W_F_0009,10,32,0
W_F_0009,10,33,0
W_F_0009,10,34,0
W_F_0009,10,35,1
W_F_0009,10,36,0
W_F_0009,10,37,0
W_F_0009,10,38,0
W_F_0009,10,39,0
W_F_0009,10,40,0
W_F_0009,10,41,0
W_F_0009,10,42,0
W_F_0009,10,43,0
W_F_0009,10,44,1
W_F_0009,10,45,1
W_F_0009,11,5,1
W_F_0009,11,6,0
W_F_0009,11,7,0
W_F_0009,11,8,0
W_F_0009,11,9,0
W_F_0009,11,10,0
W_F_0009,11,11,1
W_F_0009,11,12,0
W_F_0009,11,13,0
W_F_0009,11,14,0
W_F_0009,11,15,0
W_F_0009,11,16,0
W_F_0009,11,17,0
W_F_0009,11,18,0
W_F_0009,11,19,0
W_F_0009,11,20,0
W_F_0009,11,21,0
W_F_0009,11,22,0
W_F_0009,11,23,0
W_F_0009,11,24,1
W_F_0009,11,25,0
W_F_0009,11,26,0
W_F_0009,11,27,0
W_F_0009,11,28,0
W_F_0009,11,29,0
W_F_0009,11,30,0
W_F_0009,11,31,0
W_F_0009,11,32,0
W_F_0009,11,33,0
W_F_0009,11,34,0
W_F_0009,11,35,0
W_F_0009,11,36,0
W_F_0009,11,37,0
W_F_0009,11,38,0
W_F_0009,11,39,0
W_F_0009,11,40,0
W_F_0009,11,41,0
W_F_0009,11,42,0
W_F_0009,11,43,0
W_F_0009,11,44,1
W_F_0009,11,45,1
W_F_0009,12,4,1
W_F_0009,12,5,0
W_F_0009,12,6,0
W_F_0009,12,7,0
W_F_0009,12,8,0
W_F_0009,12,9,0
W_F_0009,12,10,0
W_F_0009,12,11,0
W_F_0009,12,12,0
W_F_0009,12,13,0
W_F_0009,12,14,0
W_F_0009,12,15,0
W_F_0009,12,16,0
W_F_0009,12,17,0
W_F_0009,12,18,0
W_F_0009,12,19,0
W_F_0009,12,20,0
W_F_0009,12,21,0
W_F_0009,12,22,0
W_F_0009,12,23,0
W_F_0009,12,24,0
W_F_0009,12,25,0
W_F_0009,12,26,0
W_F_0009,12,27,0
W_F_0009,12,28,0
W_F_0009,12,29,0
W_F_0009,12,30,1
W_F_0009,12,31,0
W_F_0009,12,32,0
W_F_0009,12,33,0
W_F_0009,12,34,0
W_F_0009,12,35,0
W_F_0009,12,36,0
W_F_0009,12,37,0
W_F_0009,12,38,0
W_F_0009,12,39,0
W_F_0009,12,40,0
W_F_0009,12,41,0
W_F_0009,12,42,0
W_F_0009,12,43,0
W_F_0009,12,44,0
W_F_0009,12,45,1
W_F_0009,12,46,1
W_F_0009,13,4,1
W_F_0009,13,5,0
W_F_0009,13,6,1
W_F_0009,13,7,0
W_F_0009,13,8,0
W_F_0009,13,9,0
W_F_0009,13,10,0
W_F_0009,13,11,1
W_F_0009,13,12,0
W_F_0009,13,13,0
W_F_0009,13,14,0
W_F_0009,13,15,0
W_F_0009,13,16,0
W_F_0009,13,17,0
W_F_0009,13,18,0
W_F_0009,13,19,0
W_F_0009,13,20,0
W_F_0009,13,21,0
W_F_0009,13,22,0
W_F_0009,13,23,0
W_F_0009,13,24,0
W_F_0009,13,25,0
W_F_0009,13,26,0
W_F_0009,13,27,0
W_F_0009,13,28,0
W_F_0009,13,29,0
W_F_0009,13,30,0
W_F_0009,13,31,0
W_F_0009,13,32,0
W_F_0009,13,33,0
W_F_0009,13,34,1
W_F_0009,13,35,0
W_F_0009,13,36,0
W_F_0009,13,37,0
W_F_0009,13,38,0
W_F_0009,13,39,0
W_F_0009,13,40,0
W_F_0009,13,41,0
W_F_0009,13,42,0
W_F_0009,13,43,1
W_F_0009,13,44,0
W_F_0009,13,45,1
W_F_0009,13,46,1
W_F_0009,13,47,1
W_F_0009,14,3,1
W_F_0009,14,4,0
W_F_0009,14,5,0
W_F_0009,14,6,0
W_F_0009,14,7,0
W_F_0009,14,8,0
W_F_0009,14,9,0
W_F_0009,14,10,0
W_F_0009,14,11,1
W_F_0009,14,12,0
W_F_0009,14,13,0
W_F_0009,14,14,0
W_F_0009,14,15,0
W_F_0009,14,16,0
W_F_0009,14,17,0
W_F_0009,14,18,0
W_F_0009,14,19,0
W_F_0009,14,20,0
W_F_0009,14,21,0
W_F_0009,14,22,0
W_F_0009,14,23,0
W_F_0009,14,24,0
W_F_0009,14,25,0
W_F_0009,14,26,0
W_F_0009,14,27,0
W_F_0009,14,28,0
W_F_0009,14,29,0
W_F_0009,14,30,0
W_F_0009,14,31,0
W_F_0009,14,32,0
W_F_0009,14,33,0
W_F_0009,14,34,0
W_F_0009,14,35,0
W_F_0009,14,36,1
W_F_0009,14,37,0
W_F_0009,14,38,0
W_F_0009,14,39,0
W_F_0009,14,40,0
W_F_0009,14,41,0
W_F_0009,14,42,0
W_F_0009,14,43,0
W_F_0009,14,44,0
W_F_0009,14,45,0
W_F_0009,14,46,0
W_F_0009,14,47,0
W_F_0009,14,48,1
W_F_0009,15,3,1
W_F_0009,15,4,0
W_F_0009,15,5,0
W_F_0009,15,6,0
W_F_0009,15,7,0
W_F_0009,15,8,0
W_F_0009,15,9,0
W_F_0009,15,10,0
W_F_0009,15,11,0
W_F_0009,15,12,0
W_F_0009,15,13,0
W_F_0009,15,14,0
W_F_0009,15,15,1
W_F_0009,15,16,0
W_F_0009,15,17,0
W_F_0009,15,18,0
W_F_0009,15,19,0
W_F_0009,15,20,0
W_F_0009,15,21,1
W_F_0009,15,22,0
W_F_0009,15,23,0
W_F_0009,15,24,0
W_F_0009,15,25,0
W_F_0009,15,26,0
W_F_0009,15,27,0
W_F_0009,15,28,0
W_F_0009,15,29,0
W_F_0009,15,30,0
W_F_0009,15,31,0
W_F_0009,15,32,0
W_F_0009,15,33,0
W_F_0009,15,34,0
W_F_0009,15,35,0
W_F_0009,15,36,0
W_F_0009,15,37,0
W_F_0009,15,38,0
W_F_0009,15,39,0
W_F_0009,15,40,0
W_F_0009,15,41,0
W_F_0009,15,42,0
W_F_0009,15,43,1
W_F_0009,15,44,0
W_F_0009,15,45,0
W_F_0009,15,46,0
W_F_0009,15,47,0
W_F_0009,15,48,1
W_F_0009,16,2,1
W_F_0009,16,3,0
W_F_0009,16,4,0
W_F_0009,16,5,0
W_F_0009,16,6,0
W_F_0009,16,7,0
W_F_0009,16,8,0
W_F_0009,16,9,0
W_F_0009,16,10,0
W_F_0009,16,11,0
W_F_0009,16,12,0
W_F_0009,16,13,0
W_F_0009,16,14,0
W_F_0009,16,15,0
W_F_0009,16,16,0
W_F_0009,16,17,0
W_F_0009,16,18,0
W_F_0009,16,19,0
W_F_0009,16,20,0
W_F_0009,16,21,0
W_F_0009,16,22,0
W_F_0009,16,23,0
W_F_0009,16,24,0
W_F_0009,16,25,0
W_F_0009,16,26,0
W_F_0009,16,27,0
W_F_0009,16,28,0
W_F_0009,16,29,0
W_F_0009,16,30,0
W_F_0009,16,31,0
W_F_0009,16,32,0
W_F_0009,16,33,0
W_F_0009,16,34,0
W_F_0009,16,35,0
W_F_0009,16,36,0
W_F_0009,16,37,0
W_F_0009,16,38,0
W_F_0009,16,39,1
W_F_0009,16,40,0
W_F_0009,16,41,0
W_F_0009,16,42,0
W_F_0009,16,43,0
W_F_0009,16,44,0
W_F_0009,16,45,0
W_F_0009,16,46,0
W_F_0009,16,47,0
W_F_0009,16,48,0
W_F_0009,16,49,1
W_F_0009,17,2,1
W_F_0009,17,3,0
W_F_0009,17,4,0
W_F_0009,17,5,0
W_F_0009,17,6,0
W_F_0009,17,7,0
W_F_0009,17,8,0
W_F_0009,17,9,0
W_F_0009,17,10,0
W_F_0009,17,11,0
W_F_0009,17,12,0
W_F_0009,17,13,0
W_F_0009,17,14,0
W_F_0009,17,15,0
W_F_0009,17,16,0
W_F_0009,17,17,0
W_F_0009,17,18,0
W_F_0009,17,19,0
W_F_0009,17,20,0
W_F_0009,17,21,0
W_F_0009,17,22,0
W_F_0009,17,23,0
W_F_0009,17,24,0
W_F_0009,17,25,0
W_F_0009,17,26,0
W_F_0009,17,27,0
W_F_0009,17,28,0
W_F_0009,17,29,0
W_F_0009,17,30,0
W_F_0009,17,31,0
W_F_0009,17,32,0
W_F_0009,17,33,0
W_F_0009,17,34,0
W_F_0009,17,35,0
W_F_0009,17,36,1
W_F_0009,17,37,0
W_F_0009,17,38,0
W_F_0009,17,39,0
W_F_0009,17,40,0
W_F_0009,17,41,0
W_F_0009,17,42,0
W_F_0009,17,43,0
W_F_0009,17,44,0
W_F_0009,17,45,0
W_F_0009,17,46,0
W_F_0009,17,47,1
W_F_0009,17,48,0
W_F_0009,17,49,1
W_F_0009,18,2,1
W_F_0009,18,3,0
W_F_0009,18,4,0
W_F_0009,18,5,0
W_F_0009,18,6,1
W_F_0009,18,7,0
W_F_0009,18,8,0
W_F_0009,18,9,1
W_F_0009,18,10,0
W_F_0009,18,11,0
W_F_0009,18,12,0
W_F_0009,18,13,1
W_F_0009,18,14,0
W_F_0009,18,15,0
W_F_0009,18,16,0
W_F_0009,18,17,0
W_F_0009,18,18,0
W_F_0009,18,19,0
W_F_0009,18,20,0
W_F_0009,18,21,1
W_F_0009,18,22,0
W_F_0009,18,23,0
W_F_0009,18,24,0
W_F_0009,18,25,0
W_F_0009,18,26,0
W_F_0009,18,27,0
W_F_0009,18,28,0
W_F_0009,18,29,0
W_F_0009,18,30,0
W_F_0009,18,31,0
W_F_0009,18,32,0
W_F_0009,18,33,0
W_F_0009,18,34,0
W_F_0009,18,35,0
W_F_0009,18,36,0
W_F_0009,18,37,0
W_F_0009,18,38,0
W_F_0009,18,39,0
W_F_0009,18,40,0
W_F_0009,18,41,0
W_F_0009,18,42,0
W_F_0009,18,43,1
W_F_0009,18,44,0
W_F_0009,18,45,0
W_F_0009,18,46,0
W_F_0009,18,47,0
W_F_0009,18,48,0
W_F_0009,18,49,1
W_F_0009,19,1,1
W_F_0009,19,2,0
W_F_0009,19,3,0
W_F_0009,19,4,0
W_F_0009,19,5,0
W_F_0009,19,6,0
W_F_0009,19,7,0
W_F_0009,19,8,0
W_F_0009,19,9,0
W_F_0009,19,10,0
W_F_0009,19,11,1
W_F_0009,19,12,0
W_F_0009,19,13,0
W_F_0009,19,14,0
W_F_0009,19,15,0
W_F_0009,19,16,0
W_F_0009,19,17,0
W_F_0009,19,18,0
W_F_0009,19,19,1
W_F_0009,19,20,0
W_F_0009,19,21,0
W_F_0009,19,22,0
W_F_0009,19,23,0
W_F_0009,19,24,0
W_F_0009,19,25,0
W_F_0009,19,26,0
W_F_0009,19,27,0
W_F_0009,19,28,1
W_F_0009,19,29,0
W_F_0009,19,30,0
W_F_0009,19,31,0
W_F_0009,19,32,0
W_F_0009,19,33,0
W_F_0009,19,34,0
W_F_0009,19,35,0
W_F_0009,19,36,0
W_F_0009,19,37,0
W_F_0009,19,38,0
W_F_0009,19,39,0
W_F_0009,19,40,1
W_F_0009,19,41,0
W_F_0009,19,42,0
W_F_0009,19,43,0
W_F_0009,19,44,0
W_F_0009,19,45,0
W_F_0009,19,46,0
W_F_0009,19,47,0
W_F_0009,19,48,0
W_F_0009,19,49,0
W_F_0009,19,50,1
W_F_0009,20,1,1
W_F_0009,20,2,1
W_F_0009,20,3,0
W_F_0009,20,4,0
W_F_0009,20,5,0
W_F_0009,20,6,0
W_F_0009,20,7,0
W_F_0009,20,8,0
W_F_0009,20,9,0
W_F_0009,20,10,0
W_F_0009,20,11,1
W_F_0009,20,12,0
W_F_0009,20,13,0
W_F_0009,20,14,0
W_F_0009,20,15,0
W_F_0009,20,16,0
W_F_0009,20,17,0
W_F_0009,20,18,0
W_F_0009,20,19,0
W_F_0009,20,20,0
W_F_0009,20,21,0
W_F_0009,20,22,0
W_F_0009,20,23,0
W_F_0009,20,24,0
W_F_0009,20,25,0
W_F_0009,20,26,1
W_F_0009,20,27,0
W_F_0009,20,28,0
W_F_0009,20,29,0
W_F_0009,20,30,0
W_F_0009,20,31,0
W_F_0009,20,32,0
W_F_0009,20,33,0
W_F_0009,20,34,0
W_F_0009,20,35,0
W_F_0009,20,36,0
W_F_0009,20,37,0
W_F_0009,20,38,1
W_F_0009,20,39,0
W_F_0009,20,40,0
W_F_0009,20,41,0
W_F_0009,20,42,0
W_F_0009,20,43,0
W_F_0009,20,44,0
W_F_0009,20,45,0
W_F_0009,20,46,0
W_F_0009,20,47,0
W_F_0009,20,48,1
W_F_0009,20,49,0
W_F_0009,20,50,1
W_F_0009,21,1,1
W_F_0009,21,2,0
W_F_0009,21,3,0
W_F_0009,21,4,0
W_F_0009,21,5,0
W_F_0009,21,6,0
W_F_0009,21,7,0
W_F_0009,21,8,0
W_F_0009,21,9,0
W_F_0009,21,10,0
W_F_0009,21,11,0
W_F_0009,21,12,0
W_F_0009,21,13,0
W_F_0009,21,14,0
W_F_0009,21,15,1
W_F_0009,21,16,0
W_F_0009,21,17,0
W_F_0009,21,18,0
W_F_0009,21,19,0
W_F_0009,21,20,0
W_F_0009,21,21,0
W_F_0009,21,22,0
W_F_0009,21,23,0
W_F_0009,21,24,0
W_F_0009,21,25,0
W_F_0009,21,26,0
W_F_0009,21,27,0
W_F_0009,21,28,0
W_F_0009,21,29,0
W_F_0009,21,30,0
W_F_0009,21,31,0
W_F_0009,21,32,0
W_F_0009,21,33,1
W_F_0009,21,34,0
W_F_0009,21,35,0
W_F_0009,21,36,0
W_F_0009,21,37,0
W_F_0009,21,38,0
W_F_0009,21,39,0
W_F_0009,21,40,0
W_F_0009,21,41,0
W_F_0009,21,42,0
W_F_0009,21,43,0
W_F_0009,21,44,0
W_F_0009,21,45,0
W_F_0009,21,46,0
W_F_0009,21,47,0
W_F_0009,21,48,0
W_F_0009,21,49,0
W_F_0009,21,50,1
W_F_0009,22,1,1
W_F_0009,22,2,0
W_F_0009,22,3,0
W_F_0009,22,4,0
W_F_0009,22,5,0
W_F_0009,22,6,0
W_F_0009,22,7,0
W_F_0009,22,8,0
W_F_0009,22,9,0
W_F_0009,22,10,0
W_F_0009,22,11,0
W_F_0009,22,12,0
W_F_0009,22,13,0
W_F_0009,22,14,0
W_F_0009,22,15,0
W_F_0009,22,16,0
W_F_0009,22,17,0
W_F_0009,22,18,0
W_F_0009,22,19,0
W_F_0009,22,20,0
W_F_0009,22,21,0
W_F_0009,22,22,0
W_F_0009,22,23,0
W_F_0009,22,24,0
W_F_0009,22,25,0
W_F_0009,22,26,0
W_F_0009,22,27,0
W_F_0009,22,28,0
W_F_0009,22,29,0
W_F_0009,22,30,0
W_F_0009,22,31,0
W_F_0009,22,32,0
W_F_0009,22,33,0
W_F_0009,22,34,0
W_F_0009,22,35,0
W_F_0009,22,36,0
W_F_0009,22,37,0
W_F_0009,22,38,0
W_F_0009,22,39,0
W_F_0009,22,40,1
W_F_0009,22,41,0
W_F_0009,22,42,0
W_F_0009,22,43,0
W_F_0009,22,44,0
W_F_0009,22,45,0
W_F_0009,22,46,0
W_F_0009,22,47,0
W_F_0009,22,48,0
W_F_0009,22,49,0
W_F_0009,22,50,1
W_F_0009,23,0,1
W_F_0009,23,1,0
W_F_0009,23,2,0
W_F_0009,23,3,0
W_F_0009,23,4,0
W_F_0009,23,5,0
W_F_0009,23,6,0
W_F_0009,23,7,0
W_F_0009,23,8,0
W_F_0009,23,9,0
W_F_0009,23,10,0
W_F_0009,23,11,0
W_F_0009,23,12,0
W_F_0009,23,13,0
W_F_0009,23,14,0
W_F_0009,23,15,0
W_F_0009,23,16,0
W_F_0009,23,17,0
W_F_0009,23,18,0
W_F_0009,23,19,0
W_F_0009,23,20,1
W_F_0009,23,21,0
W_F_0009,23,22,1
W_F_0009,23,23,0
W_F_0009,23,24,0
W_F_0009,23,25,0
W_F_0009,23,26,0
W_F_0009,23,27,0
W_F_0009,23,28,0
W_F_0009,23,29,0
W_F_0009,23,30,0
W_F_0009,23,31,0
W_F_0009,23,32,0
W_F_0009,23,33,0
W_F_0009,23,34,0
W_F_0009,23,35,0
W_F_0009,23,36,0
W_F_0009,23,37,0
W_F_0009,23,38,0
W_F_0009,23,39,0
W_F_0009,23,40,1
W_F_0009,23,41,0
W_F_0009,23,42,0
W_F_0009,23,43,0
W_F_0009,23,44,0
W_F_0009,23,45,0
W_F_0009,23,46,0
W_F_0009,23,47,0
W_F_0009,23,48,0
W_F_0009,23,49,0
W_F_0009,23,50,1
W_F_0009,24,0,1
W_F_0009,24,1,0
W_F_0009,24,2,0
W_F_0009,24,3,0
W_F_0009,24,4,0
W_F_0009,24,5,0
W_F_0009,24,6,1
W_F_0009,24,7,0
W_F_0009,24,8,0
W_F_0009,24,9,0
W_F_0009,24,10,0
W_F_0009,24,11,1
W_F_0009,24,12,0
W_F_0009,24,13,0
W_F_0009,24,14,0
W_F_0009,24,15,0
W_F_0009,24,16,0
W_F_0009,24,17,0
W_F_0009,24,18,0
W_F_0009,24,19,0
W_F_0009,24,20,0
W_F_0009,24,21,0
W_F_0009,24,22,0
W_F_0009,24,23,0
W_F_0009,24,24,0
W_F_0009,24,25,0
W_F_0009,24,26,0
W_F_0009,24,27,0
W_F_0009,24,28,1
W_F_0009,24,29,0
W_F_0009,24,30,0
W_F_0009,24,31,0
W_F_0009,24,32,0
W_F_0009,24,33,0
W_F_0009,24,34,0
W_F_0009,24,35,0
W_F_0009,24,36,0
W_F_0009,24,37,0
W_F_0009,24,38,0
W_F_0009,24,39,0
W_F_0009,24,40,1
W_F_0009,24,41,0
W_F_0009,24,42,0
W_F_0009,24,43,0
W_F_0009,24,44,0
W_F_0009,24,45,0
W_F_0009,24,46,0
W_F_0009,24,47,0
W_F_0009,24,48,0
W_F_0009,24,49,0
W_F_0009,24,50,0
W_F_0009,24,51,1
W_F_0009,25,0,1
W_F_0009,25,1,0
W_F_0009,25,2,0
W_F_0009,25,3,0
W_F_0009,25,4,0
W_F_0009,25,5,0
W_F_0009,25,6,0
W_F_0009,25,7,0
W_F_0009,25,8,0
W_F_0009,25,9,0
W_F_0009,25,10,0
W_F_0009,25,11,0
W_F_0009,25,12,0
W_F_0009,25,13,0
W_F_0009,25,14,0
W_F_0009,25,15,0
W_F_0009,25,16,1
W_F_0009,25,17,0
W_F_0009,25,18,1
W_F_0009,25,19,0
W_F_0009,25,20,0
W_F_0009,25,21,0
W_F_0009,25,22,0
W_F_0009,25,23,0
W_F_0009,25,24,0
W_F_0009,25,25,0
W_F_0009,25,26,0
W_F_0009,25,27,0
W_F_0009,25,28,0
W_F_0009,25,29,0
W_F_0009,25,30,0
W_F_0009,25,31,0
W_F_0009,25,32,0
W_F_0009,25,33,0
W_F_0009,25,34,0
W_F_0009,25,35,0
W_F_0009,25,36,0
W_F_0009,25,37,0
W_F_0009,25,38,0
W_F_0009,25,39,0
W_F_0009,25,40,0
W_F_0009,25,41,0
W_F_0009,25,42,0
W_F_0009,25,43,0
W_F_0009,25,44,0
W_F_0009,25,45,0
W_F_0009,25,46,0
W_F_0009,25,47,0
W_F_0009,25,48,0
W_F_0009,25,49,0
W_F_0009,25,50,1
W_F_0009,25,51,1
W_F_0009,26,0,1
W_F_0009,26,1,0
W_F_0009,26,2,0
W_F_0009,26,3,0
W_F_0009,26,4,0
W_F_0009,26,5,0
W_F_0009,26,6,0
W_F_0009,26,7,0
W_F_0009,26,8,0
W_F_0009,26,9,0
W_F_0009,26,10,0
W_F_0009,26,11,0
W_F_0009,26,12,0
W_F_0009,26,13,0
W_F_0009,26,14,0
W_F_0009,26,15,0
W_F_0009,26,16,0
W_F_0009,26,17,0
W_F_0009,26,18,1
W_F_0009,26,19,1
W_F_0009,26,20,0
W_F_0009,26,21,0
W_F_0009,26,22,0
W_F_0009,26,23,0
W_F_0009,26,24,0
W_F_0009,26,25,0
W_F_0009,26,26,0
W_F_0009,26,27,0
W_F_0009,26,28,0
W_F_0009,26,29,0
W_F_0009,26,30,0
W_F_0009,26,31,0
W_F_0009,26,32,0
W_F_0009,26,33,0
W_F_0009,26,34,0
W_F_0009,26,35,0
W_F_0009,26,36,0
W_F_0009,26,37,0
W_F_0009,26,38,0
W_F_0009,26,39,0
W_F_0009,26,40,0
W_F_0009,26,41,0
W_F_0009,26,42,0
W_F_0009,26,43,0
W_F_0009,26,44,0
W_F_0009,26,45,0
W_F_0009,26,46,0
W_F_0009,26,47,0
W_F_0009,26,48,0
W_F_0009,26,49,1
W_F_0009,26,50,1
W_F_0009,26,51,1
W_F_0009,27,0,1
W_F_0009,27,1,0
W_F_0009,27,2,0
W_F_0009,27,3,0
W_F_0009,27,4,0
W_F_0009,27,5,0
W_F_0009,27,6,0
W_F_0009,27,7,0
W_F_0009,27,8,0
W_F_0009,27,9,0
W_F_0009,27,10,0
W_F_0009,27,11,0
W_F_0009,27,12,0
W_F_0009,27,13,0
W_F_0009,27,14,0
W_F_0009,27,15,1
W_F_0009,27,16,0
W_F_0009,27,17,0
W_F_0009,27,18,0
W_F_0009,27,19,0
W_F_0009,27,20,0
W_F_0009,27,21,0
W_F_0009,27,22,0
W_F_0009,27,23,0
W_F_0009,27,24,0
W_F_0009,27,25,0
W_F_0009,27,26,1
W_F_0009,27,27,0
W_F_0009,27,28,0
W_F_0009,27,29,0
W_F_0009,27,30,0
W_F_0009,27,31,0
W_F_0009,27,32,0
W_F_0009,27,33,1
W_F_0009,27,34,0
W_F_0009,27,35,0
W_F_0009,27,36,0
W_F_0009,27,37,0
W_F_0009,27,38,0
W_F_0009,27,39,0
W_F_0009,27,40,0
W_F_0009,27,41,0
W_F_0009,27,42,0
W_F_0009,27,43,1
W_F_0009,27,44,0
W_F_0009,27,45,0
W_F_0009,27,46,0
W_F_0009,27,47,0
W_F_0009,27,48,0
W_F_0009,27,49,1
W_F_0009,27,50,0
W_F_0009,27,51,1
W_F_0009,28,0,1
W_F_0009,28,1,0
W_F_0009,28,2,1
W_F_0009,28,3,0
W_F_0009,28,4,0
W_F_0009,28,5,0
W_F_0009,28,6,0
W_F_0009,28,7,0
W_F_0009,28,8,0
W_F_0009,28,9,0
W_F_0009,28,10,0
W_F_0009,28,11,0
W_F_0009,28,12,0
W_F_0009,28,13,0
W_F_0009,28,14,0
W_F_0009,28,15,0
W_F_0009,28,16,0
W_F_0009,28,17,1
W_F_0009,28,18,0
W_F_0009,28,19,0
W_F_0009,28,20,0
W_F_0009,28,21,1
W_F_0009,28,22,0
W_F_0009,28,23,0
W_F_0009,28,24,0
W_F_0009,28,25,0
W_F_0009,28,26,0
W_F_0009,28,27,0
W_F_0009,28,28,1
W_F_0009,28,29,0
W_F_0009,28,30,0
W_F_0009,28,31,0
W_F_0009,28,32,1
W_F_0009,28,33,0
W_F_0009,28,34,0
W_F_0009,28,35,1
W_F_0009,28,36,0
W_F_0009,28,37,0
W_F_0009,28,38,0
W_F_0009,28,39,0
W_F_0009,28,40,0
W_F_0009,28,41,0
W_F_0009,28,42,0
W_F_0009,28,43,0
W_F_0009,28,44,0
W_F_0009,28,45,0
W_F_0009,28,46,0
W_F_0009,28,47,0
W_F_0009,28,48,0
W_F_0009,28,49,0
W_F_0009,28,50,0
W_F_0009,28,51,1
W_F_0009,29,0,1
W_F_0009,29,1,0
W_F_0009,29,2,0
W_F_0009,29,3,0
W_F_0009,29,4,0
W_F_0009,29,5,0
W_F_0009,29,6,0
W_F_0009,29,7,0
W_F_0009,29,8,0
W_F_0009,29,9,0
W_F_0009,29,10,0
W_F_0009,29,11,0
W_F_0009,29,12,0
W_F_0009,29,13,0
W_F_0009,29,14,0
W_F_0009,29,15,0
W_F_0009,29,16,0
W_F_0009,29,17,1
W_F_0009,29,18,0
W_F_0009,29,19,0
W_F_0009,29,20,1
W_F_0009,29,21,0
W_F_0009,29,22,0
W_F_0009,29,23,0
W_F_0009,29,24,0
W_F_0009,29,25,0
W_F_0009,29,26,0
W_F_0009,29,27,0
W_F_0009,29,28,0
W_F_0009,29,29,0
W_F_0009,29,30,0
W_F_0009,29,31,0
W_F_0009,29,32,0
W_F_0009,29,33,0
W_F_0009,29,34,0
W_F_0009,29,35,1
W_F_0009,29,36,0
W_F_0009,29,37,0
W_F_0009,29,38,0
W_F_0009,29,39,0
W_F_0009,29,40,0
W_F_0009,29,41,1
W_F_0009,29,42,0
W_F_0009,29,43,0
W_F_0009,29,44,0
W_F_0009,29,45,0
W_F_0009,29,46,0
W_F_0009,29,47,0
W_F_0009,29,48,0
W_F_0009,29,49,0
W_F_0009,29,50,1
W_F_0009,30,0,1
W_F_0009,30,1,0
W_F_0009,30,2,0
W_F_0009,30,3,0
W_F_0009,30,4,0
W_F_0009,30,5,1
W_F_0009,30,6,0
W_F_0009,30,7,0
W_F_0009,30,8,0
W_F_0009,30,9,0
W_F_0009,30,10,0
W_F_0009,30,11,0
W_F_0009,30,12,0
W_F_0009,30,13,0
W_F_0009,30,14,0
W_F_0009,30,15,0
W_F_0009,30,16,0
W_F_0009,30,17,0
W_F_0009,30,18,0
W_F_0009,30,19,0
W_F_0009,30,20,0
W_F_0009,30,21,0
W_F_0009,30,22,0
W_F_0009,30,23,1
W_F_0009,30,24,0
W_F_0009,30,25,1
W_F_0009,30,26,0
W_F_0009,30,27,0
W_F_0009,30,28,0
W_F_0009,30,29,0
W_F_0009,30,30,0
W_F_0009,30,31,0
W_F_0009,30,32,0
W_F_0009,30,33,0
W_F_0009,30,34,0
W_F_0009,30,35,0
W_F_0009,30,36,0
W_F_0009,30,37,0
W_F_0009,30,38,0
W_F_0009,30,39,0
W_F_0009,30,40,0
W_F_0009,30,41,0
W_F_0009,30,42,0
W_F_0009,30,43,0
W_F_0009,30,44,0
W_F_0009,30,45,0
W_F_0009,30,46,0
W_F_0009,30,47,0
W_F_0009,30,48,0
W_F_0009,30,49,1
W_F_0009,30,50,1
W_F_0009,31,1,1
W_F_0009,31,2,0
W_F_0009,31,3,0
W_F_0009,31,4,0
W_F_0009,31,5,0
W_F_0009,31,6,0
W_F_0009,31,7,0
W_F_0009,31,8,0
W_F_0009,31,9,0
W_F_0009,31,10,0
W_F_0009,31,11,0
W_F_0009,31,12,0
W_F_0009,31,13,0
W_F_0009,31,14,0
W_F_0009,31,15,0
W_F_0009,31,16,0
W_F_0009,31,17,0
W_F_0009,31,18,0
W_F_0009,31,19,0
W_F_0009,31,20,0
W_F_0009,31,21,0
W_F_0009,31,22,1
W_F_0009,31,23,0
W_F_0009,31,24,0
W_F_0009,31,25,0
W_F_0009,31,26,0
W_F_0009,31,27,1
W_F_0009,31,28,0
W_F_0009,31,29,0
W_F_0009,31,30,0
W_F_0009,31,31,0
W_F_0009,31,32,0
W_F_0009,31,33,0
W_F_0009,31,34,0
W_F_0009,31,35,0
W_F_0009,31,36,0
W_F_0009,31,37,0
W_F_0009,31,38,0
W_F_0009,31,39,0
W_F_0009,31,40,0
W_F_0009,31,41,0
W_F_0009,31,42,0
W_F_0009,31,43,0
W_F_0009,31,44,0
W_F_0009,31,45,0
W_F_0009,31,46,0
W_F_0009,31,47,0
W_F_0009,31,48,0
W_F_0009,31,49,0
W_F_0009,31,50,1
W_F_0009,32,1,1
W_F_0009,32,2,0
W_F_0009,32,3,0
W_F_0009,32,4,0
W_F_0009,32,5,0
W_F_0009,32,6,0
W_F_0009,32,7,0
W_F_0009,32,8,0
W_F_0009,32,9,0
W_F_0009,32,10,0
W_F_0009,32,11,0
W_F_0009,32,12,0
W_F_0009,32,13,0
W_F_0009,32,14,0
W_F_0009,32,15,0
W_F_0009,32,16,0
W_F_0009,32,17,0
W_F_0009,32,18,0
W_F_0009,32,19,0
W_F_0009,32,20,0
W_F_0009,32,21,0
W_F_0009,32,22,0
W_F_0009,32,23,0
W_F_0009,32,24,0
W_F_0009,32,25,0
W_F_0009,32,26,0
W_F_0009,32,27,0
W_F_0009,32,28,0
W_F_0009,32,29,0
W_F_0009,32,30,0
W_F_0009,32,31,0
W_F_0009,32,32,1
W_F_0009,32,33,0
W_F_0009,32,34,0
W_F_0009,32,35,0
W_F_0009,32,36,0
W_F_0009,32,37,0
W_F_0009,32,38,0
W_F_0009,32,39,0
W_F_0009,32,40,0
W_F_0009,32,41,0
W_F_0009,32,42,1
W_F_0009,32,43,0
W_F_0009,32,44,0
W_F_0009,32,45,1
W_F_0009,32,46,0
W_F_0009,32,47,0
W_F_0009,32,48,0
W_F_0009,32,49,0
W_F_0009,32,50,1
W_F_0009,33,1,1
W_F_0009,33,2,0
W_F_0009,33,3,0
W_F_0009,33,4,0
W_F_0009,33,5,0
W_F_0009,33,6,1
W_F_0009,33,7,0
W_F_0009,33,8,0
W_F_0009,33,9,0
W_F_0009,33,10,0
W_F_0009,33,11,0
W_F_0009,33,12,0
W_F_0009,33,13,0
W_F_0009,33,14,1
W_F_0009,33,15,0
W_F_0009,33,16,0
W_F_0009,33,17,0
W_F_0009,33,18,0
W_F_0009,33,19,0
W_F_0009,33,20,1
W_F_0009,33,21,0
W_F_0009,33,22,0
W_F_0009,33,23,0
W_F_0009,33,24,0
W_F_0009,33,25,0
W_F_0009,33,26,0
W_F_0009,33,27,1
W_F_0009,33,28,0
W_F_0009,33,29,0
W_F_0009,33,30,0
W_F_0009,33,31,0
W_F_0009,33,32,0
W_F_0009,33,33,0
W_F_0009,33,34,0
W_F_0009,33,35,0
W_F_0009,33,36,0
W_F_0009,33,37,0
W_F_0009,33,38,0
W_F_0009,33,39,0
W_F_0009,33,40,0
W_F_0009,33,41,0
W_F_0009,33,42,0
W_F_0009,33,43,0
W_F_0009,33,44,0
W_F_0009,33,45,0
W_F_0009,33,46,0
W_F_0009,33,47,0
W_F_0009,33,48,0
W_F_0009,33,49,0
W_F_0009,33,50,1
W_F_0009,34,1,1
W_F_0009,34,2,0
W_F_0009,34,3,0
W_F_0009,34,4,0
W_F_0009,34,5,0
W_F_0009,34,6,0
W_F_0009,34,7,0
W_F_0009,34,8,0
W_F_0009,34,9,0
W_F_0009,34,10,0
W_F_0009,34,11,1
W_F_0009,34,12,1
W_F_0009,34,13,0
W_F_0009,34,14,0
W_F_0009,34,15,0
W_F_0009,34,16,0
W_F_0009,34,17,0
W_F_0009,34,18,0
W_F_0009,34,19,0
W_F_0009,34,20,0
W_F_0009,34,21,0
W_F_0009,34,22,0
W_F_0009,34,23,0
W_F_0009,34,24,0
W_F_0009,34,25,0
W_F_0009,34,26,0
W_F_0009,34,27,0
W_F_0009,34,28,1
W_F_0009,34,29,0
W_F_0009,34,30,0
W_F_0009,34,31,0
W_F_0009,34,32,0
W_F_0009,34,33,0
W_F_0009,34,34,0
W_F_0009,34,35,0
W_F_0009,34,36,0
W_F_0009,34,37,0
W_F_0009,34,38,0
W_F_0009,34,39,0
W_F_0009,34,40,1
W_F_0009,34,41,0
W_F_0009,34,42,0
W_F_0009,34,43,0
W_F_0009,34,44,0
W_F_0009,34,45,0
W_F_0009,34,46,0
W_F_0009,34,47,0
W_F_0009,34,48,0
W_F_0009,34,49,1
W_F_0009,35,2,1
W_F_0009,35,3,1
W_F_0009,35,4,0
W_F_0009,35,5,0
W_F_0009,35,6,0
W_F_0009,35,7,0
W_F_0009,35,8,0
W_F_0009,35,9,0
W_F_0009,35,10,0
W_F_0009,35,11,0
W_F_0009,35,12,0
W_F_0009,35,13,0
W_F_0009,35,14,0
W_F_0009,35,15,0
W_F_0009,35,16,0
W_F_0009,35,17,0
W_F_0009,35,18,0
W_F_0009,35,19,0
W_F_0009,35,20,0
W_F_0009,35,21,0
W_F_0009,35,22,0
W_F_0009,35,23,0
W_F_0009,35,24,0
W_F_0009,35,25,1
W_F_0009,35,26,1
W_F_0009,35,27,0
W_F_0009,35,28,0
W_F_0009,35,29,0
W_F_0009,35,30,0
W_F_0009,35,31,0
W_F_0009,35,32,0
W_F_0009,35,33,0
W_F_0009,35,34,0
W_F_0009,35,35,1
W_F_0009,35,36,0
W_F_0009,35,37,0
W_F_0009,35,38,0
W_F_0009,35,39,0
W_F_0009,35,40,0
W_F_0009,35,41,0
W_F_0009,35,42,0
W_F_0009,35,43,0
W_F_0009,35,44,0
W_F_0009,35,45,0
W_F_0009,35,46,0
W_F_0009,35,47,0
W_F_0009,35,48,0
W_F_0009,35,49,1
W_F_0009,36,2,1
W_F_0009,36,3,0
W_F_0009,36,4,1
W_F_0009,36,5,0
W_F_0009,36,6,0
W_F_0009,36,7,0
W_F_0009,36,8,0
W_F_0009,36,9,0
W_F_0009,36,10,0
W_F_0009,36,11,0
W_F_0009,36,12,0
W_F_0009,36,13,0
W_F_0009,36,14,0
W_F_0009,36,15,0
W_F_0009,36,16,0
W_F_0009,36,17,0
W_F_0009,36,18,0
W_F_0009,36,19,0
W_F_0009,36,20,0
W_F_0009,36,21,0
W_F_0009,36,22,0
W_F_0009,36,23,0
W_F_0009,36,24,0
W_F_0009,36,25,0
W_F_0009,36,26,0
W_F_0009,36,27,0
W_F_0009,36,28,0
W_F_0009,36,29,0
W_F_0009,36,30,0
W_F_0009,36,31,0
W_F_0009,36,32,0
W_F_0009,36,33,0
W_F_0009,36,34,0
W_F_0009,36,35,0
W_F_0009,36,36,1
W_F_0009,36,37,0
W_F_0009,36,38,1
W_F_0009,36,39,0
W_F_0009,36,40,0
W_F_0009,36,41,1
W_F_0009,36,42,0
W_F_0009,36,43,0
W_F_0009,36,44,0
W_F_0009,36,45,0
W_F_0009,36,46,0
W_F_0009,36,47,0
W_F_0009,36,48,0
W_F_0009,36,49,1
W_F_0009,37,3,1
W_F_0009,37,4,0
W_F_0009,37,5,0
W_F_0009,37,6,0
W_F_0009,37,7,0
W_F_0009,37,8,0
W_F_0009,37,9,0
W_F_0009,37,10,0
W_F_0009,37,11,0
W_F_0009,37,12,0
W_F_0009,37,13,0
W_F_0009,37,14,0
W_F_0009,37,15,0
W_F_0009,37,16,0
W_F_0009,37,17,0
W_F_0009,37,18,0
W_F_0009,37,19,0
W_F_0009,37,20,0
W_F_0009,37,21,0
W_F_0009,37,22,0
W_F_0009,37,23,0
W_F_0009,37,24,0
W_F_0009,37,25,0
W_F_0009,37,26,0
W_F_0009,37,27,0
W_F_0009,37,28,0
W_F_0009,37,29,0
W_F_0009,37,30,0
W_F_0009,37,31,0
W_F_0009,37,32,0
W_F_0009,37,33,0
W_F_0009,37,34,0
W_F_0009,37,35,0
W_F_0009,37,36,0
W_F_0009,37,37,0
W_F_0009,37,38,0
W_F_0009,37,39,0
W_F_0009,37,40,0
W_F_0009,37,41,0
W_F_0009,37,42,0
W_F_0009,37,43,0
W_F_0009,37,44,0
W_F_0009,37,45,0
W_F_0009,37,46,0
W_F_0009,37,47,0
W_F_0009,37,48,1
W_F_0009,38,3,1
W_F_0009,38,4,0
W_F_0009,38,5,0
W_F_0009,38,6,0
W_F_0009,38,7,0
W_F_0009,38,8,0
W_F_0009,38,9,0
W_F_0009,38,10,1
W_F_0009,38,11,0
W_F_0009,38,12,0
W_F_0009,38,13,0
W_F_0009,38,14,0
W_F_0009,38,15,0
W_F_0009,38,16,0
W_F_0009,38,17,1
W_F_0009,38,18,0
W_F_0009,38,19,0
W_F_0009,38,20,0
W_F_0009,38,21,0
W_F_0009,38,22,0
W_F_0009,38,23,0
W_F_0009,38,24,0
W_F_0009,38,25,0
W_F_0009,38,26,0
W_F_0009,38,27,0
W_F_0009,38,28,0
W_F_0009,38,29,0
W_F_0009,38,30,0
W_F_0009,38,31,0
W_F_0009,38,32,0
W_F_0009,38,33,0
W_F_0009,38,34,0
W_F_0009,38,35,0
W_F_0009,38,36,0
W_F_0009,38,37,0
W_F_0009,38,38,0
W_F_0009,38,39,0
W_F_0009,38,40,0
W_F_0009,38,41,0
W_F_0009,38,42,0
W_F_0009,38,43,0
W_F_0009,38,44,0
W_F_0009,38,45,0
W_F_0009,38,46,0
W_F_0009,38,47,0
W_F_0009,38,48,1
W_F_0009,39,4,1
W_F_0009,39,5,1
W_F_0009,39,6,0
W_F_0009,39,7,0
W_F_0009,39,8,0
W_F_0009,39,9,0
W_F_0009,39,10,0
W_F_0009,39,11,0
W_F_0009,39,12,0
W_F_0009,39,13,0
W_F_0009,39,14,0
W_F_0009,39,15,1
W_F_0009,39,16,0
W_F_0009,39,17,1
W_F_0009,39,18,0
W_F_0009,39,19,0
W_F_0009,39,20,0
W_F_0009,39,21,0
W_F_0009,39,22,0
W_F_0009,39,23,0
W_F_0009,39,24,0
W_F_0009,39,25,0
W_F_0009,39,26,0
W_F_0009,39,27,0
W_F_0009,39,28,1
W_F_0009,39,29,0
W_F_0009,39,30,0
W_F_0009,39,31,0
W_F_0009,39,32,0
W_F_0009,39,33,0
W_F_0009,39,34,0
W_F_0009,39,35,0
W_F_0009,39,36,0
W_F_0009,39,37,0
W_F_0009,39,38,0
W_F_0009,39,39,0
W_F_0009,39,40,0
W_F_0009,39,41,1
W_F_0009,39,42,0
W_F_0009,39,43,0
W_F_0009,39,44,0
W_F_0009,39,45,0
W_F_0009,39,46,0
W_F_0009,39,47,1
W_F_0009,40,4,1
W_F_0009,40,5,1
W_F_0009,40,6,1
W_F_0009,40,7,0
W_F_0009,40,8,0
W_F_0009,40,9,1
W_F_0009,40,10,0
W_F_0009,40,11,0
W_F_0009,40,12,0
W_F_0009,40,13,0
W_F_0009,40,14,0
W_F_0009,40,15,0
W_F_0009,40,16,0
W_F_0009,40,17,0
W_F_0009,40,18,0
W_F_0009,40,19,0
W_F_0009,40,20,0
W_F_0009,40,21,0
W_F_0009,40,22,0
W_F_0009,40,23,0
W_F_0009,40,24,0
W_F_0009,40,25,0
W_F_0009,40,26,0
W_F_0009,40,27,0
W_F_0009,40,28,0
W_F_0009,40,29,0
W_F_0009,40,30,0
W_F_0009,40,31,0
W_F_0009,40,32,0
W_F_0009,40,33,0
W_F_0009,40,34,0
W_F_0009,40,35,0
W_F_0009,40,36,0
W_F_0009,40,37,0
W_F_0009,40,38,0
W_F_0009,40,39,0
W_F_0009,40,40,0
W_F_0009,40,41,0
W_F_0009,40,42,0
W_F_0009,40,43,0
W_F_0009,40,44,0
W_F_0009,40,45,0
W_F_0009,40,46,0
W_F_0009,40,47,1
W_F_0009,41,5,1
W_F_0009,41,6,1
W_F_0009,41,7,1
W_F_0009,41,8,0
W_F_0009,41,9,0
W_F_0009,41,10,0
W_F_0009,41,11,0
W_F_0009,41,12,0
W_F_0009,41,13,0
W_F_0009,41,14,0
W_F_0009,41,15,0
W_F_0009,41,16,0
W_F_0009,41,17,0
W_F_0009,41,18,0
W_F_0009,41,19,0
W_F_0009,41,20,0
W_F_0009,41,21,0
W_F_0009,41,22,1
W_F_0009,41,23,0
W_F_0009,41,24,0
W_F_0009,41,25,0
W_F_0009,41,26,0
W_F_0009,41,27,0
W_F_0009,41,28,0
W_F_0009,41,29,0
W_F_0009,41,30,1
W_F_0009,41,31,0
W_F_0009,41,32,0
W_F_0009,41,33,0
W_F_0009,41,34,0
W_F_0009,41,35,0
W_F_0009,41,36,0
W_F_0009,41,37,0
W_F_0009,41,38,0
W_F_0009,41,39,0
W_F_0009,41,40,0
W_F_0009,41,41,0
W_F_0009,41,42,0
W_F_0009,41,43,0
W_F_0009,41,44,0
W_F_0009,41,45,0
W_F_0009,41,46,1
W_F_0009,42,6,1
W_F_0009,42,7,1
W_F_0009,42,8,0
W_F_0009,42,9,0
W_F_0009,42,10,0
W_F_0009,42,11,0
W_F_0009,42,12,0
W_F_0009,42,13,0
W_F_0009,42,14,0
W_F_0009,42,15,0
W_F_0009,42,16,0
W_F_0009,42,17,0
W_F_0009,42,18,0
W_F_0009,42,19,0
W_F_0009,42,20,0
W_F_0009,42,21,1
W_F_0009,42,22,0
W_F_0009,42,23,0
W_F_0009,42,24,0
W_F_0009,42,25,0
W_F_0009,42,26,1
W_F_0009,42,27,0
W_F_0009,42,28,0
W_F_0009,42,29,0
W_F_0009,42,30,0
W_F_0009,42,31,0
W_F_0009,42,32,0
W_F_0009,42,33,0
W_F_0009,42,34,0
W_F_0009,42,35,0
W_F_0009,42,36,0
W_F_0009,42,37,1
W_F_0009,42,38,0
W_F_0009,42,39,0
W_F_0009,42,40,0
W_F_0009,42,41,0
W_F_0009,42,42,0
W_F_0009,42,43,0
W_F_0009,42,44,0
W_F_0009,42,45,1
W_F_0009,43,6,1
W_F_0009,43,7,0
W_F_0009,43,8,0
W_F_0009,43,9,0
W_F_0009,43,10,0
W_F_0009,43,11,0
W_F_0009,43,12,0
W_F_0009,43,13,0
W_F_0009,43,14,0
W_F_0009,43,15,0
W_F_0009,43,16,0
W_F_0009,43,17,0
W_F_0009,43,18,0
W_F_0009,43,19,0
W_F_0009,43,20,0
W_F_0009,43,21,0
W_F_0009,43,22,0
W_F_0009,43,23,0
W_F_0009,43,24,0
W_F_0009,43,25,0
W_F_0009,43,26,0
W_F_0009,43,27,0
W_F_0009,43,28,0
W_F_0009,43,29,0
W_F_0009,43,30,0
W_F_0009,43,31,0
W_F_0009,43,32,0
W_F_0009,43,33,0
W_F_0009,43,34,0
W_F_0009,43,35,0
W_F_0009,43,36,0
W_F_0009,43,37,0
W_F_0009,43,38,0
W_F_0009,43,39,0
W_F_0009,43,40,0
W_F_0009,43,41,0
W_F_0009,43,42,0
W_F_0009,43,43,0
W_F_0009,43,44,1
W_F_0009,44,7,1
W_F_0009,44,8,0
W_F_0009,44,9,0
W_F_0009,44,10,0
W_F_0009,44,11,0
W_F_0009,44,12,0
W_F_0009,44,13,1
W_F_0009,44,14,0
W_F_0009,44,15,0
W_F_0009,44,16,0
W_F_0009,44,17,0
W_F_0009,44,18,0
W_F_0009,44,19,1
W_F_0009,44,20,0
W_F_0009,44,21,0
W_F_0009,44,22,0
W_F_0009,44,23,0
W_F_0009,44,24,0
W_F_0009,44,25,0
W_F_0009,44,26,0
W_F_0009,44,27,0
W_F_0009,44,28,0
W_F_0009,44,29,0
W_F_0009,44,30,0
W_F_0009,44,31,0
W_F_0009,44,32,1
W_F_0009,44,33,0
W_F_0009,44,34,0
W_F_0009,44,35,0
W_F_0009,44,36,0
W_F_0009,44,37,0
W_F_0009,44,38,0
W_F_0009,44,39,0
W_F_0009,44,40,0
W_F_0009,44,41,0
W_F_0009,44,42,1
W_F_0009,44,43,1
W_F_0009,45,8,1
W_F_0009,45,9,0
W_F_0009,45,10,0
W_F_0009,45,11,0
W_F_0009,45,12,0
W_F_0009,45,13,0
W_F_0009,45,14,0
W_F_0009,45,15,0
W_F_0009,45,16,0
W_F_0009,45,17,0
W_F_0009,45,18,0
W_F_0009,45,19,0
W_F_0009,45,20,0
W_F_0009,45,21,0
W_F_0009,45,22,0
W_F_0009,45,23,0
W_F_0009,45,24,0
W_F_0009,45,25,0
W_F_0009,45,26,0
W_F_0009,45,27,0
W_F_0009,45,28,0
W_F_0009,45,29,0
W_F_0009,45,30,0
W_F_0009,45,31,0
W_F_0009,45,32,0
W_F_0009,45,33,0
W_F_0009,45,34,0
W_F_0009,45,35,0
W_F_0009,45,36,0
W_F_0009,45,37,0
W_F_0009,45,38,0
W_F_0009,45,39,0
W_F_0009,45,40,0
W_F_0009,45,41,0
W_F_0009,45,42,1
W_F_0009,46,9,1
W_F_0009,46,10,0
W_F_0009,46,11,0
W_F_0009,46,12,0
W_F_0009,46,13,0
W_F_0009,46,14,0
W_F_0009,46,15,0
W_F_0009,46,16,0
W_F_0009,46,17,0
W_F_0009,46,18,0
W_F_0009,46,19,0
W_F_0009,46,20,0
W_F_0009,46,21,0
W_F_0009,46,22,0
W_F_0009,46,23,0
W_F_0009,46,24,0
W_F_0009,46,25,1
W_F_0009,46,26,0
W_F_0009,46,27,0
W_F_0009,46,28,0
W_F_0009,46,29,0
W_F_0009,46,30,0
W_F_0009,46,31,0
W_F_0009,46,32,0
W_F_0009,46,33,0
W_F_0009,46,34,0
W_F_0009,46,35,0
W_F_0009,46,36,0
W_F_0009,46,37,0
W_F_0009,46,38,0
W_F_0009,46,39,0
W_F_0009,46,40,0
W_F_0009,46,41,1
W_F_0009,47,10,1
W_F_0009,47,11,1
W_F_0009,47,12,0
W_F_0009,47,13,0
W_F_0009,47,14,0
W_F_0009,47,15,0
W_F_0009,47,16,0
W_F_0009,47,17,1
W_F_0009,47,18,0
W_F_0009,47,19,0
W_F_0009,47,20,0
W_F_0009,47,21,0
W_F_0009,47,22,0
W_F_0009,47,23,0
W_F_0009,47,24,0
W_F_0009,47,25,0
W_F_0009,47,26,0
W_F_0009,47,27,0
W_F_0009,47,28,1
W_F_0009,47,29,0
W_F_0009,47,30,0
W_F_0009,47,31,0
W_F_0009,47,32,0
W_F_0009,47,33,0
W_F_0009,47,34,0
W_F_0009,47,35,0
W_F_0009,47,36,0
W_F_0009,47,37,1
W_F_0009,47,38,1
W_F_0009,47,39,1
W_F_0009,47,40,1
W_F_0009,48,12,1
W_F_0009,48,13,1
W_F_0009,48,14,1
W_F_0009,48,15,0
W_F_0009,48,16,0
W_F_0009,48,17,0
W_F_0009,48,18,0
W_F_0009,48,19,0
W_F_0009,48,20,0
W_F_0009,48,21,0
W_F_0009,48,22,0
W_F_0009,48,23,0
W_F_0009,48,24,0
W_F_0009,48,25,0
W_F_0009,48,26,0
W_F_0009,48,27,0
W_F_0009,48,28,0
W_F_0009,48,29,0
W_F_0009,48,30,0
W_F_0009,48,31,0
W_F_0009,48,32,0
W_F_0009,48,33,0
W_F_0009,48,34,0
W_F_0009,48,35,1
W_F_0009,48,36,0
W_F_0009,48,37,0
W_F_0009,48,38,1
W_F_0009,48,39,1
W_F_0009,49,13,1
W_F_0009,49,14,1
W_F_0009,49,15,0
W_F_0009,49,16,1
W_F_0009,49,17,0
W_F_0009,49,18,0
W_F_0009,49,19,0
W_F_0009,49,20,0
W_F_0009,49,21,0
W_F_0009,49,22,0
W_F_0009,49,23,0
W_F_0009,49,24,0
W_F_0009,49,25,0
W_F_0009,49,26,0
W_F_0009,49,27,0
W_F_0009,49,28,0
W_F_0009,49,29,0
W_F_0009,49,30,0
W_F_0009,49,31,0
W_F_0009,49,32,0
W_F_0009,49,33,0
W_F_0009,49,34,0
W_F_0009,49,35,0
W_F_0009,49,36,0
W_F_0009,49,37,1
W_F_0009,49,38,1
W_F_0009,50,15,1
W_F_0009,50,16,1
W_F_0009,50,17,0
W_F_0009,50,18,0
W_F_0009,50,19,0
W_F_0009,50,20,1
W_F_0009,50,21,0
W_F_0009,50,22,0
W_F_0009,50,23,0
W_F_0009,50,24,0
W_F_0009,50,25,0
W_F_0009,50,26,0
W_F_0009,50,27,0
W_F_0009,50,28,0
W_F_0009,50,29,0
W_F_0009,50,30,1
W_F_0009,50,31,0
W_F_0009,50,32,0
W_F_0009,50,33,0
W_F_0009,50,34,0
W_F_0009,50,35,1
W_F_0009,50,36,1
W_F_0009,51,17,1
W_F_0009,51,18,1
W_F_0009,51,19,1
W_F_0009,51,20,0
W_F_0009,51,21,0
W_F_0009,51,22,0
W_F_0009,51,23,0
W_F_0009,51,24,1
W_F_0009,51,25,0
W_F_0009,51,26,0
W_F_0009,51,27,0
W_F_0009,51,28,0
W_F_0009,51,29,0
W_F_0009,51,30,0
W_F_0009,51,31,1
W_F_0009,51,32,1
W_F_0009,51,33,1
W_F_0009,51,34,1
W_F_0009,52,20,1
W_F_0009,52,21,1
W_F_0009,52,22,1
W_F_0009,52,23,1
W_F_0009,52,24,1
W_F_0009,52,25,1
W_F_0009,52,26,1
W_F_0009,52,27,1
W_F_0009,52,28,1
W_F_0009,52,29,1
W_F_0009,52,30,1
W_F_0009,52,31,1
W_N_0024,0,14,1
W_N_0024,0,15,1
W_N_0024,0,16,1
W_N_0024,0,17,1
W_N_0024,0,18,0
W_N_0024,0,19,1
W_N_0024,0,20,0
W_N_0024,0,21,0
W_N_0024,0,22,1
W_N_0024,1,12,1
W_N_0024,1,13,0
W_N_0024,1,14,0
W_N_0024,1,15,1
W_N_0024,1,16,0
W_N_0024,1,17,0
W_N_0024,1,18,0
W_N_0024,1,19,0
W_N_0024,1,20,0
W_N_0024,1,21,0
W_N_0024,1,22,1
W_N_0024,1,23,0
W_N_0024,1,24,1
W_N_0024,2,10,0
W_N_0024,2,11,1
W_N_0024,2,12,0
W_N_0024,2,13,0
W_N_0024,2,14,0
W_N_0024,2,15,1
W_N_0024,2,16,0
W_N_0024,2,17,0
W_N_0024,2,18,0
W_N_0024,2,19,0
W_N_0024,2,20,0
W_N_0024,2,21,1
W_N_0024,2,22,0
W_N_0024,2,23,0
W_N_0024,2,24,0
W_N_0024,2,25,1
W_N_0024,2,26,0
W_N_0024,3,8,1
W_N_0024,3,9,0
W_N_0024,3,10,0
W_N_0024,3,11,0
W_N_0024,3,12,1
W_N_0024,3,13,0
W_N_0024,3,14,1
W_N_0024,3,15,0
W_N_0024,3,16,0
W_N_0024,3,17,0
W_N_0024,3,18,0
W_N_0024,3,19,0
W_N_0024,3,20,1
W_N_0024,3,21,1
W_N_0024,3,22,0
W_N_0024,3,23,0
W_N_0024,3,24,0
W_N_0024,3,25,0
W_N_0024,3,26,0
W_N_0024,3,27,0
W_N_0024,3,28,1
W_N_0024,4,7,1
W_N_0024,4,8,0
W_N_0024,4,9,0
W_N_0024,4,10,0
W_N_0024,4,11,0
W_N_0024,4,12,1
W_N_0024,4,13,1
W_N_0024,4,14,0
W_N_0024,4,15,0
W_N_0024,4,16,1
W_N_0024,4,17,0
W_N_0024,4,18,0
W_N_0024,4,19,0
W_N_0024,4,20,0
W_N_0024,4,21,0
W_N_0024,4,22,0
W_N_0024,4,23,0
W_N_0024,4,24,0
W_N_0024,4,25,0
W_N_0024,4,26,0
W_N_0024,4,27,0
W_N_0024,4,28,1
W_N_0024,4,29,0
W_N_0024,5,6,1
W_N_0024,5,7,0
W_N_0024,5,8,0
W_N_0024,5,9,0
W_N_0024,5,10,1
W_N_0024,5,11,0
W_N_0024,5,12,0
W_N_0024,5,13,0
W_N_0024,5,14,0
W_N_0024,5,15,1
W_N_0024,5,16,1
W_N_0024,5,17,0
W_N_0024,5,18,0
W_N_0024,5,19,0
W_N_0024,5,20,0
W_N_0024,5,21,0
W_N_0024,5,22,0
W_N_0024,5,23,0
W_N_0024,5,24,1
W_N_0024,5,25,0
W_N_0024,5,26,0
W_N_0024,5,27,0
W_N_0024,5,28,0
W_N_0024,5,29,1
W_N_0024,5,30,0
W_N_0024,6,5,1
W_N_0024,6,6,1
W_N_0024,6,7,1
W_N_0024,6,8,0
W_N_0024,6,9,0
W_N_0024,6,10,0
W_N_0024,6,11,0
W_N_0024,6,12,1
W_N_0024,6,13,0
W_N_0024,6,14,0
W_N_0024,6,15,0
W_N_0024,6,16,0
W_N_0024,6,17,0
W_N_0024,6,18,0
W_N_0024,6,19,0
W_N_0024,6,20,0
W_N_0024,6,21,1
W_N_0024,6,22,0
W_N_0024,6,23,0
W_N_0024,6,24,0
W_N_0024,6,25,0
W_N_0024,6,26,0
W_N_0024,6,27,0
W_N_0024,6,28,0
W_N_0024,6,29,1
W_N_0024,6,30,0
W_N_0024,6,31,0
W_N_0024,7,4,1
W_N_0024,7,5,0
W_N_0024,7,6,0
W_N_0024,7,7,0
W_N_0024,7,8,0
W_N_0024,7,9,0
W_N_0024,7,10,0
W_N_0024,7,11,0
W_N_0024,7,12,0
W_N_0024,7,13,0
W_N_0024,7,14,0
W_N_0024,7,15,0
W_N_0024,7,16,1
W_N_0024,7,17,0
W_N_0024,7,18,0
W_N_0024,7,19,1
W_N_0024,7,20,1
W_N_0024,7,21,0
W_N_0024,7,22,0
W_N_0024,7,23,0
W_N_0024,7,24,0
W_N_0024,7,25,0
W_N_0024,7,26,0
W_N_0024,7,27,1
W_N_0024,7,28,0
W_N_0024,7,29,0
W_N_0024,7,30,0
W_N_0024,7,31,1
W_N_0024,7,32,1
W_N_0024,8,4,0
W_N_0024,8,5,0
W_N_0024,8,6,0
W_N_0024,8,7,0
W_N_0024,8,8,1
W_N_0024,8,9,0
W_N_0024,8,10,1
W_N_0024,8,11,0
W_N_0024,8,12,0
W_N_0024,8,13,0
W_N_0024,8,14,1
W_N_0024,8,15,0
W_N_0024,8,16,0
W_N_0024,8,17,0
W_N_0024,8,18,1
W_N_0024,8,19,0
W_N_0024,8,20,0
W_N_0024,8,21,0
W_N_0024,8,22,0
W_N_0024,8,23,0
W_N_0024,8,24,0
W_N_0024,8,25,0
W_N_0024,8,26,0
W_N_0024,8,27,0
W_N_0024,8,28,0
W_N_0024,8,29,0
W_N_0024,8,30,0
W_N_0024,8,31,0
W_N_0024,8,32,0
W_N_0024,9,3,0
W_N_0024,9,4,0
W_N_0024,9,5,0
W_N_0024,9,6,0
W_N_0024,9,7,0
W_N_0024,9,8,0
W_N_0024,9,9,0
W_N_0024,9,10,0
W_N_0024,9,11,0
W_N_0024,9,12,0
W_N_0024,9,13,0
W_N_0024,9,14,0
W_N_0024,9,15,0
W_N_0024,9,16,0
W_N_0024,9,17,0
W_N_0024,9,18,0
W_N_0024,9,19,0
W_N_0024,9,20,0
W_N_0024,9,21,0
W_N_0024,9,22,0
W_N_0024,9,23,0
W_N_0024,9,24,0
W_N_0024,9,25,0
W_N_0024,9,26,0
W_N_0024,9,27,0
W_N_0024,9,28,0
W_N_0024,9,29,0
W_N_0024,9,30,1
W_N_0024,9,31,1
W_N_0024,9,32,0
W_N_0024,9,33,0
W_N_0024,10,3,0
W_N_0024,10,4,0
W_N_0024,10,5,0
W_N_0024,10,6,0
W_N_0024,10,7,0
W_N_0024,10,8,0
W_N_0024,10,9,0
W_N_0024,10,10,0
W_N_0024,10,11,1
W_N_0024,10,12,0
W_N_0024,10,13,0
W_N_0024,10,14,0
W_N_0024,10,15,0
W_N_0024,10,16,0
W_N_0024,10,17,0
W_N_0024,10,18,0
W_N_0024,10,19,0
W_N_0024,10,20,0
W_N_0024,10,21,0
W_N_0024,10,22,0
W_N_0024,10,23,0
W_N_0024,10,24,0
W_N_0024,10,25,0
W_N_0024,10,26,0
W_N_0024,10,27,0
W_N_0024,10,28,0
W_N_0024,10,29,0
W_N_0024,10,30,0
W_N_0024,10,31,0
W_N_0024,10,32,0
W_N_0024,10,33,0
W_N_0024,11,2,0
W_N_0024,11,3,0
W_N_0024,11,4,1
W_N_0024,11,5,0
W_N_0024,11,6,0
W_N_0024,11,7,0
W_N_0024,11,8,0
W_N_0024,11,9,0
W_N_0024,11,10,1
W_N_0024,11,11,0
W_N_0024,11,12,0
W_N_0024,11,13,0
W_N_0024,11,14,0
W_N_0024,11,15,0
W_N_0024,11,16,0
W_N_0024,11,17,0
W_N_0024,11,18,0
W_N_0024,11,19,0
W_N_0024,11,20,0
W_N_0024,11,21,0
W_N_0024,11,22,0
W_N_0024,11,23,0
W_N_0024,11,24,0
W_N_0024,11,25,0
W_N_0024,11,26,0
W_N_0024,11,27,0
W_N_0024,11,28,0
W_N_0024,11,29,0
W_N_0024,11,30,0
W_N_0024,11,31,0
W_N_0024,11,32,0
W_N_0024,11,33,0
W_N_0024,11,34,1
W_N_0024,12,2,0
W_N_0024,12,3,0
W_N_0024,12,4,0
W_N_0024,12,5,0
W_N_0024,12,6,0
W_N_0024,12,7,0
W_N_0024,12,8,1
W_N_0024,12,9,0
W_N_0024,12,10,0
W_N_0024,12,11,0
W_N_0024,12,12,1
W_N_0024,12,13,1
W_N_0024,12,14,0
W_N_0024,12,15,0
W_N_0024,12,16,0
W_N_0024,12,17,0
W_N_0024,12,18,0
W_N_0024,12,19,1
W_N_0024,12,20,0
W_N_0024,12,21,0
W_N_0024,12,22,0
W_N_0024,12,23,0
W_N_0024,12,24,1
W_N_0024,12,25,0
W_N_0024,12,26,0
W_N_0024,12,27,0
W_N_0024,12,28,0
W_N_0024,12,29,0
W_N_0024,12,30,0
W_N_0024,12,31,0
W_N_0024,12,32,0
W_N_0024,12,33,0
W_N_0024,12,34,0
W_N_0024,13,1,0
W_N_0024,13,2,0
W_N_0024,13,3,1
W_N_0024,13,4,0
W_N_0024,13,5,0
W_N_0024,13,6,0
W_N_0024,13,7,1
W_N_0024,13,8,0
W_N_0024,13,9,0
W_N_0024,13,10,0
W_N_0024,13,11,0
W_N_0024,13,12,0
W_N_0024,13,13,0
W_N_0024,13,14,0
W_N_0024,13,15,0
W_N_0024,13,16,0
W_N_0024,13,17,0
W_N_0024,13,18,0
W_N_0024,13,19,0
W_N_0024,13,20,0
W_N_0024,13,21,1
W_N_0024,13,22,0
W_N_0024,13,23,0
W_N_0024,13,24,0
W_N_0024,13,25,0
W_N_0024,13,26,0
W_N_0024,13,27,0
W_N_0024,13,28,0
W_N_0024,13,29,0
W_N_0024,13,30,0
W_N_0024,13,31,0
W_N_0024,13,32,0
W_N_0024,13,33,0
W_N_0024,13,34,0
W_N_0024,13,35,0
W_N_0024,14,1,0
W_N_0024,14,2,0
W_N_0024,14,3,0
W_N_0024,14,4,0
W_N_0024,14,5,0
W_N_0024,14,6,0
W_N_0024,14,7,0
W_N_0024,14,8,0
W_N_0024,14,9,0
W_N_0024,14,10,0
W_N_0024,14,11,0
W_N_0024,14,12,0
W_N_0024,14,13,0
W_N_0024,14,14,0
W_N_0024,14,15,0
W_N_0024,14,16,0
W_N_0024,14,17,0
W_N_0024,14,18,0
W_N_0024,14,19,0
W_N_0024,14,20,0
W_N_0024,14,21,0
W_N_0024,14,22,0
W_N_0024,14,23,0
W_N_0024,14,24,0
W_N_0024,14,25,0
W_N_0024,14,26,0
W_N_0024,14,27,0
W_N_0024,14,28,0
W_N_0024,14,29,0
W_N_0024,14,30,0
W_N_0024,14,31,0
W_N_0024,14,32,0
W_N_0024,14,33,0
W_N_0024,14,34,0
W_N_0024,14,35,0
W_N_0024,15,1,1
W_N_0024,15,2,1
W_N_0024,15,3,0
W_N_0024,15,4,0
W_N_0024,15,5,0
W_N_0024,15,6,0
W_N_0024,15,7,1
W_N_0024,15,8,0
W_N_0024,15,9,0
W_N_0024,15,10,0
W_N_0024,15,11,0
W_N_0024,15,12,0
W_N_0024,15,13,0
W_N_0024,15,14,1
W_N_0024,15,15,0
W_N_0024,15,16,0
W_N_0024,15,17,0
W_N_0024,15,18,0
W_N_0024,15,19,0
W_N_0024,15,20,0
W_N_0024,15,21,0
W_N_0024,15,22,0
W_N_0024,15,23,0
W_N_0024,15,24,0
W_N_0024,15,25,0
W_N_0024,15,26,1
W_N_0024,15,27,0
W_N_0024,15,28,0
W_N_0024,15,29,0
W_N_0024,15,30,0
W_N_0024,15,31,1
W_N_0024,15,32,0
W_N_0024,15,33,0
W_N_0024,15,34,0
W_N_0024,15,35,1
W_N_0024,16,1,0
W_N_0024,16,2,0
W_N_0024,16,3,0
W_N_0024,16,4,0
W_N_0024,16,5,1
W_N_0024,16,6,0
W_N_0024,16,7,1
W_N_0024,16,8,0
W_N_0024,16,9,0
W_N_0024,16,10,0
W_N_0024,16,11,0
W_N_0024,16,12,0
W_N_0024,16,13,0
W_N_0024,16,14,0
W_N_0024,16,15,0
W_N_0024,16,16,0
W_N_0024,16,17,0
W_N_0024,16,18,0
W_N_0024,16,19,0
W_N_0024,16,20,0
W_N_0024,16,21,0
W_N_0024,16,22,0
W_N_0024,16,23,0
W_N_0024,16,24,0
W_N_0024,16,25,0
W_N_0024,16,26,0
W_N_0024,16,27,0
W_N_0024,16,28,0
W_N_0024,16,29,0
W_N_0024,16,30,0
W_N_0024,16,31,0
W_N_0024,16,32,0
W_N_0024,16,33,0
W_N_0024,16,34,0
W_N_0024,16,35,0
W_N_0024,17,0,1
W_N_0024,17,1,0
W_N_0024,17,2,0
W_N_0024,17,3,0
W_N_0024,17,4,0
W_N_0024,17,5,0
W_N_0024,17,6,0
W_N_0024,17,7,0
W_N_0024,17,8,0
W_N_0024,17,9,0
W_N_0024,17,10,0
W_N_0024,17,11,0
W_N_0024,17,12,0
W_N_0024,17,13,0
W_N_0024,17,14,0
W_N_0024,17,15,0
W_N_0024,17,16,0
W_N_0024,17,17,0
W_N_0024,17,18,0
W_N_0024,17,19,0
W_N_0024,17,20,0
W_N_0024,17,21,0
W_N_0024,17,22,0
W_N_0024,17,23,0
W_N_0024,17,24,0
W_N_0024,17,25,0
W_N_0024,17,26,1
W_N_0024,17,27,0
W_N_0024,17,28,0
W_N_0024,17,29,0
W_N_0024,17,30,1
W_N_0024,17,31,1
W_N_0024,17,32,0
W_N_0024,17,33,0
W_N_0024,17,34,0
W_N_0024,17,35,0
W_N_0024,17,36,1
W_N_0024,18,0,1
W_N_0024,18,1,1
W_N_0024,18,2,0
W_N_0024,18,3,0
W_N_0024,18,4,1
W_N_0024,18,5,0
W_N_0024,18,6,0
W_N_0024,18,7,0
W_N_0024,18,8,0
W_N_0024,18,9,0
W_N_0024,18,10,0
W_N_0024,18,11,0
W_N_0024,18,12,0
W_N_0024,18,13,0
W_N_0024,18,14,0
W_N_0024,18,15,1
W_N_0024,18,16,0
W_N_0024,18,17,1
W_N_0024,18,18,0
W_N_0024,18,19,0
W_N_0024,18,20,0
W_N_0024,18,21,1
W_N_0024,18,22,0
W_N_0024,18,23,1
W_N_0024,18,24,1
W_N_0024,18,25,0
W_N_0024,18,26,0
W_N_0024,18,27,0
W_N_0024,18,28,0
W_N_0024,18,29,0
W_N_0024,18,30,0
W_N_0024,18,31,0
W_N_0024,18,32,0
W_N_0024,18,33,0
W_N_0024,18,34,1
W_N_0024,18,35,1
W_N_0024,18,36,1
W_N_0024,19,0,1
W_N_0024,19,1,0
W_N_0024,19,2,1
W_N_0024,19,3,0
W_N_0024,19,4,0
W_N_0024,19,5,0
W_N_0024,19,6,0
W_N_0024,19,7,1
W_N_0024,19,8,0
W_N_0024,19,9,0
W_N_0024,19,10,0
W_N_0024,19,11,0
W_N_0024,19,12,0
W_N_0024,19,13,0
W_N_0024,19,14,0
W_N_0024,19,15,0
W_N_0024,19,16,0
W_N_0024,19,17,0
W_N_0024,19,18,0
W_N_0024,19,19,0
W_N_0024,19,20,0
W_N_0024,19,21,0
W_N_0024,19,22,1
W_N_0024,19,23,0
W_N_0024,19,24,0
W_N_0024,19,25,0
W_N_0024,19,26,1
W_N_0024,19,27,0
W_N_0024,19,28,0
W_N_0024,19,29,0
W_N_0024,19,30,1
W_N_0024,19,31,0
W_N_0024,19,32,0
W_N_0024,19,33,1
W_N_0024,19,34,0
W_N_0024,19,35,0
W_N_0024,19,36,1
W_N_0024,20,0,1
W_N_0024,20,1,1
W_N_0024,20,2,0
W_N_0024,20,3,0
W_N_0024,20,4,0
W_N_0024,20,5,0
W_N_0024,20,6,0
W_N_0024,20,7,0
W_N_0024,20,8,0
W_N_0024,20,9,0
W_N_0024,20,10,0
W_N_0024,20,11,0
W_N_0024,20,12,1
W_N_0024,20,13,0
W_N_0024,20,14,0
W_N_0024,20,15,0
W_N_0024,20,16,0
W_N_0024,20,17,0
W_N_0024,20,18,0
W_N_0024,20,19,1
W_N_0024,20,20,1
W_N_0024,20,21,0
W_N_0024,20,22,0
W_N_0024,20,23,0
W_N_0024,20,24,1
W_N_0024,20,25,0
W_N_0024,20,26,0
W_N_0024,20,27,0
W_N_0024,20,28,0
W_N_0024,20,29,0
W_N_0024,20,30,0
W_N_0024,20,31,0
W_N_0024,20,32,0
W_N_0024,20,33,0
W_N_0024,20,34,0
W_N_0024,20,35,0
W_N_0024,20,36,1
W_N_0024,21,0,1
W_N_0024,21,1,0
W_N_0024,21,2,0
W_N_0024,21,3,0
W_N_0024,21,4,0
W_N_0024,21,5,0
W_N_0024,21,6,0
W_N_0024,21,7,0
W_N_0024,21,8,0
W_N_0024,21,9,0
W_N_0024,21,10,0
W_N_0024,21,11,0
W_N_0024,21,12,1
W_N_0024,21,13,0
W_N_0024,21,14,0
W_N_0024,21,15,1
W_N_0024,21,16,0
W_N_0024,21,17,0
W_N_0024,21,18,0
W_N_0024,21,19,0
W_N_0024,21,20,0
W_N_0024,21,21,0
W_N_0024,21,22,0
W_N_0024,21,23,0
W_N_0024,21,24,0
W_N_0024,21,25,1
W_N_0024,21,26,0
W_N_0024,21,27,1
W_N_0024,21,28,0
W_N_0024,21,29,0
W_N_0024,21,30,0
W_N_0024,21,31,0
W_N_0024,21,32,0
W_N_0024,21,33,0
W_N_0024,21,34,0
W_N_0024,21,35,0
W_N_0024,21,36,1
W_N_0024,22,1,1
W_N_0024,22,2,0
W_N_0024,22,3,0
W_N_0024,22,4,0
W_N_0024,22,5,1
W_N_0024,22,6,0
W_N_0024,22,7,0
W_N_0024,22,8,0
W_N_0024,22,9,0
W_N_0024,22,10,0
W_N_0024,22,11,0
W_N_0024,22,12,0
W_N_0024,22,13,0
W_N_0024,22,14,0
W_N_0024,22,15,0
W_N_0024,22,16,0
W_N_0024,22,17,0
W_N_0024,22,18,0
W_N_0024,22,19,0
W_N_0024,22,20,0
W_N_0024,22,21,0
W_N_0024,22,22,1
W_N_0024,22,23,0
W_N_0024,22,24,0
W_N_0024,22,25,0
W_N_0024,22,26,0
W_N_0024,22,27,0
W_N_0024,22,28,0
W_N_0024,22,29,0
W_N_0024,22,30,0
W_N_0024,22,31,0
W_N_0024,22,32,0
W_N_0024,22,33,1
W_N_0024,22,34,0
W_N_0024,22,35,0
W_N_0024,23,1,1
W_N_0024,23,2,0
W_N_0024,23,3,1
W_N_0024,23,4,0
W_N_0024,23,5,0
W_N_0024,23,6,0
W_N_0024,23,7,0
W_N_0024,23,8,0
W_N_0024,23,9,0
W_N_0024,23,10,0
W_N_0024,23,11,0
W_N_0024,23,12,0
W_N_0024,23,13,0
W_N_0024,23,14,0
W_N_0024,23,15,0
W_N_0024,23,16,0
W_N_0024,23,17,0
W_N_0024,23,18,0
W_N_0024,23,19,0
W_N_0024,23,20,0
W_N_0024,23,21,0
W_N_0024,23,22,0
W_N_0024,23,23,0
W_N_0024,23,24,0
W_N_0024,23,25,0
W_N_0024,23,26,0
W_N_0024,23,27,0
W_N_0024,23,28,0
W_N_0024,23,29,0
W_N_0024,23,30,0
W_N_0024,23,31,1
W_N_0024,23,32,0
W_N_0024,23,33,0
W_N_0024,23,34,1
W_N_0024,23,35,1
W_N_0024,24,1,0
W_N_0024,24,2,0
W_N_0024,24,3,0
W_N_0024,24,4,0
W_N_0024,24,5,0
W_N_0024,24,6,0
W_N_0024,24,7,0
W_N_0024,24,8,0
W_N_0024,24,9,0
W_N_0024,24,10,0
W_N_0024,24,11,0
W_N_0024,24,12,1
W_N_0024,24,13,0
W_N_0024,24,14,1
W_N_0024,24,15,0
W_N_0024,24,16,0
W_N_0024,24,17,0
W_N_0024,24,18,0
W_N_0024,24,19,0
W_N_0024,24,20,0
W_N_0024,24,21,0
W_N_0024,24,22,0
W_N_0024,24,23,0
W_N_0024,24,24,0
W_N_0024,24,25,0
W_N_0024,24,26,0
W_N_0024,24,27,0
W_N_0024,24,28,0
W_N_0024,24,29,0
W_N_0024,24,30,0
W_N_0024,24,31,0
W_N_0024,24,32,0
W_N_0024,24,33,0
W_N_0024,24,34,1
W_N_0024,24,35,0
W_N_0024,25,1,1
W_N_0024,25,2,0
W_N_0024,25,3,0
W_N_0024,25,4,0
W_N_0024,25,5,0
W_N_0024,25,6,0
W_N_0024,25,7,0
W_N_0024,25,8,0
W_N_0024,25,9,0
W_N_0024,25,10,0
W_N_0024,25,11,1
W_N_0024,25,12,0
W_N_0024,25,13,0
W_N_0024,25,14,0
W_N_0024,25,15,0
W_N_0024,25,16,0
W_N_0024,25,17,0
W_N_0024,25,18,0
W_N_0024,25,19,0
W_N_0024,25,20,0
W_N_0024,25,21,0
W_N_0024,25,22,0
W_N_0024,25,23,0
W_N_0024,25,24,0
W_N_0024,25,25,0
W_N_0024,25,26,0
W_N_0024,25,27,0
W_N_0024,25,28,0
W_N_0024,25,29,0
W_N_0024,25,30,0
W_N_0024,25,31,1
W_N_0024,25,32,0
W_N_0024,25,33,0
W_N_0024,25,34,0
W_N_0024,25,35,1
W_N_0024,26,2,0
W_N_0024,26,3,0
W_N_0024,26,4,0
W_N_0024,26,5,0
W_N_0024,26,6,0
W_N_0024,26,7,0
W_N_0024,26,8,0
W_N_0024,26,9,0
W_N_0024,26,10,0
W_N_0024,26,11,0
W_N_0024,26,12,1
W_N_0024,26,13,0
W_N_0024,26,14,0
W_N_0024,26,15,0
W_N_0024,26,16,0
W_N_0024,26,17,0
W_N_0024,26,18,0
W_N_0024,26,19,0
W_N_0024,26,20,0
W_N_0024,26,21,1
W_N_0024,26,22,1
W_N_0024,26,23,0
W_N_0024,26,24,0
W_N_0024,26,25,0
W_N_0024,26,26,0
W_N_0024,26,27,0
W_N_0024,26,28,0
W_N_0024,26,29,0
W_N_0024,26,30,0
W_N_0024,26,31,0
W_N_0024,26,32,0
W_N_0024,26,33,0
W_N_0024,26,34,0
W_N_0024,27,2,0
W_N_0024,27,3,0
W_N_0024,27,4,0
W_N_0024,27,5,0
W_N_0024,27,6,0
W_N_0024,27,7,0
W_N_0024,27,8,0
W_N_0024,27,9,0
W_N_0024,27,10,0
W_N_0024,27,11,0
W_N_0024,27,12,0
W_N_0024,27,13,0
W_N_0024,27,14,0
W_N_0024,27,15,0
W_N_0024,27,16,0
W_N_0024,27,17,0
W_N_0024,27,18,0
W_N_0024,27,19,0
W_N_0024,27,20,0
W_N_0024,27,21,0
W_N_0024,27,22,0
W_N_0024,27,23,0
W_N_0024,27,24,0
W_N_0024,27,25,0
W_N_0024,27,26,0
W_N_0024,27,27,0
W_N_0024,27,28,0
W_N_0024,27,29,0
W_N_0024,27,30,0
W_N_0024,27,31,0
W_N_0024,27,32,0
W_N_0024,27,33,1
W_N_0024,27,34,0
W_N_0024,28,3,1
W_N_0024,28,4,0
W_N_0024,28,5,0
W_N_0024,28,6,0
W_N_0024,28,7,0
W_N_0024,28,8,0
W_N_0024,28,9,0
W_N_0024,28,10,1
W_N_0024,28,11,0
W_N_0024,28,12,0
W_N_0024,28,13,0
W_N_0024,28,14,0
W_N_0024,28,15,0
W_N_0024,28,16,0
W_N_0024,28,17,0
W_N_0024,28,18,0
W_N_0024,28,19,0
W_N_0024,28,20,0
W_N_0024,28,21,0
W_N_0024,28,22,1
W_N_0024,28,23,0
W_N_0024,28,24,0
W_N_0024,28,25,0
W_N_0024,28,26,0
W_N_0024,28,27,0
W_N_0024,28,28,0
W_N_0024,28,29,0
W_N_0024,28,30,0
W_N_0024,28,31,0
W_N_0024,28,32,0
W_N_0024,28,33,1
W_N_0024,29,3,1
W_N_0024,29,4,0
W_N_0024,29,5,0
W_N_0024,29,6,0
W_N_0024,29,7,0
W_N_0024,29,8,1
W_N_0024,29,9,1
W_N_0024,29,10,0
W_N_0024,29,11,0
W_N_0024,29,12,0
W_N_0024,29,13,0
W_N_0024,29,14,0
W_N_0024,29,15,0
W_N_0024,29,16,0
W_N_0024,29,17,0
W_N_0024,29,18,0
W_N_0024,29,19,0
W_N_0024,29,20,0
W_N_0024,29,21,0
W_N_0024,29,22,0
W_N_0024,29,23,0
W_N_0024,29,24,1
W_N_0024,29,25,0
W_N_0024,29,26,0
W_N_0024,29,27,0
W_N_0024,29,28,0
W_N_0024,29,29,0
W_N_0024,29,30,0
W_N_0024,29,31,1
W_N_0024,29,32,0
W_N_0024,29,33,1
W_N_0024,30,4,1
W_N_0024,30,5,0
W_N_0024,30,6,0
W_N_0024,30,7,0
W_N_0024,30,8,0
W_N_0024,30,9,0
W_N_0024,30,10,0
W_N_0024,30,11,0
W_N_0024,30,12,0
W_N_0024,30,13,0
W_N_0024,30,14,0
W_N_0024,30,15,0
W_N_0024,30,16,0
W_N_0024,30,17,0
W_N_0024,30,18,1
W_N_0024,30,19,0
W_N_0024,30,20,0
W_N_0024,30,21,0
W_N_0024,30,22,0
W_N_0024,30,23,0
W_N_0024,30,24,0
W_N_0024,30,25,0
W_N_0024,30,26,0
W_N_0024,30,27,1
W_N_0024,30,28,1
W_N_0024,30,29,0
W_N_0024,30,30,0
W_N_0024,30,31,0
W_N_0024,30,32,0
W_N_0024,31,4,0
W_N_0024,31,5,0
W_N_0024,31,6,0
W_N_0024,31,7,0
W_N_0024,31,8,0
W_N_0024,31,9,0
W_N_0024,31,10,0
W_N_0024,31,11,1
W_N_0024,31,12,0
W_N_0024,31,13,0
W_N_0024,31,14,0
W_N_0024,31,15,0
W_N_0024,31,16,0
W_N_0024,31,17,0
W_N_0024,31,18,0
W_N_0024,31,19,0
W_N_0024,31,20,0
W_N_0024,31,21,0
W_N_0024,31,22,0
W_N_0024,31,23,0
W_N_0024,31,24,0
W_N_0024,31,25,1
W_N_0024,31,26,0
W_N_0024,31,27,0
W_N_0024,31,28,0
W_N_0024,31,29,0
W_N_0024,31,30,0
W_N_0024,31,31,1
W_N_0024,31,32,1
W_N_0024,32,5,0
W_N_0024,32,6,0
W_N_0024,32,7,1
W_N_0024,32,8,0
W_N_0024,32,9,0
W_N_0024,32,10,0
W_N_0024,32,11,0
W_N_0024,32,12,0
W_N_0024,32,13,1
W_N_0024,32,14,0
W_N_0024,32,15,0
W_N_0024,32,16,0
W_N_0024,32,17,1
W_N_0024,32,18,1
W_N_0024,32,19,0
W_N_0024,32,20,0
W_N_0024,32,21,0
W_N_0024,32,22,0
W_N_0024,32,23,0
W_N_0024,32,24,0
W_N_0024,32,25,0
W_N_0024,32,26,0
W_N_0024,32,27,0
W_N_0024,32,28,0
W_N_0024,32,29,1
W_N_0024,32,30,0
W_N_0024,32,31,0
W_N_0024,33,6,1
W_N_0024,33,7,1
W_N_0024,33,8,0
W_N_0024,33,9,0
W_N_0024,33,10,1
W_N_0024,33,11,0
W_N_0024,33,12,0
W_N_0024,33,13,0
W_N_0024,33,14,0
W_N_0024,33,15,0
W_N_0024,33,16,0
W_N_0024,33,17,1
W_N_0024,33,18,0
W_N_0024,33,19,0
W_N_0024,33,20,0
W_N_0024,33,21,0
W_N_0024,33,22,0
W_N_0024,33,23,0
W_N_0024,33,24,0
W_N_0024,33,25,0
W_N_0024,33,26,0
W_N_0024,33,27,0
W_N_0024,33,28,0
W_N_0024,33,29,0
W_N_0024,33,30,0
W_N_0024,34,7,1
W_N_0024,34,8,0
W_N_0024,34,9,1
W_N_0024,34,10,0
W_N_0024,34,11,0
W_N_0024,34,12,0
W_N_0024,34,13,0
W_N_0024,34,14,0
W_N_0024,34,15,0
W_N_0024,34,16,0
W_N_0024,34,17,0
W_N_0024,34,18,0
W_N_0024,34,19,0
W_N_0024,34,20,0
W_N_0024,34,21,0
W_N_0024,34,22,0
W_N_0024,34,23,0
W_N_0024,34,24,0
W_N_0024,34,25,0
W_N_0024,34,26,0
W_N_0024,34,27,0
W_N_0024,34,28,0
W_N_0024,34,29,0
W_N_0024,35,8,1
W_N_0024,35,9,0
W_N_0024,35,10,0
W_N_0024,35,11,0
W_N_0024,35,12,0
W_N_0024,35,13,0
W_N_0024,35,14,0
W_N_0024,35,15,1
W_N_0024,35,16,0
W_N_0024,35,17,0
W_N_0024,35,18,0
W_N_0024,35,19,0
W_N_0024,35,20,0
W_N_0024,35,21,0
W_N_0024,35,22,0
W_N_0024,35,23,0
W_N_0024,35,24,0
W_N_0024,35,25,0
W_N_0024,35,26,0
W_N_0024,35,27,0
W_N_0024,35,28,0
W_N_0024,36,10,0
W_N_0024,36,11,0
W_N_0024,36,12,0
W_N_0024,36,13,0
W_N_0024,36,14,0
W_N_0024,36,15,0
W_N_0024,36,16,0
W_N_0024,36,17,0
W_N_0024,36,18,0
W_N_0024,36,19,0
W_N_0024,36,20,0
W_N_0024,36,21,0
W_N_0024,36,22,0
W_N_0024,36,23,0
W_N_0024,36,24,0
W_N_0024,36,25,0
W_N_0024,36,26,0
W_N_0024,37,11,1
W_N_0024,37,12,0
W_N_0024,37,13,0
W_N_0024,37,14,0
W_N_0024,37,15,0
W_N_0024,37,16,1
W_N_0024,37,17,0
W_N_0024,37,18,0
W_N_0024,37,19,0
W_N_0024,37,20,0
W_N_0024,37,21,0
W_N_0024,37,22,0
W_N_0024,37,23,0
W_N_0024,37,24,1
W_N_0024,37,25,1
W_N_0024,38,14,1
W_N_0024,38,15,0
W_N_0024,38,16,1
W_N_0024,38,17,1
W_N_0024,38,18,0
W_N_0024,38,19,0
W_N_0024,38,20,0
W_N_0024,38,21,0
W_N_0024,38,22,1
W_N_0122,0,16,1
W_N_0122,0,17,1
W_N_0122,1,11,1
W_N_0122,1,12,1
W_N_0122,1,13,0
W_N_0122,1,14,1
W_N_0122,1,15,1
W_N_0122,1,16,0
W_N_0122,1,17,1
W_N_0122,1,18,0
W_N_0122,1,19,0
W_N_0122,1,20,0
W_N_0122,1,21,0
W_N_0122,1,22,1
W_N_0122,2,9,1
W_N_0122,2,10,0
W_N_0122,2,11,1
W_N_0122,2,12,1
W_N_0122,2,13,0
W_N_0122,2,14,0
W_N_0122,2,15,0
W_N_0122,2,16,0
W_N_0122,2,17,0
W_N_0122,2,18,0
W_N_0122,2,19,0
W_N_0122,2,20,1
W_N_0122,2,21,0
W_N_0122,2,22,0
W_N_0122,2,23,0
W_N_0122,2,24,0
W_N_0122,3,7,1
W_N_0122,3,8,0
W_N_0122,3,9,0
W_N_0122,3,10,0
W_N_0122,3,11,1
W_N_0122,3,12,0
W_N_0122,3,13,0
W_N_0122,3,14,1
W_N_0122,3,15,0
W_N_0122,3,16,0
W_N_0122,3,17,0
W_N_0122,3,18,0
W_N_0122,3,19,0
W_N_0122,3,20,0
W_N_0122,3,21,0
W_N_0122,3,22,0
W_N_0122,3,23,0
W_N_0122,3,24,0
W_N_0122,3,25,1
W_N_0122,3,26,0
W_N_0122,4,6,1
W_N_0122,4,7,1
W_N_0122,4,8,0
W_N_0122,4,9,0
W_N_0122,4,10,0
W_N_0122,4,11,0
W_N_0122,4,12,0
W_N_0122,4,13,0
W_N_0122,4,14,0
W_N_0122,4,15,1
W_N_0122,4,16,0
W_N_0122,4,17,0
W_N_0122,4,18,0
W_N_0122,4,19,0
W_N_0122,4,20,0
W_N_0122,4,21,1
W_N_0122,4,22,0
W_N_0122,4,23,0
W_N_0122,4,24,0
W_N_0122,4,25,0
W_N_0122,4,26,0
W_N_0122,4,27,1
W_N_0122,5,4,1
W_N_0122,5,5,0
W_N_0122,5,6,0
W_N_0122,5,7,0
W_N_0122,5,8,0
W_N_0122,5,9,0
W_N_0122,5,10,0
W_N_0122,5,11,0
W_N_0122,5,12,0
W_N_0122,5,13,0
W_N_0122,5,14,0
W_N_0122,5,15,0
W_N_0122,5,16,0
W_N_0122,5,17,0
W_N_0122,5,18,0
W_N_0122,5,19,0
W_N_0122,5,20,0
W_N_0122,5,21,0
W_N_0122,5,22,0
W_N_0122,5,23,0
W_N_0122,5,24,0
W_N_0122,5,25,0
W_N_0122,5,26,0
W_N_0122,5,27,0
W_N_0122,5,28,0
W_N_0122,6,3,0
W_N_0122,6,4,0
W_N_0122,6,5,0
W_N_0122,6,6,0
W_N_0122,6,7,0
W_N_0122,6,8,0
W_N_0122,6,9,0
W_N_0122,6,10,0
W_N_0122,6,11,0
W_N_0122,6,12,0
W_N_0122,6,13,0
W_N_0122,6,14,0
W_N_0122,6,15,0
W_N_0122,6,16,0
W_N_0122,6,17,0
W_N_0122,6,18,0
W_N_0122,6,19,0
W_N_0122,6,20,1
W_N_0122,6,21,0
W_N_0122,6,22,0
W_N_0122,6,23,0
W_N_0122,6,24,0
W_N_0122,6,25,0
W_N_0122,6,26,1
W_N_0122,6,27,0
W_N_0122,6,28,0
W_N_0122,6,29,0
W_N_0122,7,3,0
W_N_0122,7,4,0
W_N_0122,7,5,0
W_N_0122,7,6,0
W_N_0122,7,7,0
W_N_0122,7,8,0
W_N_0122,7,9,1
W_N_0122,7,10,0
W_N_0122,7,11,0
W_N_0122,7,12,0
W_N_0122,7,13,0
W_N_0122,7,14,0
W_N_0122,7,15,0
W_N_0122,7,16,0
W_N_0122,7,17,1
W_N_0122,7,18,1
W_N_0122,7,19,0
W_N_0122,7,20,0
W_N_0122,7,21,0
W_N_0122,7,22,1
W_N_0122,7,23,0
W_N_0122,7,24,0
W_N_0122,7,25,0
W_N_0122,7,26,0
W_N_0122,7,27,0
W_N_0122,7,28,1
W_N_0122,7,29,0
W_N_0122,7,30,1
W_N_0122,8,2,1
W_N_0122,8,3,0
W_N_0122,8,4,0
W_N_0122,8,5,0
W_N_0122,8,6,0
W_N_0122,8,7,0
W_N_0122,8,8,0
W_N_0122,8,9,0
W_N_0122,8,10,0
W_N_0122,8,11,0
W_N_0122,8,12,0
W_N_0122,8,13,0
W_N_0122,8,14,0
W_N_0122,8,15,0
W_N_0122,8,16,0
W_N_0122,8,17,0
W_N_0122,8,18,0
W_N_0122,8,19,0
W_N_0122,8,20,0
W_N_0122,8,21,0
W_N_0122,8,22,0
W_N_0122,8,23,0
W_N_0122,8,24,0
W_N_0122,8,25,0
W_N_0122,8,26,0
W_N_0122,8,27,1
W_N_0122,8,28,0
W_N_0122,8,29,0
W_N_0122,8,30,1
W_N_0122,8,31,0
W_N_0122,9,1,1
W_N_0122,9,2,1
W_N_0122,9,3,0
W_N_0122,9,4,0
W_N_0122,9,5,0
W_N_0122,9,6,0
W_N_0122,9,7,0
W_N_0122,9,8,0
W_N_0122,9,9,0
W_N_0122,9,10,0
W_N_0122,9,11,0
W_N_0122,9,12,0
W_N_0122,9,13,0
W_N_0122,9,14,0
W_N_0122,9,15,0
W_N_0122,9,16,0
W_N_0122,9,17,0
W_N_0122,9,18,0
W_N_0122,9,19,0
W_N_0122,9,20,0
W_N_0122,9,21,0
W_N_0122,9,22,0
W_N_0122,9,23,0
W_N_0122,9,24,0
W_N_0122,9,25,0
W_N_0122,9,26,0
W_N_0122,9,27,1
W_N_0122,9,28,1
W_N_0122,9,29,1
W_N_0122,9,30,0
W_N_0122,9,31,0
W_N_0122,10,1,0
W_N_0122,10,2,0
W_N_0122,10,3,0
W_N_0122,10,4,0
W_N_0122,10,5,0
W_N_0122,10,6,0
W_N_0122,10,7,0
W_N_0122,10,8,0
W_N_0122,10,9,0
W_N_0122,10,10,0
W_N_0122,10,11,0
W_N_0122,10,12,0
W_N_0122,10,13,0
W_N_0122,10,14,0
W_N_0122,10,15,0
W_N_0122,10,16,0
W_N_0122,10,17,0
W_N_0122,10,18,0
W_N_0122,10,19,0
W_N_0122,10,20,0
W_N_0122,10,21,0
W_N_0122,10,22,0
W_N_0122,10,23,0
W_N_0122,10,24,0
W_N_0122,10,25,0
W_N_0122,10,26,0
W_N_0122,10,27,0
W_N_0122,10,28,0
W_N_0122,10,29,0
W_N_0122,10,30,0
W_N_0122,10,31,0
W_N_0122,10,32,0
W_N_0122,11,1,0
W_N_0122,11,2,0
W_N_0122,11,3,1
W_N_0122,11,4,1
W_N_0122,11,5,0
W_N_0122,11,6,0
W_N_0122,11,7,0
W_N_0122,11,8,0
W_N_0122,11,9,0
W_N_0122,11,10,0
W_N_0122,11,11,1
W_N_0122,11,12,0
W_N_0122,11,13,0
W_N_0122,11,14,0
W_N_0122,11,15,0
W_N_0122,11,16,0
W_N_0122,11,17,0
W_N_0122,11,18,0
W_N_0122,11,19,0
W_N_0122,11,20,0
W_N_0122,11,21,0
W_N_0122,11,22,0
W_N_0122,11,23,0
W_N_0122,11,24,0
W_N_0122,11,25,0
W_N_0122,11,26,1
W_N_0122,11,27,0
W_N_0122,11,28,0
W_N_0122,11,29,0
W_N_0122,11,30,1
W_N_0122,11,31,0
W_N_0122,11,32,0
W_N_0122,12,0,1
W_N_0122,12,1,0
W_N_0122,12,2,1
W_N_0122,12,3,0
W_N_0122,12,4,0
W_N_0122,12,5,0
W_N_0122,12,6,0
W_N_0122,12,7,0
W_N_0122,12,8,0
W_N_0122,12,9,0
W_N_0122,12,10,0
W_N_0122,12,11,0
W_N_0122,12,12,0
W_N_0122,12,13,1
W_N_0122,12,14,0
W_N_0122,12,15,0
W_N_0122,12,16,0
W_N_0122,12,17,0
W_N_0122,12,18,0
W_N_0122,12,19,1
W_N_0122,12,20,0
W_N_0122,12,21,0
W_N_0122,12,22,0
W_N_0122,12,23,0
W_N_0122,12,24,0
W_N_0122,12,25,0
W_N_0122,12,26,1
W_N_0122,12,27,0
W_N_0122,12,28,0
W_N_0122,12,29,0
W_N_0122,12,30,0
W_N_0122,12,31,1
W_N_0122,12,32,0
W_N_0122,13,0,0
W_N_0122,13,1,0
W_N_0122,13,2,0
W_N_0122,13,3,0
W_N_0122,13,4,0
W_N_0122,13,5,0
W_N_0122,13,6,0
W_N_0122,13,7,0
W_N_0122,13,8,0
W_N_0122,13,9,0
W_N_0122,13,10,0
W_N_0122,13,11,0
W_N_0122,13,12,0
W_N_0122,13,13,0
W_N_0122,13,14,0
W_N_0122,13,15,0
W_N_0122,13,16,0
W_N_0122,13,17,0
W_N_0122,13,18,0
W_N_0122,13,19,0
W_N_0122,13,20,0
W_N_0122,13,21,0
W_N_0122,13,22,0
W_N_0122,13,23,0
W_N_0122,13,24,0
W_N_0122,13,25,0
W_N_0122,13,26,0
W_N_0122,13,27,0
W_N_0122,13,28,0
W_N_0122,13,29,0
W_N_0122,13,30,0
W_N_0122,13,31,0
W_N_0122,13,32,0
W_N_0122,13,33,0
W_N_0122,14,0,0
W_N_0122,14,1,0
W_N_0122,14,2,1
W_N_0122,14,3,0
W_N_0122,14,4,0
W_N_0122,14,5,0
W_N_0122,14,6,0
W_N_0122,14,7,0
W_N_0122,14,8,0
W_N_0122,14,9,0
W_N_0122,14,10,0
W_N_0122,14,11,1
W_N_0122,14,12,0
W_N_0122,14,13,0
W_N_0122,14,14,0
W_N_0122,14,15,0
W_N_0122,14,16,1
W_N_0122,14,17,0
W_N_0122,14,18,0
W_N_0122,14,19,0
W_N_0122,14,20,1
W_N_0122,14,21,0
W_N_0122,14,22,0
W_N_0122,14,23,0
W_N_0122,14,24,0
W_N_0122,14,25,0
W_N_0122,14,26,0
W_N_0122,14,27,1
W_N_0122,14,28,1
W_N_0122,14,29,0
W_N_0122,14,30,0
W_N_0122,14,31,0
W_N_0122,14,32,0
W_N_0122,14,33,0
W_N_0122,15,0,0
W_N_0122,15,1,0
W_N_0122,15,2,0
W_N_0122,15,3,0
W_N_0122,15,4,0
W_N_0122,15,5,0
W_N_0122,15,6,0
W_N_0122,15,7,0
W_N_0122,15,8,0
W_N_0122,15,9,0
W_N_0122,15,10,0
W_N_0122,15,11,0
W_N_0122,15,12,0
W_N_0122,15,13,1
W_N_0122,15,14,0
W_N_0122,15,15,0
W_N_0122,15,16,0
W_N_0122,15,17,0
W_N_0122,15,18,0
W_N_0122,15,19,0
W_N_0122,15,20,0
W_N_0122,15,21,0
W_N_0122,15,22,0
W_N_0122,15,23,0
W_N_0122,15,24,0
W_N_0122,15,25,0
W_N_0122,15,26,0
W_N_0122,15,27,0
W_N_0122,15,28,0
W_N_0122,15,29,0
W_N_0122,15,30,0
W_N_0122,15,31,0
W_N_0122,15,32,0
W_N_0122,15,33,0
W_N_0122,16,0,1
W_N_0122,16,1,0
W_N_0122,16,2,0
W_N_0122,16,3,1
W_N_0122,16,4,0
W_N_0122,16,5,0
W_N_0122,16,6,1
W_N_0122,16,7,0
W_N_0122,16,8,0
W_N_0122,16,9,0
W_N_0122,16,10,0
W_N_0122,16,11,0
W_N_0122,16,12,1
W_N_0122,16,13,0
W_N_0122,16,14,0
W_N_0122,16,15,0
W_N_0122,16,16,0
W_N_0122,16,17,0
W_N_0122,16,18,0
W_N_0122,16,19,0
W_N_0122,16,20,0
W_N_0122,16,21,0
W_N_0122,16,22,0
W_N_0122,16,23,1
W_N_0122,16,24,0
W_N_0122,16,25,0
W_N_0122,16,26,1
W_N_0122,16,27,0
W_N_0122,16,28,0
W_N_0122,16,29,0
W_N_0122,16,30,0
W_N_0122,16,31,0
W_N_0122,16,32,0
W_N_0122,16,33,0
W_N_0122,17,0,0
W_N_0122,17,1,0
W_N_0122,17,2,0
W_N_0122,17,3,0
W_N_0122,17,4,0
W_N_0122,17,5,0
W_N_0122,17,6,0
W_N_0122,17,7,0
W_N_0122,17,8,0
W_N_0122,17,9,1
W_N_0122,17,10,0
W_N_0122,17,11,1
W_N_0122,17,12,0
W_N_0122,17,13,1
W_N_0122,17,14,0
W_N_0122,17,15,0
W_N_0122,17,16,0
W_N_0122,17,17,1
W_N_0122,17,18,0
W_N_0122,17,19,1
W_N_0122,17,20,0
W_N_0122,17,21,0
W_N_0122,17,22,0
W_N_0122,17,23,0
W_N_0122,17,24,0
W_N_0122,17,25,0
W_N_0122,17,26,0
W_N_0122,17,27,0
W_N_0122,17,28,1
W_N_0122,17,29,0
W_N_0122,17,30,0
W_N_0122,17,31,0
W_N_0122,17,32,0
W_N_0122,17,33,1
W_N_0122,18,0,1
W_N_0122,18,1,0
W_N_0122,18,2,1
W_N_0122,18,3,0
W_N_0122,18,4,0
W_N_0122,18,5,0
W_N_0122,18,6,0
W_N_0122,18,7,1
W_N_0122,18,8,0
W_N_0122,18,9,0
W_N_0122,18,10,0
W_N_0122,18,11,0
W_N_0122,18,12,0
W_N_0122,18,13,0
W_N_0122,18,14,1
W_N_0122,18,15,0
W_N_0122,18,16,0
W_N_0122,18,17,0
W_N_0122,18,18,0
W_N_0122,18,19,0
W_N_0122,18,20,0
W_N_0122,18,21,0
W_N_0122,18,22,0
W_N_0122,18,23,0
W_N_0122,18,24,0
W_N_0122,18,25,0
W_N_0122,18,26,0
W_N_0122,18,27,0
W_N_0122,18,28,0
W_N_0122,18,29,0
W_N_0122,18,30,0
W_N_0122,18,31,1
W_N_0122,18,32,1
W_N_0122,19,1,1
W_N_0122,19,2,0
W_N_0122,19,3,1
W_N_0122,19,4,0
W_N_0122,19,5,0
W_N_0122,19,6,0
W_N_0122,19,7,0
W_N_0122,19,8,0
W_N_0122,19,9,0
W_N_0122,19,10,0
W_N_0122,19,11,0
W_N_0122,19,12,0
W_N_0122,19,13,0
W_N_0122,19,14,1
W_N_0122,19,15,0
W_N_0122,19,16,0
W_N_0122,19,17,0
W_N_0122,19,18,0
W_N_0122,19,19,0
W_N_0122,19,20,0
W_N_0122,19,21,0
W_N_0122,19,22,0
W_N_0122,19,23,0
W_N_0122,19,24,0
W_N_0122,19,25,0
W_N_0122,19,26,0
W_N_0122,19,27,0
W_N_0122,19,28,0
W_N_0122,19,29,1
W_N_0122,19,30,0
W_N_0122,19,31,0
W_N_0122,19,32,1
W_N_0122,20,1,1
W_N_0122,20,2,0
W_N_0122,20,3,0
W_N_0122,20,4,0
W_N_0122,20,5,0
W_N_0122,20,6,0
W_N_0122,20,7,0
W_N_0122,20,8,1
W_N_0122,20,9,0
W_N_0122,20,10,0
W_N_0122,20,11,0
W_N_0122,20,12,0
W_N_0122,20,13,0
W_N_0122,20,14,0
W_N_0122,20,15,0
W_N_0122,20,16,0
W_N_0122,20,17,1
W_N_0122,20,18,0
W_N_0122,20,19,0
W_N_0122,20,20,1
W_N_0122,20,21,0
W_N_0122,20,22,0
W_N_0122,20,23,0
W_N_0122,20,24,0
W_N_0122,20,25,1
W_N_0122,20,26,1
W_N_0122,20,27,0
W_N_0122,20,28,0
W_N_0122,20,29,0
W_N_0122,20,30,0
W_N_0122,20,31,0
W_N_0122,20,32,1
W_N_0122,21,2,1
W_N_0122,21,3,1
W_N_0122,21,4,0
W_N_0122,21,5,0
W_N_0122,21,6,0
W_N_0122,21,7,0
W_N_0122,21,8,0
W_N_0122,21,9,0
W_N_0122,21,10,0
W_N_0122,21,11,0
W_N_0122,21,12,0
W_N_0122,21,13,0
W_N_0122,21,14,0
W_N_0122,21,15,0
W_N_0122,21,16,0
W_N_0122,21,17,0
W_N_0122,21,18,1
W_N_0122,21,19,0
W_N_0122,21,20,1
W_N_0122,21,21,0
W_N_0122,21,22,0
W_N_0122,21,23,0
W_N_0122,21,24,0
W_N_0122,21,25,0
W_N_0122,21,26,0
W_N_0122,21,27,0
W_N_0122,21,28,0
W_N_0122,21,29,1
W_N_0122,21,30,0
W_N_0122,21,31,0
W_N_0122,22,2,0
W_N_0122,22,3,1
W_N_0122,22,4,0
W_N_0122,22,5,0
W_N_0122,22,6,0
W_N_0122,22,7,0
W_N_0122,22,8,0
W_N_0122,22,9,1
W_N_0122,22,10,1
W_N_0122,22,11,0
W_N_0122,22,12,0
W_N_0122,22,13,0
W_N_0122,22,14,0
W_N_0122,22,15,0
W_N_0122,22,16,0
W_N_0122,22,17,0
W_N_0122,22,18,0
W_N_0122,22,19,0
W_N_0122,22,20,0
W_N_0122,22,21,0
W_N_0122,22,22,0
W_N_0122,22,23,0
W_N_0122,22,24,1
W_N_0122,22,25,0
W_N_0122,22,26,0
W_N_0122,22,27,0
W_N_0122,22,28,0
W_N_0122,22,29,0
W_N_0122,22,30,0
W_N_0122,23,3,0
W_N_0122,23,4,0
W_N_0122,23,5,0
W_N_0122,23,6,1
W_N_0122,23,7,0
W_N_0122,23,8,0
W_N_0122,23,9,0
W_N_0122,23,10,0
W_N_0122,23,11,1
W_N_0122,23,12,0
W_N_0122,23,13,0
W_N_0122,23,14,0
W_N_0122,23,15,0
W_N_0122,23,16,0
W_N_0122,23,17,0
W_N_0122,23,18,0
W_N_0122,23,19,1
W_N_0122,23,20,0
W_N_0122,23,21,0
W_N_0122,23,22,0
W_N_0122,23,23,0
W_N_0122,23,24,0
W_N_0122,23,25,0
W_N_0122,23,26,1
W_N_0122,23,27,0
W_N_0122,23,28,0
W_N_0122,23,29,1
W_N_0122,23,30,0
W_N_0122,24,4,0
W_N_0122,24,5,0
W_N_0122,24,6,1
W_N_0122,24,7,0
W_N_0122,24,8,0
W_N_0122,24,9,0
W_N_0122,24,10,0
W_N_0122,24,11,0
W_N_0122,24,12,0
W_N_0122,24,13,0
W_N_0122,24,14,0
W_N_0122,24,15,0
W_N_0122,24,16,0
W_N_0122,24,17,0
W_N_0122,24,18,0
W_N_0122,24,19,0
W_N_0122,24,20,0
W_N_0122,24,21,0
W_N_0122,24,22,0
W_N_0122,24,23,0
W_N_0122,24,24,0
W_N_0122,24,25,0
W_N_0122,24,26,0
W_N_0122,24,27,0
W_N_0122,24,28,0
W_N_0122,24,29,0
W_N_0122,25,5,1
W_N_0122,25,6,1
W_N_0122,25,7,0
W_N_0122,25,8,0
W_N_0122,25,9,0
W_N_0122,25,10,0
W_N_0122,25,11,0
W_N_0122,25,12,0
W_N_0122,25,13,0
W_N_0122,25,14,0
W_N_0122,25,15,1
W_N_0122,25,16,0
W_N_0122,25,17,0
W_N_0122,25,18,0
W_N_0122,25,19,0
W_N_0122,25,20,0
W_N_0122,25,21,0
W_N_0122,25,22,0
W_N_0122,25,23,0
W_N_0122,25,24,0
W_N_0122,25,25,0
W_N_0122,25,26,1
W_N_0122,25,27,1
W_N_0122,25,28,0
W_N_0122,26,6,0
W_N_0122,26,7,0
W_N_0122,26,8,0
W_N_0122,26,9,0
W_N_0122,26,10,1
W_N_0122,26,11,1
W_N_0122,26,12,0
W_N_0122,26,13,1
W_N_0122,26,14,0
W_N_0122,26,15,0
W_N_0122,26,16,0
W_N_0122,26,17,0
W_N_0122,26,18,0
W_N_0122,26,19,1
W_N_0122,26,20,0
W_N_0122,26,21,0
W_N_0122,26,22,0
W_N_0122,26,23,0
W_N_0122,26,24,0
W_N_0122,26,25,0
W_N_0122,26,26,1
W_N_0122,26,27,1
W_N_0122,27,8,0
W_N_0122,27,9,1
W_N_0122,27,10,0
W_N_0122,27,11,0
W_N_0122,27,12,0
W_N_0122,27,13,0
W_N_0122,27,14,0
W_N_0122,27,15,0
W_N_0122,27,16,0
W_N_0122,27,17,0
W_N_0122,27,18,0
W_N_0122,27,19,0
W_N_0122,27,20,0
W_N_0122,27,21,0
W_N_0122,27,22,0
W_N_0122,27,23,0
W_N_0122,27,24,0
W_N_0122,27,25,0
W_N_0122,28,10,1
W_N_0122,28,11,0
W_N_0122,28,12,0
W_N_0122,28,13,1
W_N_0122,28,14,0
W_N_0122,28,15,0
W_N_0122,28,16,0
W_N_0122,28,17,1
W_N_0122,28,18,0
W_N_0122,28,19,0
W_N_0122,28,20,0
W_N_0122,28,21,1
W_N_0122,28,22,0
W_N_0122,28,23,1
W_N_0122,29,13,0
W_N_0122,29,14,1
W_N_0122,29,15,0
W_N_0122,29,16,1
W_N_0122,29,17,1
W_N_0122,29,18,0
W_N_0122,29,19,0
W_N_0122,29,20,1
