block_position,model_coefficient,selected_die_contribution,pass_mean,new_failure_mean,class_mean_difference,absolute_selected_die_contribution
1,0.0031663012,-0.00096518645,99.76924,101.16961,1.4003677,0.00096518645
2,0.0049013207,-0.0012524032,100.30109,100.753204,0.45211792,0.0012524032
3,0.0060437243,0.0034862475,99.90206,100.5423,0.6402359,0.0034862475
4,0.0050022765,0.0032847985,100.40408,100.36267,-0.041412354,0.0032847985
5,0.004459191,0.0048309765,100.43759,100.38852,-0.049072266,0.0048309765
6,0.005179951,0.008628285,100.38298,100.39263,0.009651184,0.008628285
7,0.0010819975,-0.00046583012,99.89992,100.06095,0.16103363,0.00046583012
8,-0.0020956914,0.000414567,100.562195,100.3493,-0.21289825,0.000414567
9,-0.0051231827,-0.0007851264,99.90644,100.283516,0.3770752,0.0007851264
10,-0.006689551,0.008072595,100.249344,100.15957,-0.089775085,0.008072595
11,-0.0063320496,0.0059854053,99.889694,100.338936,0.44924164,0.0059854053
12,-0.007816785,-3.611089e-05,99.99903,100.10516,0.10613251,3.611089e-05
13,-0.009742143,0.003673154,100.1648,100.32852,0.16371918,0.003673154
14,-0.010076529,-0.008142234,99.77829,99.985405,0.20711517,0.008142234
15,-0.008309655,0.0015490243,100.1967,99.92561,-0.27108765,0.0015490243
16,-0.009011275,0.0015806877,99.81103,100.27631,0.46528625,0.0015806877
17,-0.0043396475,-0.0023600524,99.715775,100.06058,0.34480286,0.0023600524
18,-0.0027166721,-0.0018668718,99.879524,99.69929,-0.18023682,0.0018668718
19,0.0025126303,0.0011445956,100.10561,100.02694,-0.07867432,0.0011445956
20,0.003766784,0.004621536,100.225426,100.32894,0.103515625,0.004621536
21,0.009368038,-0.002973833,100.21294,99.95621,-0.25672913,0.002973833
22,0.010422953,0.0038869565,100.23882,99.856705,-0.38211823,0.0038869565
23,0.011064649,0.016505763,100.599075,100.48019,-0.118888855,0.016505763
24,0.010123134,0.008182398,100.5623,100.56734,0.0050354004,0.008182398
25,0.007158089,0.009709693,100.07045,100.28322,0.21276855,0.009709693
26,0.004094138,0.0006489826,99.90807,100.10311,0.19503784,0.0006489826
27,0.0041656685,0.0010688954,100.04989,100.479675,0.42978668,0.0010688954
28,0.003283591,0.0031051242,99.879875,99.764084,-0.11579132,0.0031051242
29,0.00499679,-0.005090439,99.98614,100.409294,0.42315674,0.005090439
30,0.0042450456,0.0012986199,99.80217,100.320656,0.518486,0.0012986199
31,0.0049055987,-0.0054459586,99.82696,100.78475,0.9577942,0.0054459586
32,0.002891562,-0.00065862626,100.227325,100.5269,0.2995758,0.00065862626
33,0.005514015,0.0009820844,100.20061,99.85973,-0.34087372,0.0009820844
34,0.004549562,-0.004702812,100.01017,99.75486,-0.25531006,0.004702812
35,0.004886045,-0.00033938035,99.80038,99.90463,0.104255676,0.00033938035
36,0.004321974,-0.0033347302,99.5951,99.92234,0.32724,0.0033347302
37,0.002931249,-0.007903125,99.790665,100.431915,0.6412506,0.007903125
38,0.0021565964,-0.0033455968,99.62894,100.30382,0.674881,0.0033455968
39,0.0032562972,-0.0059268926,99.68711,100.60336,0.91625214,0.0059268926
40,0.0032327147,0.00022244235,99.73406,100.31879,0.5847244,0.00022244235
41,0.0033775317,0.0036544518,100.316414,100.63434,0.3179245,0.0036544518
42,0.0013431015,-0.0008183613,100.00433,100.42725,0.42292023,0.0008183613
43,0.0009642385,0.00043719265,99.44472,100.696625,1.2519073,0.00043719265
44,0.000962859,-0.00046410906,99.873344,100.54033,0.66698456,0.00046410906
45,0.0007162439,-0.0010377666,99.97962,100.49066,0.51103973,0.0010377666
46,-0.00089750154,0.0005903337,99.876625,100.18395,0.30732727,0.0005903337
47,-7.991292e-05,-5.626097e-05,100.6145,100.43848,-0.17602539,5.626097e-05
48,0.0010321941,-0.0015905416,100.22611,99.976616,-0.24949646,0.0015905416
49,0.0024051128,-0.003418808,99.93011,100.28319,0.35308075,0.003418808
50,0.0015766649,-0.0015289941,100.476715,100.46837,-0.008346558,0.0015289941
51,0.0033312854,-0.002974289,100.11034,100.355255,0.24491882,0.002974289
52,0.0040389537,-0.003227121,100.38888,100.809204,0.42032623,0.003227121
53,0.0071160756,-0.006681793,100.15266,100.44414,0.29148102,0.006681793
54,0.00732675,-0.01310051,100.390915,100.72813,0.3372116,0.01310051
55,0.0044684038,-0.008401977,100.26217,100.3223,0.060134888,0.008401977
56,0.0047957106,-0.01352997,100.1144,100.651855,0.5374527,0.01352997
57,0.0002602368,-0.0002881086,99.97001,100.028046,0.058036804,0.0002881086
58,-0.0007404265,0.0005149874,100.209564,100.53874,0.32917786,0.0005149874
59,-0.002154089,-0.0022515801,99.427185,100.46831,1.0411224,0.0022515801
60,-0.0034927095,0.0011957787,99.93838,100.81921,0.88082886,0.0011957787
61,-0.003415814,0.003722471,100.406456,100.14442,-0.26203918,0.003722471
62,-0.0040574963,-0.0044148215,100.74917,100.12474,-0.6244278,0.0044148215
63,0.00078793993,-0.0006249747,100.67418,100.24609,-0.42808533,0.0006249747
64,0.00333771,0.0012342692,100.16849,99.95608,-0.21240997,0.0012342692
65,0.008398226,-0.00027237952,99.75935,100.41869,0.6593399,0.00027237952
66,0.010801648,0.008023303,100.13998,100.55073,0.41075134,0.008023303
67,0.013098203,0.007775562,99.56461,100.07407,0.50946045,0.007775562
68,0.011364006,0.022553772,99.70931,100.12337,0.41405487,0.022553772
69,0.01023362,-0.0018621419,100.05421,100.16054,0.10633087,0.0018621419
70,0.006131067,0.008599529,100.035194,100.2381,0.20290375,0.008599529
71,0.005195946,0.002502333,100.01837,100.59848,0.58010864,0.002502333
72,0.003432919,0.00309022,100.18816,100.74373,0.5555649,0.00309022
73,0.002432006,-0.0014385257,99.827736,100.88931,1.0615768,0.0014385257
74,0.0037027237,-0.0004058051,99.68029,100.388374,0.7080841,0.0004058051
75,0.0053826724,-0.0042304606,99.897675,100.17632,0.27864838,0.0042304606
76,0.0071447976,-0.0039280057,99.920586,100.171425,0.25083923,0.0039280057
77,0.009652578,0.007956203,99.607155,100.022064,0.41490936,0.007956203
78,0.011164395,-0.019518353,99.83787,100.66579,0.827919,0.019518353
79,0.013322967,-0.011286875,99.81504,100.542175,0.7271347,0.011286875
80,0.014898129,-0.016549163,99.9495,100.28888,0.33937836,0.016549163
81,0.0138404835,0.008283521,99.89374,100.17592,0.2821808,0.008283521
82,0.014314877,-0.010991964,100.179695,100.27587,0.09617615,0.010991964
83,0.010844162,0.0062204036,100.08251,99.89358,-0.18893433,0.0062204036
84,0.008984333,-0.006641893,99.89889,100.406044,0.5071564,0.006641893
85,0.003920683,-0.0028233738,100.29094,100.1834,-0.107536316,0.0028233738
86,0.0048502823,-0.003143611,100.226456,100.60255,0.376091,0.003143611
87,0.0032012057,0.0013067039,100.55415,100.158455,-0.39569855,0.0013067039
88,0.0044439565,0.0036426205,100.3378,100.91268,0.5748825,0.0036426205
89,0.0075588413,-0.00060706417,100.419205,100.38945,-0.029754639,0.00060706417
90,0.0051898635,-0.0119231995,99.67285,100.45284,0.77999115,0.0119231995
91,0.0070720557,-0.0037071372,100.70155,100.020096,-0.6814575,0.0037071372
92,0.0061754235,0.0023847388,100.36866,100.11265,-0.25601196,0.0023847388
93,0.009410623,-0.0068487185,100.35871,100.27449,-0.084220886,0.0068487185
94,0.009855677,0.008819759,100.104034,100.481995,0.3779602,0.008819759
95,0.008371492,0.0035960085,100.526024,100.16002,-0.36600494,0.0035960085
96,0.0103611555,0.005025096,100.541306,99.91368,-0.6276245,0.005025096
97,0.0072108144,-0.0013536888,100.00631,100.37563,0.36932373,0.0013536888
98,0.0067969374,-0.007953412,100.10523,100.32697,0.22174072,0.007953412
99,0.0064683976,-0.0013235963,100.44247,99.90141,-0.5410538,0.0013235963
100,0.0063735684,0.00053316285,99.94921,100.49112,0.54190826,0.00053316285
101,0.008164167,0.0028242767,100.03746,99.96223,-0.07523346,0.0028242767
102,0.00765427,-0.005665753,99.6291,100.323006,0.6939087,0.005665753
103,0.007191623,0.003858097,99.725586,100.23189,0.5063019,0.003858097
104,0.0072133304,0.003899735,99.83145,99.79623,-0.035224915,0.003899735
105,0.006854769,0.00021500968,99.94626,100.038765,0.09250641,0.00021500968
106,0.0068259104,0.005244888,100.36135,100.60587,0.2445221,0.005244888
107,0.00532773,0.006221846,99.89264,99.70177,-0.19087219,0.006221846
108,0.008069285,0.012266964,99.832924,99.88969,0.056762695,0.012266964
109,0.009993877,0.012272321,99.64175,99.90765,0.2659073,0.012272321
110,0.012716937,0.009434875,99.835335,99.951164,0.11582947,0.009434875
111,0.013746905,0.019432466,100.00265,100.20456,0.20191193,0.019432466
112,0.014512851,0.0074562794,99.87677,100.17707,0.3003006,0.0074562794
113,0.012675777,0.0037031106,99.96298,99.82508,-0.1379013,0.0037031106
114,0.013957932,-0.0015771121,100.0798,100.1911,0.11129761,0.0015771121
115,0.013204836,-0.0158332,99.88161,100.03143,0.14982605,0.0158332
116,0.014019201,-0.008525343,100.1313,99.9273,-0.20400238,0.008525343
117,0.0117101865,-0.004618301,100.215805,100.28521,0.0694046,0.004618301
118,0.011296706,-0.005422173,99.78928,100.26527,0.47598267,0.005422173
119,0.0097096255,7.832058e-05,100.06333,100.23472,0.17138672,7.832058e-05
120,0.0072897454,-0.0069383923,99.98853,100.05176,0.06322479,0.0069383923
121,0.0045547816,-0.0032218515,99.85508,100.41982,0.56474304,0.0032218515
122,0.003173938,-0.0013442286,99.701126,100.137146,0.4360199,0.0013442286
123,0.00026910118,0.00039111092,99.68259,100.54735,0.86476135,0.00039111092
124,-0.00031512632,-0.00014407527,99.77652,100.24829,0.47177124,0.00014407527
125,0.0009261744,-0.0009539672,99.98225,100.33,0.34775543,0.0009539672
126,0.003631603,0.0013449218,100.07342,100.00407,-0.0693512,0.0013449218
127,0.003619245,0.00058698683,100.303154,100.3081,0.0049438477,0.00058698683
128,0.0067411168,0.0022079118,99.91256,100.169365,0.25680542,0.0022079118
129,0.008449828,0.018192919,100.01868,100.1398,0.12112427,0.018192919
130,0.009695104,-0.0064502917,100.03401,99.87161,-0.16239929,0.0064502917
131,0.009763089,0.0018071317,100.01337,100.46155,0.44818115,0.0018071317
132,0.008808927,0.0050248257,99.79021,99.48232,-0.30788422,0.0050248257
133,0.0077762506,0.008156271,99.536804,99.997314,0.46051025,0.008156271
134,0.006471458,-0.0072569647,99.88548,99.798996,-0.08648682,0.0072569647
135,0.007865375,-0.00561273,100.42983,100.70004,0.27021027,0.00561273
136,0.005554,-0.00071397756,99.94189,100.25335,0.3114624,0.00071397756
137,0.0073544784,0.005164771,100.18091,100.588715,0.4078064,0.005164771
138,0.0071774838,0.007032352,100.279305,100.03043,-0.24887085,0.007032352
139,0.006486118,-0.010275762,99.898674,99.92097,0.02229309,0.010275762
140,0.0076425374,0.003193498,100.126915,100.13604,0.009124756,0.003193498
141,0.00654939,-0.01614624,99.640816,99.67742,0.036605835,0.01614624
142,0.0061769895,0.004968515,100.108284,99.99367,-0.114616394,0.004968515
143,0.0043704696,-0.002471351,99.50145,99.84097,0.33952332,0.002471351
144,0.0052501974,0.0009520896,100.20883,100.09874,-0.11009216,0.0009520896
145,0.0049809003,-0.004411431,100.076706,100.01698,-0.0597229,0.004411431
146,0.00554475,0.00374606,100.3087,100.174446,-0.13425446,0.00374606
147,0.007861946,-0.012088442,100.33206,99.96866,-0.36340332,0.012088442
148,0.008202388,-0.0020791725,100.31279,100.27764,-0.03514862,0.0020791725
149,0.006156453,-0.0028153146,99.993866,100.433525,0.43965912,0.0028153146
150,0.0047453954,-0.008605728,100.37203,100.27891,-0.09312439,0.008605728
151,0.0011144379,-0.0008099406,100.0027,100.39105,0.38835144,0.0008099406
152,0.0019516102,-0.0022548905,99.83238,100.15077,0.3183899,0.0022548905
153,0.0019362539,-0.0030617905,100.209305,100.26551,0.05620575,0.0030617905
154,0.0035213856,-0.0022638268,100.17358,100.34793,0.17435455,0.0022638268
155,0.0031123064,0.0035867481,100.24359,100.30839,0.06479645,0.0035867481
156,0.0025965543,0.0005434235,100.14573,100.460556,0.31482697,0.0005434235
157,0.0027696944,0.0016150395,99.82579,100.28398,0.45819092,0.0016150395
158,0.0022138604,-0.0008701611,100.199135,100.247894,0.04875946,0.0008701611
159,0.0005554816,0.00028832522,100.49991,100.09731,-0.40259552,0.00028832522
160,-0.0010226853,-0.00017730765,100.45398,100.366936,-0.08704376,0.00017730765
161,-0.0007302945,0.00040391475,100.02036,100.71688,0.69651794,0.00040391475
162,0.0013650083,-0.00063252775,100.13889,100.55195,0.41305542,0.00063252775
163,0.0037107943,0.0057146433,99.59176,100.35625,0.7644882,0.0057146433
164,0.0041074157,-0.0021045327,100.57836,100.32452,-0.2538452,0.0021045327
165,0.0031708274,0.003640219,99.997635,99.96372,-0.03391266,0.003640219
166,0.004075352,0.006607315,100.11076,99.888176,-0.22258759,0.006607315
167,0.0025107714,0.000981061,100.178894,99.79851,-0.38038635,0.000981061
168,0.0027334397,0.0027802817,100.241325,100.1827,-0.058624268,0.0027802817
169,0.003239493,0.0021148662,100.35185,100.225296,-0.1265564,0.0021148662
170,0.0037763526,-0.0038507113,100.11876,100.341225,0.22246552,0.0038507113
171,0.0050728284,0.0037702376,100.049065,100.517426,0.4683609,0.0037702376
172,0.0065795714,-0.011205227,99.728874,100.20018,0.47130585,0.011205227
173,0.0069168224,0.00023833696,99.84204,100.58613,0.7440872,0.00023833696
174,0.0058598854,-0.011244803,99.748314,100.299965,0.551651,0.011244803
175,0.0033232537,-0.00055428105,100.06441,100.188324,0.123916626,0.00055428105
176,0.0025453607,-0.00080362055,99.91967,100.59813,0.67845917,0.00080362055
177,0.0011241029,-0.0013717306,99.9539,100.23676,0.2828598,0.0013717306
178,0.0018033724,0.0003691549,99.929054,100.68221,0.75315857,0.0003691549
179,0.00067514053,9.158335e-05,100.35773,100.29356,-0.06417084,9.158335e-05
180,0.0017251516,0.0027840808,100.01876,100.29197,0.27320862,0.0027840808
181,0.0041786083,0.0038898755,99.66676,100.04238,0.37561798,0.0038898755
182,0.006179827,0.011869051,99.61357,100.3357,0.7221298,0.011869051
183,0.007963182,0.00864835,99.91458,100.55798,0.6434021,0.00864835
184,0.009584839,0.013914718,100.03846,100.03879,0.00032806396,0.013914718
185,0.0069080936,0.00023690014,99.93773,100.29851,0.3607788,0.00023690014
186,0.005066749,0.001320596,100.079056,100.52417,0.44511414,0.001320596
187,0.0023821827,0.00045010188,100.10373,100.20907,0.10533905,0.00045010188
188,0.0034358406,-0.000781325,100.010635,100.15375,0.14311218,0.000781325
189,0.0044758166,0.005548372,100.60858,100.43706,-0.17152405,0.005548372
190,0.004391035,0.002786721,99.98498,100.02262,0.037643433,0.002786721
191,0.005814488,-8.7597065e-05,99.23646,99.76976,0.5333023,8.7597065e-05
192,0.006979689,-0.0001353872,99.95008,100.17132,0.22123718,0.0001353872
193,0.010736231,0.0038173299,100.223305,100.39684,0.17353821,0.0038173299
194,0.012913785,0.007349123,99.87431,99.97706,0.102745056,0.007349123
195,0.013752873,0.0010592042,99.899666,100.58007,0.68040466,0.0010592042
196,0.015811529,-0.011860667,99.63216,99.865364,0.2332077,0.011860667
197,0.014028648,-0.0038358406,99.48447,100.328995,0.8445282,0.0038358406
198,0.014768543,-0.0047530197,99.547676,100.72037,1.1726913,0.0047530197
199,0.015700959,-0.025860474,99.76626,100.43829,0.6720352,0.025860474
200,0.013550928,-0.05039891,99.94636,100.538475,0.5921173,0.05039891
201,0.014661501,-0.014112156,100.50688,100.376495,-0.13038635,0.014112156
202,0.012367631,-0.0008092521,100.8948,99.987625,-0.90717316,0.0008092521
203,0.009646229,-0.009750318,100.08445,100.538925,0.4544754,0.009750318
204,0.0034832703,0.0020056,99.88475,100.25018,0.36543274,0.0020056
205,0.0008469701,0.001338168,100.15225,100.02868,-0.1235733,0.001338168
206,-0.0022601024,-0.001433181,100.16839,99.81902,-0.34936523,0.001433181
207,-0.0046980586,0.005437791,100.47982,100.137566,-0.34225464,0.005437791
208,-0.005399247,0.009120054,100.189705,100.43294,0.24323273,0.009120054
209,-0.006120918,-0.0010411992,100.15905,99.876686,-0.2823639,0.0010411992
210,-0.00686877,0.0047838343,99.762924,100.11602,0.353096,0.0047838343
211,-0.0050245067,-0.0070643816,99.81395,100.14163,0.3276825,0.0070643816
212,-0.0036516185,-0.008017278,100.168396,100.09415,-0.07424927,0.008017278
213,-0.0006911444,-0.00014342072,99.9305,100.43163,0.5011368,0.00014342072
214,0.0006690154,-9.718378e-05,99.86599,100.2988,0.43280792,9.718378e-05
215,0.004044591,-0.003436519,100.34501,100.24606,-0.09894562,0.003436519
216,0.004326873,0.0072015966,100.12554,100.5055,0.3799591,0.0072015966
217,0.0044961628,0.003815126,99.879364,100.34064,0.4612732,0.003815126
218,0.0056345356,0.0043806774,100.08203,100.07298,-0.009048462,0.0043806774
219,0.006962973,-0.009365035,100.14707,100.39351,0.24643707,0.009365035
220,0.0058822967,-0.0011375727,100.16483,100.03839,-0.12644196,0.0011375727
221,0.008349806,-0.00095101283,100.16152,99.883064,-0.27845764,0.00095101283
222,0.00861383,-0.013014642,99.87671,99.868706,-0.008003235,0.013014642
223,0.00925404,-0.015263127,99.62389,100.29828,0.6743851,0.015263127
224,0.011400556,-0.019554516,99.810165,100.23154,0.42137146,0.019554516
225,0.012038304,0.018514121,99.92965,100.19016,0.2605133,0.018514121
226,0.012604805,-0.011788864,100.24231,100.48276,0.240448,0.011788864
227,0.009717535,-0.023323672,100.10922,99.83105,-0.27817535,0.023323672
228,0.0096019395,-0.0037302808,100.193,100.27652,0.08351898,0.0037302808
229,0.0040784995,-0.0022250456,99.998566,99.8442,-0.15436554,0.0022250456
230,0.0025984747,0.0040622912,100.218575,99.9342,-0.28437805,0.0040622912
231,-0.002154843,-0.0021797605,99.91791,100.02688,0.10897064,0.0021797605
232,-0.0048521976,-0.0054133437,99.824844,100.19819,0.37334442,0.0054133437
233,-0.0076158163,-0.0031723296,100.244675,100.39016,0.14548492,0.0031723296
234,-0.0072192815,0.001384595,100.71646,100.58285,-0.13361359,0.001384595
235,-0.005997846,0.003383612,100.066895,100.51702,0.45012665,0.003383612
236,-0.0024495663,-0.00031385152,100.139465,100.508545,0.3690796,0.00031385152
237,0.002205005,0.0012261228,100.1285,100.21336,0.084861755,0.0012261228
238,0.0034393999,-0.003956876,100.04879,100.323654,0.2748642,0.003956876
239,0.009377725,-0.0119472025,100.17976,100.02299,-0.15677643,0.0119472025
240,0.011245101,-0.023984613,100.22201,99.8595,-0.36251068,0.023984613
241,0.01270326,-0.01250171,99.9073,100.449455,0.5421524,0.01250171
242,0.012101009,0.0074249553,99.81022,100.3085,0.4982834,0.0074249553
243,0.010499792,0.0068056653,99.68326,100.36681,0.6835556,0.0068056653
244,0.012004675,-0.013391557,99.77957,100.080284,0.3007126,0.013391557
245,0.010704243,-0.0042259847,99.5661,100.1946,0.6285019,0.0042259847
246,0.011963573,0.010206486,100.1861,100.14806,-0.03803253,0.010206486
247,0.011591878,-0.0004037324,99.857864,100.37106,0.51319885,0.0004037324
248,0.008192954,0.0033567208,99.7429,100.280876,0.5379791,0.0033567208
249,0.007215092,0.013966958,99.967354,100.440956,0.4736023,0.013966958
250,0.0052327747,-0.003165703,99.8377,100.6835,0.8458023,0.003165703
251,0.0058583845,0.0025089576,99.81199,100.14917,0.3371811,0.0025089576
252,0.0047436664,-0.006622905,99.93523,100.14575,0.21052551,0.006622905
253,0.006304907,-0.00054982444,99.898834,100.48307,0.58423615,0.00054982444
254,0.005116937,-0.001993035,99.84361,100.330864,0.48725128,0.001993035
255,0.0073231407,-0.00785996,100.10245,100.19293,0.09048462,0.00785996
256,0.005571656,0.0017411311,100.17876,100.02419,-0.1545639,0.0017411311
257,0.0060569122,-0.004950401,99.9107,100.1693,0.25859833,0.004950401
258,0.0047491146,-0.00060826255,100.20024,100.354095,0.15385437,0.00060826255
259,0.0037729258,0.0005273732,99.98604,100.05048,0.064445496,0.0005273732
260,0.0009410221,0.0009074328,100.00998,100.01575,0.0057678223,0.0009074328
261,0.00072141027,-0.00093719707,99.68601,100.05682,0.37081146,0.00093719707
262,-5.9042795e-05,-6.471884e-06,99.555305,100.14825,0.5929413,6.471884e-06
263,0.0030200437,-0.00024696978,99.557785,100.52584,0.9680557,0.00024696978
264,0.0034629996,-0.000656954,100.03311,100.19396,0.16085052,0.000656954
265,0.0053206687,1.4149108e-05,99.83704,100.41212,0.57507324,1.4149108e-05
266,0.008512309,-0.009541007,99.84184,100.01563,0.17378998,0.009541007
267,0.008817433,-0.0044298475,100.239174,100.61494,0.37576294,0.0044298475
268,0.009404474,-0.0023361086,99.82291,100.52793,0.7050247,0.0023361086
269,0.0106332395,0.009896323,99.805374,99.90231,0.09693909,0.009896323
270,0.009259685,0.002586661,99.858025,100.48931,0.6312866,0.002586661
271,0.007543514,-0.0046900893,100.07046,99.22514,-0.845314,0.0046900893
272,0.0043332316,-0.0050934674,100.25213,99.966805,-0.2853241,0.0050934674
273,0.0046385215,0.0060241492,99.695145,99.49209,-0.20305634,0.0060241492
274,0.0027913987,-0.0021638933,100.09228,99.803055,-0.28922272,0.0021638933
275,0.0028863733,0.000986384,99.57062,99.79197,0.22135162,0.000986384
276,0.0020949137,-0.0018305577,99.89229,100.168396,0.2761078,0.0018305577
277,0.003285262,-0.001270514,99.679054,100.05385,0.374794,0.001270514
278,0.004472358,-0.0031225968,99.460205,100.32363,0.8634262,0.0031225968
279,0.0058562006,-0.0019743408,100.1441,100.562454,0.41835785,0.0019743408
280,0.008394958,0.014268534,100.160835,100.43872,0.27788544,0.014268534
281,0.009962874,-0.0016226,99.96057,100.222725,0.26215363,0.0016226
282,0.008189534,0.008989292,99.79828,100.12724,0.32896423,0.008989292
283,0.005240652,0.0034298976,100.44253,100.08193,-0.3605957,0.0034298976
284,0.0035523577,0.00475481,100.39321,100.41891,0.0256958,0.00475481
285,0.0031904483,0.0049408437,100.43206,100.40936,-0.022697449,0.0049408437
286,0.0014208256,0.0021179111,100.26836,100.159836,-0.10852051,0.0021179111
287,-0.00080377894,-0.0010197998,100.08787,100.10725,0.019378662,0.0010197998
288,-0.0011325474,-0.0023081682,100.33987,100.056496,-0.28337097,0.0023081682
289,0.00048291142,5.4233435e-05,99.8395,99.85102,0.011520386,5.4233435e-05
290,0.00053238927,0.0006846725,99.784805,99.76132,-0.023483276,0.0006846725
291,0.0010974006,-0.00042918356,99.650856,99.996475,0.3456192,0.00042918356
292,0.001589219,0.00089523284,99.9423,100.04968,0.10738373,0.00089523284
293,0.002235527,0.0006292606,100.10104,100.189064,0.088020325,0.0006292606
294,0.0032011112,0.0054745637,99.74776,100.01471,0.2669525,0.0054745637
295,0.0044217426,-0.00064789114,99.900925,100.19675,0.29582214,0.00064789114
296,0.0055231797,-0.0036885934,99.98708,100.584114,0.59703064,0.0036885934
297,0.008023813,-0.002035639,99.90877,100.346794,0.43802643,0.002035639
298,0.007140184,-0.0014238104,100.19934,100.02423,-0.17510986,0.0014238104
299,0.009271439,-0.010690261,100.15637,100.228455,0.07208252,0.010690261
300,0.01151841,-0.011206094,99.85026,100.07057,0.22031403,0.011206094
301,0.013950968,-0.0017005638,99.94529,100.14753,0.20223999,0.0017005638
302,0.017613411,-0.0388323,99.79046,100.2463,0.45584106,0.0388323
303,0.017725633,0.007914534,99.4537,99.99661,0.54291534,0.007914534
304,0.01840723,-0.022981085,99.819084,100.41278,0.5936966,0.022981085
305,0.017231107,0.029316051,99.16158,100.19919,1.0376053,0.029316051
306,0.01562917,-0.0073443386,99.67458,100.58523,0.91064453,0.0073443386
307,0.011527242,0.009836358,99.97403,100.16387,0.18984222,0.009836358
308,0.007060932,0.00920034,99.88174,100.38429,0.50255585,0.00920034
309,0.005253122,0.003678166,100.24507,100.306274,0.061203003,0.003678166
310,0.003034587,0.0035879582,99.82414,100.35445,0.53030396,0.0035879582
311,0.0040487624,0.005228746,100.058014,100.06113,0.003112793,0.005228746
312,0.0076543526,0.0065626,99.96521,100.17898,0.213768,0.0065626
313,0.0070074457,0.006368541,100.099915,100.35717,0.25725555,0.006368541
314,0.00851489,0.0065771034,99.89034,100.421364,0.5310211,0.0065771034
315,0.009231375,-0.0057097687,100.10037,100.74617,0.6457977,0.0057097687
316,0.008037276,0.012124128,100.030785,100.09496,0.06417847,0.012124128
317,0.006255537,0.001094982,99.91324,99.91482,0.0015792847,0.001094982
318,0.0034383764,0.0071190824,100.00245,99.91231,-0.0901413,0.0071190824
319,0.0053627784,0.002298097,100.48192,100.69388,0.21195984,0.002298097
320,0.0020160247,-0.00020794316,99.8728,100.51225,0.6394501,0.00020794316
321,0.0045032664,-0.003279557,99.63107,100.342575,0.7115021,0.003279557
322,0.002042836,-0.0007091353,100.10525,100.014824,-0.090423584,0.0007091353
323,0.005460471,-0.0036329138,99.649826,100.32731,0.6774826,0.0036329138
324,0.0052133068,0.0024877987,99.91418,100.544655,0.6304779,0.0024877987
325,0.0071313735,-0.0023213034,99.56986,100.10201,0.53215027,0.0023213034
326,0.007497884,-0.008554171,99.8801,100.52652,0.64642334,0.008554171
327,0.0057743024,0.0056757266,99.71421,99.8909,0.17668915,0.0056757266
328,0.0056134155,0.0059706136,100.459114,100.00832,-0.4507904,0.0059706136
329,0.0075217006,-0.0032682966,99.704346,100.25767,0.55332184,0.0032682966
330,0.004717972,-0.0042768903,99.86724,99.798836,-0.06840515,0.0042768903
331,0.004232172,-0.0015460219,99.64673,100.11031,0.4635849,0.0015460219
332,0.0007376416,-0.0014710278,99.9401,99.52595,-0.41415405,0.0014710278
333,-0.00059586565,0.0007338937,100.05632,99.804245,-0.2520752,0.0007338937
334,-0.0013594278,0.0010636053,100.17926,99.82609,-0.3531723,0.0010636053
335,-0.0027280229,0.0067980234,100.38252,99.72947,-0.6530533,0.0067980234
336,-0.0051492,-0.00048608237,100.25313,100.11207,-0.14105988,0.00048608237
337,-0.0068464973,-0.008751429,100.0641,99.7968,-0.26730347,0.008751429
338,-0.0077673583,0.003261381,99.963524,99.879,-0.08452606,0.003261381
339,-0.0041697826,-0.0049280063,99.712715,99.942505,0.22978973,0.0049280063
340,-0.0020227476,0.00051678094,99.72745,99.95528,0.22782898,0.00051678094
341,-0.00033644427,5.7066693e-05,100.29021,99.81398,-0.4762268,5.7066693e-05
342,0.0024298283,-0.0020599405,99.35661,100.74005,1.3834381,0.0020599405
343,0.0031845332,-0.003651471,100.003716,100.274414,0.27069855,0.003651471
344,0.0019122214,-0.0023153343,100.259384,100.20839,-0.050994873,0.0023153343
345,0.0022931376,-0.0045563863,99.797966,100.14841,0.35044098,0.0045563863
346,-7.75322e-05,3.7842194e-05,100.06935,99.982994,-0.08635712,3.7842194e-05
347,0.001597987,0.0025622365,100.03093,100.151985,0.1210556,0.0025622365
348,0.0021660333,0.0012463944,100.27581,100.34163,0.06581879,0.0012463944
349,0.001760941,0.0012173025,100.23474,100.33373,0.098991394,0.0012173025
350,0.004808424,-0.00045098737,100.52858,100.05235,-0.4762268,0.00045098737
351,0.0043243673,-0.0008760667,100.22884,100.13424,-0.09460449,0.0008760667
352,0.0077235694,0.0064915,100.07202,99.8793,-0.1927185,0.0064915
353,0.00978079,-0.0038980374,99.54858,100.16341,0.61483,0.0038980374
354,0.008245649,0.0046283435,99.95823,99.96129,0.0030593872,0.0046283435
355,0.0073400405,-0.009788909,99.7669,99.930084,0.16318512,0.009788909
356,0.008738033,-0.006414123,100.19371,99.80897,-0.38474274,0.006414123
357,0.008707676,-0.00012789718,99.80682,99.976685,0.16986084,0.00012789718
358,0.010515396,-0.0059152925,100.07231,100.11326,0.04094696,0.0059152925
359,0.012023928,-0.005728156,100.061905,100.77231,0.71040344,0.005728156
360,0.012563381,-0.0053191073,100.18679,99.900925,-0.28586578,0.0053191073
361,0.012418482,-0.021261778,99.54688,100.54151,0.9946289,0.021261778
362,0.008787448,-0.0049238186,100.028885,100.56985,0.5409622,0.0049238186
363,0.006569697,-0.0024959797,99.90064,100.74214,0.8414993,0.0024959797
364,0.0021270558,-0.0033467,100.08588,100.5192,0.43332672,0.0033467
365,0.0026059058,-0.003185872,99.72129,100.31697,0.59568024,0.003185872
366,-0.0007956946,0.00019930652,99.71877,99.97935,0.26057434,0.00019930652
367,0.001226658,-0.0012835512,99.969345,100.38502,0.4156723,0.0012835512
368,0.0023639381,0.002592229,100.27604,100.13258,-0.1434555,0.002592229
369,0.0034067512,0.00022446223,99.74408,100.08795,0.34387207,0.00022446223
370,0.005660142,0.009370111,99.808426,100.45182,0.6433945,0.009370111
371,0.007205057,0.0037529552,100.06,100.04385,-0.016143799,0.0037529552
372,0.010568228,0.0102315275,100.03552,99.90314,-0.13238525,0.0102315275
373,0.012786242,-0.014073954,100.160934,100.43712,0.27618408,0.014073954
374,0.012332507,-0.00090925355,100.21667,100.23718,0.020515442,0.00090925355
375,0.014341015,-0.014869936,99.751915,100.28661,0.5346985,0.014869936
376,0.012692966,0.0102416985,99.888626,100.093285,0.20465851,0.0102416985
377,0.012807697,0.017169254,99.51129,100.014244,0.5029526,0.017169254
378,0.012353663,0.0016393815,100.00302,100.29246,0.28943634,0.0016393815
379,0.012090746,-0.009940159,100.056274,100.13852,0.08224487,0.009940159
380,0.010688062,-0.010428739,100.197586,100.06921,-0.12837982,0.010428739
381,0.009914286,-0.0033783086,100.29125,99.82312,-0.46813202,0.0033783086
382,0.007441583,-0.0020795662,99.945366,99.65054,-0.2948227,0.0020795662
383,0.0050271056,0.0051462916,99.72979,99.68575,-0.044036865,0.0051462916
384,0.0032117355,-0.0014587877,99.84432,99.507576,-0.33674622,0.0014587877
385,0.00249543,0.0041201254,99.58385,99.94674,0.36289215,0.0041201254
386,0.0021212746,0.0014319905,99.90405,99.63221,-0.27184296,0.0014319905
387,-0.00081729353,-0.0001197882,100.00994,100.30069,0.2907486,0.0001197882
388,0.0010561035,-0.0009210047,99.82689,100.12944,0.30255127,0.0009210047
389,-4.4274784e-05,-2.0011825e-05,100.419,100.70067,0.28166962,2.0011825e-05
390,0.003112523,-0.0018270883,100.10358,100.181625,0.078048706,0.0018270883
391,0.0036862812,-0.001276986,100.0997,100.29393,0.19422913,0.001276986
392,0.007450886,-0.0050481004,99.99596,100.33063,0.33467102,0.0050481004
393,0.0090819495,-0.025047993,99.80642,99.86508,0.058662415,0.025047993
394,0.009390903,-0.01574536,99.85105,100.035034,0.18398285,0.01574536
395,0.007844134,0.0010282479,99.81968,99.93266,0.1129837,0.0010282479
396,0.0047669243,-0.005166228,99.694885,99.89745,0.20256805,0.005166228
397,0.0031681743,0.0006370695,99.944305,99.89434,-0.049964905,0.0006370695
398,0.0017955201,-0.0019541704,99.975365,100.31962,0.34425354,0.0019541704
399,-0.0012706511,-0.0013633213,100.15261,100.30289,0.15027618,0.0013633213
400,0.00013489864,8.333486e-05,100.34694,100.19706,-0.14987946,8.333486e-05
401,-0.0014201018,-0.0006826727,100.01269,100.48966,0.4769745,0.0006826727
402,0.0039104903,0.0049616527,99.94811,100.48693,0.53881836,0.0049616527
403,0.0048933867,0.004841023,99.48472,100.151665,0.6669464,0.004841023
404,0.008608703,-0.013615208,100.22748,100.34957,0.1220932,0.013615208
405,0.009756669,0.0017828451,99.98824,100.27044,0.28219604,0.0017828451
406,0.009297548,-0.0011538079,100.07495,99.92597,-0.14897919,0.0011538079
407,0.008068755,-0.0047167116,99.86124,100.203445,0.34220886,0.0047167116
408,0.0066294,-0.0030845483,99.740364,100.308365,0.5680008,0.0030845483
409,0.008123956,-0.0017244694,99.66648,100.65031,0.9838257,0.0017244694
410,0.007546558,-0.013066818,99.9594,100.55296,0.5935669,0.013066818
411,0.0059762173,-8.8641296e-05,99.76787,100.702934,0.9350662,8.8641296e-05
412,0.0046813414,-0.016532155,99.473,100.520134,1.0471344,0.016532155
413,0.0016783464,-0.0038442556,99.469345,100.68563,1.2162857,0.0038442556
414,0.00059420924,-0.0007852228,99.83097,100.382225,0.5512543,0.0007852228
415,0.0015496816,0.00054960675,100.22328,100.81865,0.59536743,0.00054960675
416,0.00420181,-0.002583194,99.88467,100.06339,0.1787262,0.002583194
417,0.008222634,0.0031434756,99.52876,100.25472,0.7259598,0.0031434756
418,0.009911118,-0.0201174,99.78025,99.90564,0.1253891,0.0201174
419,0.011405886,0.0016929844,99.335785,100.352646,1.016861,0.0016929844
420,0.009406769,-0.010597314,100.082085,100.45719,0.3751068,0.010597314
421,0.010320049,0.014749573,99.969284,100.30595,0.3366623,0.014749573
422,0.0064470093,0.00815664,99.797264,100.10027,0.30300903,0.00815664
423,0.003863055,0.0010788356,99.96237,100.34955,0.3871765,0.0010788356
424,-0.00064345205,0.00035952596,99.74435,100.17625,0.43190002,0.00035952596
425,-0.0024433604,-0.00026500534,99.61386,100.13261,0.5187454,0.00026500534
426,-0.0028670006,-0.00047319633,99.76498,99.90096,0.13598633,0.00047319633
427,-0.001452229,-0.00028152743,99.90325,99.995766,0.09251404,0.00028152743
428,-5.068927e-05,-3.293054e-05,99.56903,100.07275,0.5037155,3.293054e-05
429,0.0013188253,-0.0003603626,99.56689,100.110374,0.54348755,0.0003603626
430,0.0025622593,-0.0008351872,99.762375,100.04716,0.2847824,0.0008351872
431,0.0043280576,-0.0066097127,99.66947,99.945015,0.2755432,0.0066097127
432,0.0044452124,-0.007678489,99.837395,99.95486,0.11746216,0.007678489
433,0.0051798807,-0.007235778,100.46832,99.951164,-0.5171585,0.007235778
434,0.0008740069,0.00012359084,100.11941,100.363846,0.24443817,0.00012359084
435,-0.0010846313,0.0015848102,100.26388,100.37995,0.11607361,0.0015848102
436,-0.005598976,-0.0018188511,100.07649,100.636246,0.5597534,0.0018188511
437,-0.006382684,0.0049539474,100.10901,99.94276,-0.16625214,0.0049539474
438,-0.00990082,-0.0015979254,99.76017,100.62715,0.8669815,0.0015979254
439,-0.009154924,-0.005670068,99.82753,100.07737,0.24983978,0.005670068
440,-0.00792342,-0.0033711242,99.85251,100.000824,0.14831543,0.0033711242
441,-0.0032547677,-0.0012470068,99.886566,100.46934,0.5827713,0.0012470068
442,-0.00038402574,-0.0006289452,99.9383,100.49786,0.5595627,0.0006289452
443,0.0039157076,-0.0035585933,99.493095,100.27501,0.78191376,0.0035585933
444,0.0061510396,-0.007955333,99.98626,100.10046,0.11419678,0.007955333
445,0.007827892,-0.008659664,99.83757,100.244576,0.4070053,0.008659664
446,0.010072421,-0.012545291,100.3971,100.37843,-0.018669128,0.012545291
447,0.01149101,-0.023311807,99.867096,100.15342,0.28632355,0.023311807
448,0.014437142,0.01969512,100.4001,100.41406,0.013961792,0.01969512
449,0.014843509,0.017050738,100.03615,100.30806,0.27191162,0.017050738
450,0.012092522,0.0141532095,100.42313,100.123825,-0.29930115,0.0141532095
451,0.012379116,0.026875623,99.92113,100.35881,0.4376831,0.026875623
452,0.01219558,0.018256975,100.141,100.536224,0.39522552,0.018256975
453,0.013009188,0.0032973373,99.714554,100.21419,0.4996338,0.0032973373
454,0.011369371,-0.010743993,99.84294,100.21555,0.372612,0.010743993
455,0.008162217,0.009744187,99.69397,100.419136,0.7251663,0.009744187
456,0.008628402,0.00681997,99.68459,100.32892,0.64432526,0.00681997
457,0.0062423917,0.0025706522,99.49095,100.35374,0.86278534,0.0025706522
458,0.005753521,0.0008215197,99.97028,99.89558,-0.07470703,0.0008215197
459,0.0049243723,0.0009846092,99.79707,100.6064,0.8093262,0.0009846092
460,0.007805967,-0.0056736423,100.03174,100.225136,0.19339752,0.0056736423
461,0.008329592,0.00075038365,100.05081,100.08596,0.03514862,0.00075038365
462,0.009122576,-0.007950267,100.10622,100.10285,-0.003364563,0.007950267
463,0.009177083,0.009980425,100.42975,99.22116,-1.2085876,0.009980425
464,0.009361837,-0.00035013625,99.97158,100.29837,0.32678986,0.00035013625
465,0.007849481,0.011061412,99.90143,99.95067,0.049240112,0.011061412
466,0.008761993,0.002870146,100.02351,100.39478,0.37126923,0.002870146
467,0.007625893,-0.0062348647,100.055916,100.48611,0.43019104,0.0062348647
468,0.0072666067,0.0036168322,99.989334,100.49786,0.50852966,0.0036168322
469,0.007358872,-0.0008953701,100.03353,99.99031,-0.04322052,0.0008953701
470,0.0069740703,0.0013288669,100.37599,99.70911,-0.6668854,0.0013288669
471,0.003877532,-0.0021448948,100.31533,100.29306,-0.022270203,0.0021448948
472,0.0038750172,0.0074959635,100.16287,100.34347,0.1805954,0.0074959635
473,0.0030034124,0.0017002426,99.93593,100.337204,0.40127563,0.0017002426
474,0.002138998,0.0019283263,99.68232,100.06928,0.3869629,0.0019283263
475,0.0029407663,0.0009883825,99.81339,100.22595,0.4125595,0.0009883825
476,0.0042678835,0.0038618715,100.32547,100.56327,0.2378006,0.0038618715
477,0.0060296627,0.0008068669,100.35709,100.69201,0.33491516,0.0008068669
478,0.0053023193,0.0007939389,99.89639,100.61508,0.71868896,0.0007939389
479,0.006569092,0.0054300576,99.692154,100.53429,0.84213257,0.0054300576
480,0.007889928,-0.006957522,99.80919,99.34999,-0.459198,0.006957522
481,0.009672996,0.007725543,99.79371,99.97105,0.17733765,0.007725543
482,0.008994256,-0.013041301,100.12374,100.051765,-0.07197571,0.013041301
483,0.011950049,-0.011664984,99.76306,99.8713,0.10823822,0.011664984
484,0.011067277,0.015380151,100.29938,100.51467,0.21529388,0.015380151
485,0.014739966,-0.0020569223,99.88241,100.38808,0.50566864,0.0020569223
486,0.010506699,-0.0020071128,100.121826,100.552185,0.4303589,0.0020071128
487,0.012978254,-0.007274489,99.812416,100.11908,0.3066635,0.007274489
488,0.0114352275,0.0022362093,99.69189,100.09804,0.40615082,0.0022362093
489,0.012598175,-0.0015576344,99.49579,100.18048,0.6846924,0.0015576344
490,0.010524693,-0.0077745,99.63213,100.267166,0.63503265,0.0077745
491,0.010186558,-0.014721412,99.75638,100.700455,0.94407654,0.014721412
492,0.0094853565,-0.00076107885,100.24632,100.457855,0.2115326,0.00076107885
493,0.007678331,0.0009178607,100.11905,99.92627,-0.19277954,0.0009178607
494,0.009354888,0.0016603336,100.08098,100.29247,0.21149445,0.0016603336
495,0.008020559,0.0013894308,99.977356,100.23963,0.2622757,0.0013894308
496,0.00871731,-0.00032025206,99.99603,99.99799,0.0019607544,0.00032025206
497,0.008416368,0.0073346267,99.829636,100.51972,0.69008636,0.0073346267
498,0.0072628697,-0.0030370434,100.06792,100.11807,0.05015564,0.0030370434
499,0.0030258165,0.00026306362,100.070274,100.44383,0.37355804,0.00026306362
500,0.003420243,-0.00017244293,99.89127,100.10199,0.21071625,0.00017244293
501,0.0030106122,0.0007317089,100.00328,99.95573,-0.047554016,0.0007317089
502,0.006015813,-0.008827335,99.97625,100.04636,0.07010651,0.008827335
503,0.0072507868,0.007122302,99.87709,100.05797,0.18087769,0.007122302
504,0.008406694,0.0055402587,99.82099,99.85912,0.038131714,0.0055402587
505,0.0063704452,0.007757173,99.6601,100.00861,0.34851074,0.007757173
506,0.005327721,0.007091659,100.32508,100.15925,-0.16583252,0.007091659
507,0.0021842641,0.00061650155,99.60589,100.00365,0.39775848,0.00061650155
508,0.002340346,-0.0018551294,100.08491,100.40489,0.31998444,0.0018551294
509,0.0015229499,-0.0018019886,99.99147,100.423676,0.4322052,0.0018019886
510,0.0025987416,-0.0034025298,100.0215,100.4954,0.47389984,0.0034025298
511,0.004635059,-0.006428338,100.07958,100.25436,0.17477417,0.006428338
512,0.008008945,0.00036019948,100.41075,100.13005,-0.28070068,0.00036019948
513,0.0059966645,-0.0046936567,100.64337,99.90593,-0.737442,0.0046936567
514,0.009268442,-0.0153505495,100.473656,100.04238,-0.4312744,0.0153505495
515,0.009649014,-0.026971921,100.611435,99.74291,-0.86852264,0.026971921
516,0.009278143,-0.029404305,100.30213,100.01855,-0.2835846,0.029404305
517,0.0101531325,-0.017295497,100.56647,99.90958,-0.65689087,0.017295497
518,0.009944032,-0.015068093,100.605156,100.2915,-0.31365967,0.015068093
519,0.011776243,-0.011484292,100.67569,99.77841,-0.89727783,0.011484292
520,0.012759326,-0.0066942363,100.51981,100.2678,-0.25201416,0.0066942363
521,0.01416249,-0.017706463,100.15748,100.19908,0.04160309,0.017706463
522,0.013247047,0.012541631,99.93021,100.553116,0.62290955,0.012541631
523,0.01361488,0.025998518,99.9906,100.264626,0.27402496,0.025998518
524,0.013126252,0.004465978,99.9848,100.72902,0.7442169,0.004465978
525,0.0114465775,0.014567719,100.05241,100.40793,0.35552216,0.014567719
526,0.008906154,-0.013204793,100.30404,100.46161,0.15756989,0.013204793
527,0.0055736946,0.00916403,100.01477,100.63356,0.6187897,0.00916403
528,0.00198857,0.000857417,100.304825,100.25734,-0.04748535,0.000857417
529,-0.0012041704,-0.00070737227,100.00916,100.307526,0.29836273,0.00070737227
530,-0.0009306422,-0.00085565774,100.063065,100.4011,0.33803558,0.00085565774
531,-0.0007411325,0.00070891593,100.339325,100.13495,-0.20437622,0.00070891593
532,0.0026846551,0.001254937,100.13881,100.38396,0.2451477,0.001254937
533,0.0058076717,-0.0011779519,99.94004,100.343796,0.4037552,0.0011779519
534,0.009966738,-0.0048651574,99.76562,99.77467,0.009056091,0.0048651574
535,0.0098271575,-0.011303089,100.40958,100.287125,-0.12245178,0.011303089
536,0.012197979,-0.0045770826,99.88664,99.98033,0.093688965,0.0045770826
537,0.012485683,-0.018334737,99.72875,100.24216,0.51340485,0.018334737
538,0.014737392,-0.014266554,99.79576,99.78364,-0.012123108,0.014266554
539,0.013838578,-0.03201082,99.98506,99.978386,-0.00667572,0.03201082
540,0.017958583,-0.0063937856,100.3647,100.39947,0.03476715,0.0063937856
541,0.01893979,-0.0075654397,100.03226,100.46138,0.42912292,0.0075654397
542,0.01866973,0.024734512,100.20564,100.74102,0.5353775,0.024734512
543,0.019669537,0.008637111,99.90606,100.250114,0.34405518,0.008637111
544,0.02126827,0.01214643,100.36279,100.462975,0.10018158,0.01214643
545,0.024559906,0.01859547,99.98374,100.14882,0.16507721,0.01859547
546,0.024040725,0.019744555,99.9423,100.46285,0.5205536,0.019744555
547,0.021959385,0.0043466105,100.1106,100.27798,0.16737366,0.0043466105
548,0.017111726,-0.030649958,99.631584,100.179596,0.5480118,0.030649958
549,0.01275427,-0.008471569,100.26073,100.41301,0.15228271,0.008471569
550,0.0073813596,-0.013258301,100.077774,100.27573,0.19795227,0.013258301
551,0.0044060433,-0.0047451244,99.94975,100.108154,0.15840149,0.0047451244
552,0.0060479683,-0.0013194536,99.96024,100.39226,0.43201447,0.0013194536
553,0.0057626367,0.001239324,100.029106,100.30562,0.27651215,0.001239324
554,0.0085907625,0.0054805973,100.10485,100.25231,0.14746094,0.0054805973
555,0.009954834,0.014115733,100.16538,100.509315,0.3439331,0.014115733
556,0.013046161,0.015111462,99.47118,99.77721,0.30602264,0.015111462
557,0.01256977,0.015346697,100.21096,100.098724,-0.11223602,0.015346697
558,0.0151226865,0.007222033,99.79705,100.23573,0.43868256,0.007222033
559,0.014260843,-0.018298222,99.97316,100.78528,0.81211853,0.018298222
560,0.014412564,0.011267384,100.079575,99.86094,-0.21863556,0.011267384
561,0.011663802,-0.010961149,100.04488,100.052414,0.0075302124,0.010961149
562,0.0068995003,-0.012554324,99.73498,100.20596,0.4709854,0.012554324
563,0.0038227844,-0.0059225485,100.14268,100.33987,0.19718933,0.0059225485
564,0.0005147703,0.0004953519,99.25575,100.06919,0.8134384,0.0004953519
565,0.00028370065,9.925554e-05,99.57827,100.004,0.42572784,9.925554e-05
566,0.0032373203,0.004474361,99.40782,100.38388,0.97605896,0.004474361
567,0.009366964,0.0071604587,99.735725,100.402016,0.6662903,0.0071604587
568,0.011622135,0.02105668,99.80192,99.99265,0.19073486,0.02105668
569,0.013757343,0.020827068,99.762436,100.394226,0.63179016,0.020827068
570,0.014673781,-0.0009482374,100.01953,100.32886,0.30932617,0.0009482374
571,0.01467373,0.0066425973,100.02433,100.21835,0.19402313,0.0066425973
572,0.013148641,0.0004382962,99.93262,100.030624,0.0980072,0.0004382962
573,0.014274622,-0.003488377,99.93305,100.29101,0.35795593,0.003488377
574,0.010856482,0.010920176,99.98876,100.19321,0.20444489,0.010920176
575,0.010034362,0.01312952,100.053406,99.63745,-0.4159546,0.01312952
576,0.008839157,-0.0019651814,100.073105,100.14458,0.07147217,0.0019651814
577,0.01151304,-0.008160431,99.777435,100.05431,0.27687836,0.008160431
578,0.011377223,0.0022617697,100.12007,99.81909,-0.3009796,0.0022617697
579,0.0127761625,0.0011613818,100.04862,100.605255,0.556633,0.0011613818
580,0.012584401,0.00030173524,100.09877,100.16238,0.06360626,0.00030173524
581,0.013526293,0.031354345,99.88425,100.207596,0.323349,0.031354345
582,0.013587226,-0.014429783,100.148346,100.12587,-0.022476196,0.014429783
583,0.0130854305,0.025082806,99.27622,100.0981,0.8218765,0.025082806
584,0.010922348,-0.0126097165,100.58555,99.987625,-0.5979233,0.0126097165
585,0.011947396,0.0016243856,99.923065,100.46814,0.54507446,0.0016243856
586,0.009509336,0.002413196,99.939926,100.0815,0.14157104,0.002413196
587,0.009259517,-0.009506262,100.01271,100.53452,0.52181244,0.009506262
588,0.009631866,-0.013913914,100.22691,100.13234,-0.094573975,0.013913914
589,0.009894359,-0.0108976755,100.33228,100.669846,0.33756256,0.0108976755
590,0.009020623,0.019900596,99.634186,99.94382,0.30963135,0.019900596
591,0.009410775,0.0111273555,99.90265,99.88847,-0.014175415,0.0111273555
592,0.009115028,0.0008650546,99.97453,99.974754,0.00022125244,0.0008650546
593,0.009392209,-0.0049437378,99.835785,100.05479,0.21900177,0.0049437378
594,0.009133716,-0.0018558084,100.08665,100.284546,0.19789886,0.0018558084
595,0.005795175,0.00092246,99.77587,100.25983,0.48395538,0.00092246
596,0.0028171,0.0019014494,99.95625,100.37182,0.4155655,0.0019014494
597,-0.0010132908,0.0014076993,100.15304,100.3006,0.14756012,0.0014076993
598,-0.00382983,0.0021509575,100.33135,100.35462,0.023269653,0.0021509575
599,-0.0047128866,0.011233611,100.13293,100.6682,0.5352707,0.011233611
600,-0.0045414604,-0.0048321155,99.72859,100.15119,0.4225998,0.0048321155
601,-0.0027746658,0.0049075447,99.80975,100.00127,0.19151306,0.0049075447
602,-0.0038763029,0.004220754,100.10895,99.705795,-0.40315247,0.004220754
603,-0.0024885675,0.00101303,99.838455,100.256226,0.4177704,0.00101303
604,-0.004419102,0.00024685607,100.077644,100.341225,0.26358032,0.00024685607
605,-0.007061494,0.014709893,99.63757,100.16275,0.525177,0.014709893
606,-0.0068441965,0.0039380305,99.8496,100.25117,0.40156555,0.0039380305
607,-0.006062626,0.0053197434,100.068825,100.27661,0.20778656,0.0053197434
608,-0.003219653,-0.0016928712,99.98432,100.101616,0.11729431,0.0016928712
609,-0.0011575521,-0.0009465117,100.21028,100.56685,0.35656738,0.0009465117
610,-0.0010032499,-0.000479818,100.31998,100.24677,-0.07320404,0.000479818
611,0.0024380109,-0.0010627826,99.78787,100.6214,0.8335266,0.0010627826
612,0.0030632922,-0.0024555547,100.11272,100.00129,-0.11142731,0.0024555547
613,0.006750998,0.009004122,99.96322,100.37986,0.41664124,0.009004122
614,0.006444836,-0.005450692,100.2398,100.34146,0.10166168,0.005450692
615,0.00566614,-0.0033773151,100.25329,100.34478,0.0914917,0.0033773151
616,0.0035447488,-0.0062103784,99.822945,100.62762,0.80467224,0.0062103784
617,0.0017385802,-0.0015867678,99.80301,100.33743,0.5344238,0.0015867678
618,0.0015934119,-0.003275566,99.67966,100.017426,0.33776855,0.003275566
619,0.0013477709,0.00048612987,99.95057,100.03006,0.07949066,0.00048612987
620,0.0024149562,8.375783e-06,99.91484,100.0929,0.17806244,8.375783e-06
621,0.0030233986,0.0032691935,99.958145,99.85517,-0.10297394,0.0032691935
622,0.003182453,0.0036602842,100.30606,100.15298,-0.1530838,0.0036602842
623,0.0026480784,0.0019052834,100.29181,100.14607,-0.1457367,0.0019052834
624,0.00069585914,0.0010866884,100.06249,100.31968,0.2571869,0.0010866884
625,0.0005726331,0.0005864085,100.037544,100.49108,0.453537,0.0005864085
626,-2.3244706e-05,-3.7697544e-05,99.892555,99.37069,-0.52186584,3.7697544e-05
627,0.0011469317,0.0017748412,100.10809,99.963715,-0.14437866,0.0017748412
628,0.004513243,0.004709581,99.93112,99.887146,-0.04397583,0.004709581
629,0.009881305,0.002259252,99.8239,100.297195,0.47329712,0.002259252
630,0.01303586,0.016047616,100.139145,100.31079,0.17164612,0.016047616
631,0.015928335,-0.01624089,100.187836,100.49079,0.30295563,0.01624089
632,0.014286027,0.018547237,99.73127,100.81611,1.0848389,0.018547237
633,0.013007068,0.00045253467,99.6286,100.49324,0.8646393,0.00045253467
634,0.010727818,0.0090068085,99.72654,100.94774,1.221199,0.0090068085
635,0.00894037,0.0037534186,100.150826,100.86438,0.7135544,0.0037534186
636,0.0067781326,-0.0044272766,99.78972,99.89853,0.108810425,0.0044272766
637,0.0050817663,0.00272494,99.9698,99.98755,0.017745972,0.00272494
638,0.004365438,-0.002351624,99.54043,99.83283,0.29240417,0.002351624
639,0.0032769493,-0.0016575573,100.12292,99.72148,-0.40143585,0.0016575573
640,0.0004907708,-9.535546e-05,99.746315,100.22804,0.4817276,9.535546e-05
641,0.0007410342,-0.000119020435,99.794685,100.38323,0.58854675,0.000119020435
642,-0.0003526471,-2.182054e-05,99.97621,100.279305,0.30309296,2.182054e-05
643,0.0013739767,0.00071292947,99.91119,100.067924,0.15673828,0.00071292947
644,0.00045164197,0.00040497322,99.78014,99.77963,-0.00051116943,0.00040497322
645,0.0013954621,0.0030441459,100.15225,100.09228,-0.05997467,0.0030441459
646,0.00087756733,0.00032460483,99.85467,100.34773,0.49306488,0.00032460483
647,0.00242244,0.003677586,99.50983,100.36551,0.8556824,0.003677586
648,0.0028495444,0.0037559709,99.99835,100.51312,0.5147705,0.0037559709
649,0.005859382,0.0053787837,99.938896,100.077194,0.13829803,0.0053787837
650,0.0058882637,0.0030880978,100.313156,100.5195,0.2063446,0.0030880978
651,0.00821524,8.733322e-05,99.85079,100.43469,0.58390045,8.733322e-05
652,0.008644325,0.003079926,100.300415,100.28846,-0.011955261,0.003079926
653,0.009656183,-0.0014585154,100.41346,100.34165,-0.07180786,0.0014585154
654,0.010969151,-0.0036081576,100.37023,100.525925,0.15569305,0.0036081576
655,0.010829274,-0.007996018,99.94523,100.44258,0.4973526,0.007996018
656,0.011477837,0.00045215542,100.35236,100.80514,0.45277405,0.00045215542
657,0.01067948,0.011518846,99.57825,100.39069,0.8124466,0.011518846
658,0.012626993,0.003036309,100.16879,100.62074,0.45195007,0.003036309
659,0.012249889,0.029329047,99.36946,99.88174,0.5122757,0.029329047
660,0.011850158,-0.0019960676,100.0881,99.93446,-0.15363312,0.0019960676
661,0.012123695,-0.00812212,100.06475,99.85491,-0.20983887,0.00812212
662,0.009567194,-0.005097875,100.2648,100.21694,-0.047859192,0.005097875
663,0.009958587,0.00943359,100.16534,100.14049,-0.024848938,0.00943359
664,0.00870335,0.0040812735,99.741104,100.27365,0.532547,0.0040812735
665,0.008752384,0.006517624,99.79385,100.29335,0.49949646,0.006517624
666,0.006370167,-0.0034546189,99.923134,100.274956,0.3518219,0.0034546189
667,0.0025044917,0.0031471592,99.64185,100.100296,0.4584427,0.0031471592
668,0.00085559406,0.00052057015,99.87933,100.25286,0.37352753,0.00052057015
669,-0.00057056703,-0.00044040973,99.65186,100.25077,0.5989075,0.00044040973
670,0.0013850466,0.0025745286,99.50394,100.46922,0.96528625,0.0025745286
671,0.0024838469,0.0013746177,100.05592,100.52755,0.47162628,0.0013746177
672,0.0024631221,-0.00010952599,99.77166,100.82072,1.049057,0.00010952599
673,0.0013092799,-0.0020767197,100.09027,100.066734,-0.023536682,0.0020767197
674,0.002810432,-0.0009767786,99.927605,100.23023,0.30262756,0.0009767786
675,0.00556296,-0.0031542254,99.69849,100.321045,0.6225586,0.0031542254
676,0.006272313,0.007527165,99.926926,100.34185,0.41492462,0.007527165
677,0.005846638,0.00492989,100.00495,100.423706,0.41875458,0.00492989
678,0.0062053557,-0.011276633,99.873886,99.9417,0.06781769,0.011276633
679,0.0038067326,0.0016597959,99.97454,100.35177,0.37722778,0.0016597959
680,0.0036811347,-0.009153816,99.879906,100.05259,0.17268372,0.009153816
681,0.0020802666,-0.00068970775,99.962105,99.86757,-0.09453583,0.00068970775
682,0.0016023157,-0.0006211131,99.96705,100.79945,0.8324051,0.0006211131
683,0.0018092159,-0.0018817589,99.55581,100.05261,0.49680328,0.0018817589
684,0.002237345,-0.00022192819,99.79054,100.121025,0.33048248,0.00022192819
685,0.007269619,-0.0041675963,99.67784,99.76782,0.08998108,0.0041675963
686,0.007971048,-0.0035566099,99.897095,100.182,0.28490448,0.0035566099
687,0.011041535,-0.013288776,99.67197,99.98507,0.31310272,0.013288776
688,0.012530601,-0.003071001,99.89404,100.43624,0.5421982,0.003071001
689,0.012925464,-0.007184282,100.06148,100.360245,0.2987671,0.007184282
690,0.012440534,-0.00507442,99.64604,100.453094,0.8070526,0.00507442
691,0.011165038,-0.008894674,100.0661,100.21176,0.1456604,0.008894674
692,0.012220661,0.010653381,100.05005,100.614494,0.5644455,0.010653381
693,0.009952564,-0.0030864773,99.67424,99.977844,0.30360413,0.0030864773
694,0.013042491,-0.0002737965,99.90854,100.09043,0.1818924,0.0002737965
695,0.013167979,-0.006610177,99.67909,100.25985,0.58075714,0.006610177
696,0.016074054,0.008531676,99.79778,100.36896,0.5711746,0.008531676
697,0.013867,0.011079974,100.13299,100.405556,0.27256775,0.011079974
698,0.014991773,0.017125268,99.93058,100.347984,0.41740417,0.017125268
699,0.013399733,-0.0049021128,100.03629,100.38279,0.34649658,0.0049021128
700,0.016351346,-0.027408415,100.2733,100.17295,-0.100349426,0.027408415
701,0.016248818,-0.020532222,99.53966,100.20728,0.6676254,0.020532222
702,0.015412783,0.0044986536,100.226814,100.30682,0.08000946,0.0044986536
703,0.016023232,0.00645663,100.04984,100.199036,0.14919281,0.00645663
704,0.016513478,-0.0079032825,99.7985,100.4735,0.67500305,0.0079032825
705,0.014617268,0.0038775103,99.81236,100.13495,0.32258606,0.0038775103
706,0.012608521,-0.015857164,99.34444,100.09826,0.7538223,0.015857164
707,0.009663853,0.0028595112,100.24624,100.13964,-0.1065979,0.0028595112
708,0.007600249,-0.0018541927,99.81535,100.0751,0.25975037,0.0018541927
709,0.007930864,0.004947499,100.31704,100.31259,-0.004447937,0.004947499
710,0.006777835,0.000515521,99.61476,100.69284,1.0780792,0.000515521
711,0.006276555,-0.002626985,99.76489,100.39619,0.63129425,0.002626985
712,0.0067643183,-0.004860235,100.15368,100.101685,-0.051994324,0.004860235
713,0.0069747637,-0.0030934287,99.75739,99.455696,-0.30169678,0.0030934287
714,0.008987109,-0.008922366,100.27959,99.77876,-0.500824,0.008922366
715,0.008812374,0.0053386185,99.92053,99.65732,-0.2632141,0.0053386185
716,0.0073301857,0.0015279369,100.42284,100.1754,-0.24743652,0.0015279369
717,0.0075494787,-0.0010448267,100.60147,99.91858,-0.68289185,0.0010448267
718,0.0067233387,0.00053529,100.37338,100.113144,-0.26023865,0.00053529
719,0.007643285,0.0047996305,99.929695,100.12231,0.1926117,0.0047996305
720,0.009746121,0.009522789,99.87801,100.37028,0.4922638,0.009522789
721,0.009940628,-0.0073646395,99.96525,99.94604,-0.019210815,0.0073646395
722,0.0071982215,0.0022886219,99.716125,100.30158,0.58545685,0.0022886219
723,0.00972798,-0.0115175145,99.49019,100.13809,0.64790344,0.0115175145
724,0.0057872473,0.009482089,100.1218,100.087685,-0.034118652,0.009482089
725,0.007386839,-0.0057626134,100.14465,99.83374,-0.3109131,0.0057626134
726,0.0057349796,0.003643944,99.77244,100.25447,0.48203278,0.003643944
727,0.0024646441,-0.0046364167,100.35999,99.88469,-0.47530365,0.0046364167
728,-3.7666177e-06,5.9408057e-06,100.205574,99.86404,-0.34153748,5.9408057e-06
729,-0.00042903493,0.00015181645,100.032166,100.38396,0.35179138,0.00015181645
730,-0.00032234495,0.00041489943,100.27978,99.69728,-0.58249664,0.00041489943
731,0.0014366806,0.00013594617,99.858894,99.84679,-0.012107849,0.00013594617
732,0.0033622598,-0.0064872336,99.790115,99.6762,-0.11391449,0.0064872336
733,0.0066805133,-0.0006456939,100.1365,99.988884,-0.14761353,0.0006456939
734,0.006223082,-0.0022971083,100.12691,100.3111,0.18418884,0.0022971083
735,0.009725504,0.0051968195,100.07049,100.483185,0.41269684,0.0051968195
736,0.0073559023,0.008350915,99.861534,100.53253,0.6709976,0.008350915
737,0.008665196,-0.0003712177,99.60924,100.795334,1.1860962,0.0003712177
738,0.007852071,0.0039012653,99.50507,100.53073,1.0256577,0.0039012653
739,0.012342737,0.012043323,100.155685,100.853035,0.69734955,0.012043323
740,0.01191652,0.0052329195,99.76458,100.34843,0.58384705,0.0052329195
741,0.01399858,0.012887859,100.0043,100.25849,0.25418854,0.012887859
742,0.013591487,0.018530576,100.19152,100.37811,0.1865921,0.018530576
743,0.013564254,-0.00889287,100.07973,100.02416,-0.05556488,0.00889287
744,0.012460543,0.008704098,99.86485,100.129005,0.26415253,0.008704098
745,0.010262612,0.023372967,99.85385,99.94194,0.08808899,0.023372967
746,0.009380457,-0.0070867264,99.78241,99.35084,-0.43157196,0.0070867264
747,0.007809593,0.0011307076,99.91897,99.459656,-0.45931244,0.0011307076
748,0.008703489,-0.018957922,100.08124,100.36964,0.28839874,0.018957922
749,0.009830755,-0.0079693915,100.391174,100.38276,-0.008415222,0.0079693915
750,0.009833525,-0.016013427,100.14565,100.491936,0.34628296,0.016013427
751,0.011329496,0.021861088,100.18081,100.13515,-0.045661926,0.021861088
752,0.009701155,-0.00029441828,100.360535,100.37514,0.014602661,0.00029441828
753,0.010010385,-0.0071289223,100.03422,100.13974,0.105522156,0.0071289223
754,0.008392341,-0.013111997,100.0727,100.58589,0.5131912,0.013111997
755,0.005894604,-0.00040559747,99.801834,100.47923,0.6773987,0.00040559747
756,0.0036117279,0.00016231826,100.0046,100.53553,0.53092957,0.00016231826
757,0.00083316775,0.0012210042,99.893845,99.79908,-0.09476471,0.0012210042
758,0.00028820516,-0.00017416189,99.67573,99.9119,0.23617554,0.00017416189
759,0.0019572468,-0.0014272509,99.82052,99.995026,0.17450714,0.0014272509
760,0.0026806998,-0.0019008158,100.03972,99.765625,-0.27409363,0.0019008158
761,0.004354876,0.004152878,100.06458,99.802086,-0.26249695,0.004152878
762,0.006611127,-0.0005444991,100.37589,100.03638,-0.3395157,0.0005444991
763,0.006875799,0.006308624,99.9605,100.07594,0.11544037,0.006308624
764,0.011909443,0.017492907,100.17392,100.10414,-0.06977844,0.017492907
765,0.012790286,0.025528625,99.91283,100.066055,0.15322876,0.025528625
766,0.016598571,0.005458464,100.150024,100.20041,0.05038452,0.005458464
767,0.015789583,-0.0006139776,100.28789,100.45983,0.17194366,0.0006139776
768,0.015758734,-0.00701233,99.86647,99.92406,0.05758667,0.00701233
769,0.012700606,0.018088507,99.79677,100.18174,0.38497162,0.018088507
770,0.009745774,0.0011836258,100.67516,100.41273,-0.2624359,0.0011836258
771,0.006915753,0.0029723765,100.1021,100.02661,-0.07548523,0.0029723765
772,0.0037077558,0.0019810756,100.378815,100.18034,-0.19847107,0.0019810756
773,0.0018498496,8.513439e-05,99.873634,100.05694,0.18330383,8.513439e-05
774,0.0030963528,-0.0050775325,100.28399,100.58048,0.29649353,0.0050775325
775,0.0050629145,0.0030168055,100.018555,100.29467,0.27611542,0.0030168055
776,0.006852766,0.0021030935,100.22283,100.33687,0.11403656,0.0021030935
777,0.009145858,-0.014694352,100.098885,99.75506,-0.3438263,0.014694352
778,0.005433028,0.0055242484,100.19012,99.78462,-0.4054947,0.0055242484
779,0.0051433234,-0.0020433376,99.69577,100.251854,0.5560837,0.0020433376
780,0.0055925637,0.00075744843,99.76123,99.89375,0.13252258,0.00075744843
781,0.0039371313,0.0025193268,100.06333,100.69892,0.6355896,0.0025193268
782,0.002320996,0.0019328146,100.146935,100.102936,-0.04399872,0.0019328146
783,-0.0013804929,-0.0012074077,100.28353,100.29701,0.01348114,0.0012074077
784,0.0001778919,-9.351501e-06,99.90777,99.92637,0.018600464,9.351501e-06
785,-0.00069987064,-0.00039285532,99.56438,100.05992,0.49554443,0.00039285532
786,0.00039319787,-0.00024090106,100.1197,99.99853,-0.121170044,0.00024090106
787,0.0010229081,-0.0003763221,100.46133,100.53654,0.07521057,0.0003763221
788,0.001526922,-0.00060060417,100.217125,99.67595,-0.54117584,0.00060060417
789,0.0024424517,-0.0053969184,100.158264,100.20797,0.049705505,0.0053969184
790,0.0016313491,-0.0021626898,99.939354,99.91699,-0.022361755,0.0021626898
791,0.0043601883,-0.014984799,100.03587,100.6271,0.5912247,0.014984799
792,0.0043018777,-0.005574862,99.66554,100.32775,0.66220856,0.005574862
793,0.00716977,-0.013943811,99.568855,100.48947,0.92061615,0.013943811
794,0.008072304,-0.017359868,99.920555,99.77578,-0.14477539,0.017359868
795,0.008018219,-0.0034782437,100.1871,100.6083,0.42119598,0.0034782437
796,0.008338594,-0.006564409,100.188774,100.1946,0.0058288574,0.006564409
797,0.0096784225,-0.00859633,99.84541,100.5032,0.6577835,0.00859633
798,0.0082895,0.0041284566,99.979836,100.290306,0.31047058,0.0041284566
799,0.0055032563,-0.0005510805,100.67039,100.03822,-0.632164,0.0005510805
800,0.0034356345,-0.00026612336,99.74472,100.16001,0.41529083,0.00026612336
801,0.0018150003,0.0022564968,99.95212,99.771454,-0.18066406,0.0022564968
802,-0.0010853123,-0.0007363291,99.909325,100.31669,0.4073639,0.0007363291
803,-0.003293552,0.00021229948,100.07567,99.967445,-0.10822296,0.00021229948
804,-0.0025541056,-0.002216822,100.16812,99.73886,-0.42926025,0.002216822
805,-0.002660443,0.0007981029,100.22639,100.203125,-0.023262024,0.0007981029
806,-0.00072416756,-8.8516266e-05,100.29899,100.41015,0.11116028,8.8516266e-05
807,0.00028192252,3.803321e-05,99.86533,100.016075,0.15074158,3.803321e-05
808,-0.0011641682,-0.00029762386,99.8574,100.30814,0.45074463,0.00029762386
809,-0.0013191013,-0.00047683815,99.97055,100.14427,0.17372131,0.00047683815
810,0.0013321161,0.00025278257,99.98392,99.92068,-0.06324005,0.00025278257
811,0.0043336228,0.0017325337,99.823586,100.86861,1.045021,0.0017325337
812,0.0055297976,0.009892993,99.92336,99.71241,-0.21095276,0.009892993
813,0.0070466306,-0.003918716,99.84048,100.36169,0.5212097,0.003918716
814,0.0054089236,0.00090225815,99.55585,100.194756,0.6389084,0.00090225815
815,0.0054120896,0.0047729705,100.051346,100.11123,0.059883118,0.0047729705
816,0.0024989783,-0.0012539825,99.75337,99.99852,0.2451477,0.0012539825
817,0.000763222,0.0003834667,99.430534,100.349266,0.9187317,0.0003834667
818,0.0011618645,-0.00070392253,99.97228,100.26504,0.29275513,0.00070392253
819,-0.00199207,0.000867167,99.772705,100.58073,0.80802155,0.000867167
820,-0.0042107455,0.0005130857,99.75748,100.10173,0.34425354,0.0005130857
821,-0.0068404987,0.01125422,99.59894,99.726685,0.12774658,0.01125422
822,-0.009104256,0.0071223644,99.914345,100.2025,0.2881546,0.0071223644
823,-0.010791087,-0.010446446,99.66376,100.16764,0.50388336,0.010446446
824,-0.00897903,0.007793786,99.306335,100.088295,0.78195953,0.007793786
825,-0.0074384054,-0.009748954,99.57793,100.28183,0.7039032,0.009748954
826,-0.0048443293,-0.0016318513,99.94326,100.333664,0.39040375,0.0016318513
827,-0.006204976,0.00476618,99.72174,100.15087,0.42913055,0.00476618
828,-0.0028848466,0.0055029457,99.73905,100.26293,0.52388,0.0055029457
829,-0.0020359443,-0.002329964,99.92313,100.35088,0.42775726,0.002329964
830,0.0007094198,-0.000306335,99.75608,100.044586,0.28850555,0.000306335
831,0.000751332,0.0013893112,99.847305,100.30812,0.46081543,0.0013893112
832,0.0014500911,-0.00020870724,99.87103,100.437355,0.5663223,0.00020870724
833,0.0027847798,0.003948275,99.59213,100.37065,0.7785187,0.003948275
834,0.004397116,0.0013941125,99.73324,100.33996,0.60672,0.0013941125
835,0.0014372711,0.0023620527,99.696846,100.21821,0.5213623,0.0023620527
836,0.0024299307,0.0016378184,100.389336,100.1881,-0.20123291,0.0016378184
837,0.0026169585,0.0025385113,99.86516,100.54743,0.68227386,0.0025385113
838,0.0035013673,0.0020164284,100.48911,100.13789,-0.35121918,0.0020164284
839,0.002961164,-0.0010420453,100.20721,100.198685,-0.008522034,0.0010420453
840,0.0040166248,0.00035973053,100.212814,100.4934,0.28058624,0.00035973053
841,0.0045949984,-0.0036895666,99.8093,100.02018,0.21087646,0.0036895666
842,0.0076225777,-0.0034208808,100.38096,100.81734,0.43637848,0.0034208808
843,0.006387432,-0.004502449,99.78113,100.276085,0.49495697,0.004502449
844,0.007967096,0.006289517,99.820435,100.48138,0.6609421,0.006289517
845,0.0075611193,-0.0018563536,99.93145,100.39434,0.46289062,0.0018563536
846,0.0062631583,0.0043006167,99.99977,100.253235,0.25346375,0.0043006167
847,0.006372311,0.00032992248,99.780365,100.337715,0.55735016,0.00032992248
848,0.003299586,0.0013980161,99.416405,99.818634,0.4022293,0.0013980161
849,0.0021934737,5.461888e-05,99.89322,100.31063,0.4174118,5.461888e-05
850,-0.0006898726,0.00033968748,99.88894,100.30412,0.41518402,0.00033968748
851,-0.0016601093,-0.00019723861,99.934944,99.64285,-0.29209137,0.00019723861
852,-0.0025188501,0.0029337818,100.083595,99.62191,-0.46168518,0.0029337818
853,-0.0019423818,0.00065925386,100.129074,99.93683,-0.19224548,0.00065925386
854,0.00029744813,-0.00024486237,99.97665,100.433266,0.45661926,0.00024486237
855,0.0033686392,-0.00011198243,100.02591,100.33465,0.3087387,0.00011198243
856,0.005817662,0.0031111992,100.71829,100.50688,-0.21141052,0.0031111992
857,0.008250648,-0.011509189,100.361145,99.84976,-0.51138306,0.011509189
858,0.006003722,-0.0035558278,100.37526,99.98061,-0.3946457,0.0035558278
859,0.0068034013,7.311185e-05,100.11388,100.45743,0.34355164,7.311185e-05
860,0.0036615198,-0.0028658179,99.58184,100.223526,0.6416855,0.0028658179
861,0.0059616975,-0.0062160306,100.097466,99.46515,-0.6323166,0.0062160306
862,0.005350928,-0.0013953237,100.13235,100.01715,-0.11519623,0.0013953237
863,0.004237324,-0.006826793,100.01366,100.098,0.08434296,0.006826793
864,0.0056517525,-0.002527895,100.101,99.85764,-0.2433548,0.002527895
865,0.0063652517,-0.012660722,99.512375,100.1312,0.6188278,0.012660722
866,0.0077863373,-0.010352026,99.946815,100.12706,0.18024445,0.010352026
867,0.0085249785,-0.0043015606,100.16457,100.64399,0.4794159,0.0043015606
868,0.008122512,-0.0062498543,100.05258,100.34049,0.28791046,0.0062498543
869,0.007657336,-0.0058856127,99.47542,100.20307,0.7276535,0.0058856127
870,0.0056170947,-0.0059806206,99.4218,99.875626,0.4538269,0.0059806206
871,0.004093192,-0.0004115349,99.58887,100.085304,0.49643707,0.0004115349
872,0.0017265575,0.00036394005,99.9809,100.59679,0.6158829,0.00036394005
873,-8.2902145e-05,1.9405805e-05,99.45415,100.534195,1.0800476,1.9405805e-05
874,-0.0020579034,0.00047367957,99.369705,100.015976,0.64627075,0.00047367957
875,-0.0014568025,-0.0022291145,100.03841,99.95603,-0.08237457,0.0022291145
876,-0.0017533947,0.00010107678,99.932686,99.74106,-0.1916275,0.00010107678
877,-0.002624217,-0.00074793387,99.6721,99.715385,0.043289185,0.00074793387
878,-0.0015595928,0.0024067827,100.03376,99.6524,-0.38136292,0.0024067827
879,-0.0009950667,0.00021506911,100.16173,100.5333,0.3715744,0.00021506911
880,-0.00078692834,0.000867915,100.45495,99.81475,-0.64019775,0.000867915
881,0.00012103189,1.7187478e-05,100.1473,100.687004,0.53970337,1.7187478e-05
882,0.004855319,0.003900724,100.46398,100.617134,0.15315247,0.003900724
883,0.004173704,-0.0029584272,100.361,100.243195,-0.11780548,0.0029584272
884,0.005510877,0.0024533097,99.590675,100.30902,0.71834564,0.0024533097
885,0.0069159986,0.003172063,100.01768,100.583595,0.56591797,0.003172063
886,0.00732898,0.0025549934,100.355675,100.395325,0.039649963,0.0025549934
887,0.0060103596,0.002062649,99.94616,100.157776,0.21161652,0.002062649
888,0.0011513216,-7.795022e-05,100.26901,100.3927,0.123687744,7.795022e-05
889,-0.0023876738,-0.005084336,99.93367,100.3611,0.4274292,0.005084336
890,-0.0062437523,-0.010023625,100.00986,100.538574,0.52871704,0.010023625
891,-0.009345301,-0.016086591,99.98538,100.418,0.4326172,0.016086591
892,-0.010538425,-0.011001815,99.88919,100.32252,0.43332672,0.011001815
893,-0.009133996,0.002999137,99.65428,100.20055,0.54626465,0.002999137
894,-0.005028088,-0.0033230085,99.920845,100.48599,0.5651474,0.0033230085
895,-0.0026077682,-0.0036571654,99.68068,99.99209,0.311409,0.0036571654
896,0.00087193464,0.0018883582,100.19348,99.94258,-0.25090027,0.0018883582
897,0.002726744,0.0004062439,99.94434,99.906525,-0.03781891,0.0004062439
898,0.005218898,0.004749772,100.16098,100.10732,-0.05365753,0.004749772
899,0.0058350996,-0.0064754155,99.64371,100.268776,0.62506866,0.0064754155
900,0.0074335732,0.0014431056,99.74995,99.80078,0.050834656,0.0014431056
901,0.008126004,0.013596669,100.11641,99.98063,-0.13578033,0.013596669
902,0.007900564,0.009943433,99.83857,99.788765,-0.049804688,0.009943433
903,0.0075095845,0.010878911,100.327354,100.169395,-0.15795898,0.010878911
904,0.008454136,0.00018580085,99.887886,99.94947,0.061584473,0.00018580085
905,0.008601778,-0.010793625,99.45996,100.27011,0.81015015,0.010793625
906,0.0070458488,-0.016333947,100.203865,100.27343,0.06956482,0.016333947
907,0.007918239,-0.016662275,99.74048,100.22916,0.48867798,0.016662275
908,0.0062784115,-0.011264532,99.9101,100.29098,0.38087463,0.011264532
909,0.007109676,0.003533028,99.91691,100.12395,0.20703888,0.003533028
910,0.0059815543,-0.0015959536,99.67512,100.241974,0.5668564,0.0015959536
911,0.006229968,-0.00012139132,100.211075,99.96918,-0.24189758,0.00012139132
912,0.004382013,-0.0056868866,100.2762,99.8613,-0.41490173,0.0056868866
913,0.006326269,8.222172e-05,100.337685,99.83638,-0.5013046,8.222172e-05
914,0.0029197088,-0.000981722,100.042625,99.842674,-0.19995117,0.000981722
915,0.0018925644,0.0013769085,100.28338,100.21461,-0.06877136,0.0013769085
916,0.0027854503,-0.0036931075,100.01445,100.30942,0.29496765,0.0036931075
917,0.003714085,0.00022806991,100.903625,100.29041,-0.6132126,0.00022806991
918,0.00420358,-0.0061565856,100.33585,100.54922,0.21336365,0.0061565856
919,0.0059138164,0.012904034,100.45358,100.20636,-0.2472229,0.012904034
920,0.004165777,-0.0038786228,100.52837,100.432495,-0.0958786,0.0038786228
921,0.004419448,-0.00060371944,100.34263,100.046684,-0.2959442,0.00060371944
922,0.0047852728,-0.0031537998,99.75526,100.12165,0.36639404,0.0031537998
923,0.004102486,0.00049410155,99.32402,100.22163,0.8976059,0.00049410155
924,0.005143153,0.0028115604,99.3578,100.229744,0.8719406,0.0028115604
925,0.002473785,0.0043831207,99.86427,100.199974,0.335701,0.0043831207
926,0.0019906748,-0.0016577505,99.817566,100.50384,0.68627167,0.0016577505
927,6.7553585e-05,-3.26027e-05,99.988976,100.11077,0.121795654,3.26027e-05
928,-0.00035708636,0.0003354222,99.98164,99.78588,-0.19576263,0.0003354222
929,0.00046743584,-0.00059641025,100.300316,100.25505,-0.045265198,0.00059641025
930,-0.00022711947,0.0002623436,100.029366,99.99525,-0.034118652,0.0002623436
931,0.00021723761,0.0002450838,99.67974,100.22027,0.54052734,0.0002450838
932,8.13609e-05,3.4313583e-05,99.84363,100.253395,0.40976715,3.4313583e-05
933,0.0013840885,0.0012367379,99.98928,100.58011,0.59082794,0.0012367379
934,0.001146716,0.0036378563,99.88691,100.25966,0.37274933,0.0036378563
935,0.005949018,0.0018443726,100.11784,100.33731,0.21946716,0.0018443726
936,0.0044518868,-0.00027940865,99.60704,100.407,0.7999573,0.00027940865
937,0.009945239,-0.0038727538,100.26043,100.25931,-0.001121521,0.0038727538
938,0.010245172,-0.013558361,100.05123,100.188126,0.13689423,0.013558361
939,0.015515588,-0.009630512,99.81922,100.1599,0.34067535,0.009630512
940,0.015421465,-0.012745964,99.65132,100.37465,0.72332764,0.012745964
941,0.019124042,-0.012673369,100.11274,100.14538,0.03263855,0.012673369
942,0.017139113,-0.0036327944,99.78932,99.52457,-0.26475525,0.0036327944
943,0.01909666,-0.039278544,99.860466,100.02757,0.16710663,0.039278544
944,0.017279455,-0.024152739,99.73177,99.986206,0.25443268,0.024152739
945,0.015903972,0.012526663,99.83583,100.03457,0.1987381,0.012526663
946,0.014743993,0.0020915442,99.845436,100.63815,0.792717,0.0020915442
947,0.010272923,0.00074797054,100.159355,100.501495,0.3421402,0.00074797054
948,0.0074814903,-0.005230109,100.32821,100.828476,0.500267,0.005230109
949,0.004992094,-0.0008262361,99.97765,100.2239,0.24624634,0.0008262361
950,0.0032118359,-0.00471668,99.64063,100.55204,0.9114075,0.00471668
951,0.002050045,-0.00011192654,99.91369,100.27765,0.36396027,0.00011192654
952,-0.00040077453,0.00016898365,99.496666,99.73829,0.24162292,0.00016898365
953,-3.0011928e-05,2.6521993e-05,99.27127,100.197815,0.9265442,2.6521993e-05
954,-0.0008671533,0.0013624108,99.68101,99.69141,0.010398865,0.0013624108
955,-0.0016366632,0.0034800135,99.449425,100.0672,0.61777496,0.0034800135
956,-0.00066581694,-0.0002480333,99.8539,100.11902,0.26512146,0.0002480333
957,-0.0005029973,0.0006015442,99.46387,100.15737,0.69350433,0.0006015442
958,-0.0029768203,-0.0018239053,99.894264,100.29711,0.4028473,0.0018239053
959,-0.0021805004,0.0017581953,99.78405,100.22877,0.4447174,0.0017581953
960,-0.0029452997,-0.00092654955,100.410446,100.02039,-0.3900528,0.00092654955
961,-0.0020736617,0.0004589136,100.241554,99.92085,-0.3207016,0.0004589136
962,0.00014693761,-0.00014916036,100.34481,99.96319,-0.3816223,0.00014916036
963,0.0042406553,-0.0021393634,99.77781,100.52776,0.7499542,0.0021393634
964,0.0043960684,-0.0117701115,100.26238,100.01041,-0.251976,0.0117701115
965,0.008794888,-0.009638082,99.787155,100.50721,0.7200546,0.009638082
966,0.0094771935,-0.0012146073,100.31551,99.905685,-0.4098282,0.0012146073
967,0.012964903,0.027417732,100.017365,101.005165,0.9878006,0.027417732
968,0.013759673,0.017301066,100.22747,100.824104,0.5966339,0.017301066
969,0.015455808,0.004027248,99.84,100.159134,0.31913757,0.004027248
970,0.0144808935,-0.01352841,100.53046,100.24369,-0.28676605,0.01352841
971,0.015913336,-0.0072294935,100.028305,100.152504,0.12419891,0.0072294935
972,0.013604157,-0.016868021,100.537895,99.98667,-0.55122375,0.016868021
973,0.0101398975,-0.0042353794,100.348236,100.22719,-0.12104797,0.0042353794
974,0.0072640413,0.006036846,100.038795,100.59358,0.5547867,0.006036846
975,0.0055848225,-0.00048934337,100.03285,100.30029,0.2674408,0.00048934337
976,0.004965429,0.0002857902,99.777596,99.979576,0.20198059,0.0002857902
977,0.0068683703,0.00023158816,100.09058,100.38284,0.29225922,0.00023158816
978,0.006205466,0.002299874,99.77463,100.38416,0.6095352,0.002299874
979,0.008453447,-0.0035738563,100.16524,100.26489,0.09965515,0.0035738563
980,0.008956272,0.00930759,100.195404,100.21098,0.015579224,0.00930759
981,0.009280862,-0.008536607,99.79884,100.135635,0.336792,0.008536607
982,0.011647251,-0.004284497,99.78548,100.232895,0.4474182,0.004284497
983,0.012784053,-0.005181558,99.61503,100.194214,0.5791855,0.005181558
984,0.015191071,0.022913024,99.82656,100.046104,0.21954346,0.022913024
985,0.01351555,0.020249572,99.80143,100.31348,0.5120468,0.020249572
986,0.014907922,0.0045981244,99.88236,100.060326,0.17796326,0.0045981244
987,0.012469843,0.011558438,99.93331,100.04854,0.115226746,0.011558438
988,0.011271877,-0.0012261908,100.04127,100.19461,0.1533432,0.0012261908
989,0.0072282874,0.014708032,100.04585,99.79638,-0.24947357,0.014708032
990,0.0072543304,0.002246595,99.86309,100.28193,0.4188385,0.002246595
991,0.0051256134,0.012022489,99.79733,100.0269,0.22956848,0.012022489
992,0.004713138,0.00058521115,99.99748,100.07787,0.08039093,0.00058521115
993,0.003987111,0.006307177,99.746216,99.92896,0.18274689,0.006307177
994,0.0036376333,0.0023554037,99.69568,100.140945,0.44526672,0.0023554037
995,0.0035935305,0.0026423568,99.93989,100.47986,0.5399704,0.0026423568
996,0.0062226495,0.0037617274,100.04471,100.67698,0.6322708,0.0037617274
997,0.0077200243,-0.0055896877,100.04924,100.21136,0.162117,0.0055896877
998,0.009937041,-0.009399886,100.23415,100.24013,0.005973816,0.009399886
999,0.012047975,0.019228607,100.16829,100.06418,-0.10411072,0.019228607
1000,0.012890834,-0.011314862,100.5247,100.1933,-0.331398,0.011314862
1001,0.012033731,5.6561683e-05,100.127945,100.14682,0.018875122,5.6561683e-05
1002,0.01210565,6.705389e-05,100.55227,100.50265,-0.049621582,6.705389e-05
1003,0.013603916,0.0052814465,99.83602,99.87793,0.041908264,0.0052814465
1004,0.014069227,0.0045859576,100.11175,100.09385,-0.01789856,0.0045859576
1005,0.015918449,-0.009510274,100.433365,100.096,-0.3373642,0.009510274
1006,0.014957454,-0.005679207,100.30472,100.135994,-0.16872406,0.005679207
1007,0.01483224,0.026332138,99.86181,100.008896,0.1470871,0.026332138
1008,0.01592011,0.013228068,99.92385,100.17475,0.25090027,0.013228068
1009,0.018005975,0.0047418107,99.982834,100.63202,0.6491852,0.0047418107
1010,0.01972161,0.006379494,100.04199,100.52245,0.48046112,0.006379494
1011,0.020171028,-0.066463046,100.306465,99.90872,-0.39774323,0.066463046
1012,0.021272065,-0.013986855,99.94058,100.21826,0.27767944,0.013986855
1013,0.017103951,-0.03394247,99.92938,99.617195,-0.3121872,0.03394247
1014,0.016266778,-0.015971072,99.68547,100.02264,0.33716583,0.015971072
1015,0.013072065,-0.006351028,99.98575,99.88142,-0.10433197,0.006351028
1016,0.01317022,-0.010960722,100.39378,100.654526,0.2607422,0.010960722
1017,0.010132656,-0.008312112,100.411385,100.80212,0.3907318,0.008312112
1018,0.010993559,-0.011912487,100.14342,100.65043,0.5070114,0.011912487
1019,0.007463596,0.007856547,99.992226,100.46702,0.47479248,0.007856547
1020,0.010451841,-0.006167547,99.99644,100.03741,0.04096985,0.006167547
1021,0.008224179,-0.005918686,100.16617,100.43123,0.26506042,0.005918686
1022,0.008336307,-0.008101378,100.1855,100.19111,0.005607605,0.008101378
1023,0.004110629,0.003466233,100.07648,100.43573,0.35925293,0.003466233
1024,0.0051365495,-0.0016092475,100.22942,100.21274,-0.016685486,0.0016092475
1025,0.00552422,-0.0016896923,99.81706,100.45191,0.63484955,0.0016896923
1026,0.006349301,0.0085832365,99.93828,100.18535,0.24707031,0.0085832365
1027,0.005565173,-0.0044103498,99.78992,100.429825,0.63990784,0.0044103498
1028,0.0072623524,-0.007908663,99.88848,100.3768,0.4883194,0.007908663
1029,0.005137522,-0.003312375,99.80847,100.31916,0.5106888,0.003312375
1030,0.0054682973,-0.0010348381,99.636154,99.88527,0.24911499,0.0010348381
1031,0.002773555,-0.0042838324,99.90554,100.14237,0.23683167,0.0042838324
1032,0.0038867583,-0.000120820674,99.59193,100.36193,0.7700043,0.000120820674
1033,0.0045059137,0.0013459991,100.48449,100.01679,-0.46769714,0.0013459991
1034,0.0067890706,-0.021160267,99.47849,100.471275,0.9927826,0.021160267
1035,0.012131056,-0.0026674273,99.90759,100.91794,1.0103455,0.0026674273
1036,0.014923768,-0.039375503,99.521065,100.928444,1.4073792,0.039375503
1037,0.019133732,-0.016172132,99.830864,100.66842,0.83755493,0.016172132
1038,0.01778855,-0.014594155,100.15263,100.34659,0.19395447,0.014594155
1039,0.018454663,0.010082118,99.88653,100.00809,0.12155914,0.010082118
1040,0.016332563,-0.008176175,100.46901,100.214355,-0.25465393,0.008176175
1041,0.017687174,0.028482486,100.285324,100.09974,-0.18558502,0.028482486
1042,0.017157461,0.0016904197,100.12705,100.17953,0.052474976,0.0016904197
1043,0.019798895,0.0070535573,100.037674,100.48377,0.44609833,0.0070535573
1044,0.020671094,0.017113313,100.04873,100.077545,0.028816223,0.017113313
1045,0.020692376,-0.015807064,99.93324,100.14889,0.21564484,0.015807064
1046,0.02144074,0.0126429945,99.88149,100.35254,0.47104645,0.0126429945
1047,0.017213257,-0.02991429,99.84153,100.38041,0.5388794,0.02991429
1048,0.015387811,0.004520702,100.19868,100.63041,0.43173218,0.004520702
1049,0.01033023,-0.0003151654,100.33534,100.03844,-0.29690552,0.0003151654
1050,0.007315872,-0.000990287,99.91722,100.47586,0.5586395,0.000990287
1051,0.0061079087,0.003612998,100.09584,100.07291,-0.02293396,0.003612998
1052,0.00670364,-0.00729527,100.42971,99.90918,-0.5205307,0.00729527
1053,0.0072464123,0.006831539,99.820915,100.08215,0.2612381,0.006831539
1054,0.0036435598,-0.0005833727,99.90989,99.92849,0.018600464,0.0005833727
1055,0.0050973925,0.006009229,100.385376,100.13013,-0.25524902,0.006009229
1056,0.0020102244,0.00072302396,100.4285,100.31075,-0.117744446,0.00072302396
1057,0.0017517526,0.0007732349,99.951164,100.026276,0.07511139,0.0007732349
1058,0.0019831918,0.0012035812,100.00593,100.007935,0.0020065308,0.0012035812
1059,0.0006646556,0.0007511274,99.795364,100.01838,0.22301483,0.0007511274
1060,0.0019961104,0.00080163585,99.861626,100.262825,0.40119934,0.00080163585
1061,0.004333318,-0.0046419334,99.77966,100.23313,0.45346832,0.0046419334
1062,0.008424428,-0.008936173,100.28767,100.71332,0.42565155,0.008936173
1063,0.0107724285,-0.0036420033,100.2826,99.7183,-0.56430054,0.0036420033
1064,0.011219471,0.009958901,100.33168,100.48665,0.15496826,0.009958901
1065,0.012175231,0.00070639205,99.76529,100.00204,0.23674774,0.00070639205
1066,0.012022622,0.008297567,99.629654,100.18191,0.5522537,0.008297567
1067,0.010498153,-0.011493852,99.8801,100.48653,0.60643005,0.011493852
1068,0.008273667,-0.0030217667,100.12237,100.39907,0.27670288,0.0030217667
1069,0.006748706,-0.010855767,100.3443,100.4006,0.056297302,0.010855767
1070,0.0053110304,-0.008751975,100.367615,100.1955,-0.17211151,0.008751975
1071,0.0055062976,-0.0041526104,100.10502,100.04271,-0.062309265,0.0041526104
1072,0.0049710553,-0.006352684,100.1157,99.568306,-0.5473938,0.006352684
1073,0.0075015114,0.0043003806,100.12642,100.14514,0.018722534,0.0043003806
1074,0.00909583,-0.0104994085,99.51982,99.92662,0.40679932,0.0104994085
1075,0.008762648,-0.014165491,99.64855,100.28245,0.6338959,0.014165491
1076,0.008790305,-0.0038475466,99.45678,100.20731,0.75053406,0.0038475466
1077,0.007589072,-0.00955209,100.25471,100.39259,0.13788605,0.00955209
1078,0.0060851094,-0.0056265527,100.10019,100.02767,-0.072517395,0.0056265527
1079,0.0068015573,-0.0074337544,100.29508,100.16238,-0.13270569,0.0074337544
1080,0.0054305,0.0017668873,99.91472,99.831116,-0.083602905,0.0017668873
1081,0.008155381,0.006042025,100.15696,100.302376,0.14541626,0.006042025
1082,0.007280498,-0.00024969992,99.74863,100.05104,0.30241394,0.00024969992
1083,0.0113911005,0.012274644,100.29716,100.483696,0.1865387,0.012274644
1084,0.011124651,0.0043649594,99.871124,100.36639,0.49526215,0.0043649594
1085,0.014133733,0.01776242,100.13316,100.21532,0.08215332,0.01776242
1086,0.0149365505,-0.022330498,100.18641,99.881805,-0.30460358,0.022330498
1087,0.016447043,-0.0018394657,100.099945,100.504814,0.40486908,0.0018394657
1088,0.01707547,-0.00074092153,100.156654,100.57062,0.41396332,0.00074092153
1089,0.015731536,0.022037452,99.97811,100.26364,0.2855301,0.022037452
1090,0.017449614,0.018391049,99.99644,100.03817,0.041732788,0.018391049
1091,0.014021585,0.012068151,100.10313,100.61503,0.51190186,0.012068151
1092,0.013002798,-0.0036465798,99.504814,100.35001,0.8451996,0.0036465798
1093,0.007831796,-0.004247619,99.912415,100.718216,0.8058014,0.004247619
1094,0.0031414444,-0.0016000739,99.14411,99.911446,0.767334,0.0016000739
1095,-0.00044166634,0.000856267,99.12671,99.93734,0.8106308,0.000856267
1096,-0.0035148505,-0.00038301776,99.98218,100.26797,0.2857895,0.00038301776
1097,-0.004260552,0.0009033877,100.010124,100.227646,0.21752167,0.0009033877
1098,-0.0068997988,-0.00021654672,99.447044,100.5606,1.1135559,0.00021654672
1099,-0.0050907903,0.0026151312,100.23013,99.80412,-0.42601013,0.0026151312
1100,-0.007411219,0.008332975,99.99675,99.82716,-0.16958618,0.008332975
1101,-0.0042668562,-0.00041048724,100.0953,100.102516,0.007217407,0.00041048724
1102,-0.00037423347,0.0005201015,99.747574,100.59705,0.8494797,0.0005201015
1103,0.0021249955,-0.0052538402,99.50507,100.64245,1.1373749,0.0052538402
1104,0.004260582,-0.0010997364,99.22383,100.243805,1.0199738,0.0010997364
1105,0.0029097227,-0.0024593032,99.92752,100.36246,0.43493652,0.0024593032
1106,0.0064710905,-0.002068366,99.8111,100.41308,0.6019821,0.002068366
1107,0.006552066,-0.0015524868,100.33773,99.730255,-0.6074753,0.0015524868
1108,0.00805886,0.0047415593,100.20886,99.85241,-0.35645294,0.0047415593
1109,0.009180781,0.0068187877,99.72277,99.80428,0.08151245,0.0068187877
1110,0.009094923,0.007112174,100.26957,99.92685,-0.34272003,0.007112174
1111,0.009198056,-0.003008157,99.9735,99.37177,-0.60173035,0.003008157
1112,0.010564026,-0.0029200297,99.79373,99.620255,-0.17347717,0.0029200297
1113,0.011218934,-0.004730872,100.60927,100.3292,-0.28006744,0.004730872
1114,0.00932634,0.009838228,99.52533,100.09213,0.566803,0.009838228
1115,0.008853142,0.008450871,99.97185,100.22413,0.2522812,0.008450871
1116,0.007528617,0.00013348392,100.228264,100.337555,0.10929108,0.00013348392
1117,0.005476676,0.008925706,100.01696,99.98327,-0.033691406,0.008925706
1118,0.00041717663,0.00032269678,100.07176,100.52944,0.45767975,0.00032269678
1119,-0.0017854824,0.00062156084,100.068,100.055756,-0.012245178,0.00062156084
1120,-0.0064522517,0.004898364,100.27241,100.48252,0.21011353,0.004898364
1121,-0.005215859,-0.0032055676,100.19825,99.7695,-0.42874908,0.0032055676
1122,-0.010197309,-0.008859859,99.787186,100.3499,0.5627136,0.008859859
1123,-0.010143529,0.0029525538,99.898155,99.592186,-0.30596924,0.0029525538
1124,-0.009590934,-0.018206535,100.62856,100.27711,-0.3514557,0.018206535
1125,-0.0065401634,-0.0043528313,100.61718,100.567474,-0.049705505,0.0043528313
1126,-0.0005496999,-5.844349e-05,100.489426,100.45593,-0.033493042,5.844349e-05
1127,0.0045544133,0.0013127149,99.93414,100.19186,0.25771332,0.0013127149
1128,0.009130999,9.734559e-05,99.63807,100.247025,0.6089554,9.734559e-05
1129,0.01344749,0.0018583785,99.9133,100.47947,0.56616974,0.0018583785
1130,0.014382475,-0.018061042,99.64618,100.67875,1.0325699,0.018061042
1131,0.015505835,-0.018234199,100.20814,100.00085,-0.20729065,0.018234199
1132,0.014921158,-0.012876305,99.95975,100.22465,0.2649002,0.012876305
1133,0.017307658,0.0048822337,100.02735,99.63235,-0.39500427,0.0048822337
1134,0.019232778,-0.022211028,99.68893,100.03688,0.3479538,0.022211028
1135,0.020606838,0.034346,99.93611,99.69932,-0.23679352,0.034346
1136,0.021638494,0.01133386,100.1392,100.142876,0.0036773682,0.01133386
1137,0.019679228,0.005848502,100.02663,100.35479,0.32816315,0.005848502
1138,0.016056886,-0.009901499,100.090614,100.387,0.29638672,0.009901499
1139,0.010628224,-0.0040060785,99.66583,100.55314,0.8873062,0.0040060785
1140,0.0069071804,-0.0017419731,99.72456,100.37343,0.64886475,0.0017419731
1141,0.004327977,-0.0016320456,99.50217,100.42397,0.92180634,0.0016320456
1142,0.0017113829,-0.0020564855,99.75441,100.96693,1.2125168,0.0020564855
1143,0.0006389091,-0.00020081707,100.206955,100.4803,0.27334595,0.00020081707
1144,0.0028901957,0.0037343625,99.9197,100.46233,0.54263306,0.0037343625
1145,0.002930099,0.0023604413,100.31985,100.79421,0.47436523,0.0023604413
1146,0.0035362574,0.0061114547,99.958595,100.11981,0.16121674,0.0061114547
1147,0.003074041,-0.00033968812,99.75568,100.7958,1.040123,0.00033968812
1148,0.00599082,0.00082118233,99.6632,100.63647,0.9732666,0.00082118233
1149,0.0063912147,-0.0002691313,99.8336,100.147,0.31340027,0.0002691313
1150,0.0056838444,0.0030602424,100.21182,100.5632,0.3513794,0.0030602424
1151,0.0052417023,-0.0038325067,100.16642,100.6835,0.5170822,0.0038325067
1152,0.0013744092,-0.00021801589,100.12849,100.81575,0.6872635,0.00021801589
1153,0.0016856691,1.5070759e-05,100.398346,100.122894,-0.27545166,1.5070759e-05
1154,0.00088772434,0.0002655664,100.02683,100.12782,0.100990295,0.0002655664
1155,-0.0038698248,-0.0019280285,100.27008,100.461754,0.19167328,0.0019280285
1156,-0.0013015459,-0.0014935882,100.040565,100.21472,0.17415619,0.0014935882
1157,-0.0031913607,-0.0039083646,99.71782,100.37058,0.65276337,0.0039083646
1158,-0.0028303897,-0.00236842,100.00739,99.89023,-0.11716461,0.00236842
1159,-0.00060495123,-0.00010231455,99.951935,100.039764,0.08782959,0.00010231455
1160,-0.0012883646,-0.0007671327,99.93905,99.65409,-0.2849579,0.0007671327
1161,0.0006787272,0.000999305,99.593155,100.37166,0.7785034,0.000999305
1162,0.00040520867,5.7444613e-05,99.77218,100.217865,0.44568634,5.7444613e-05
1163,0.0034990248,-0.008781367,99.7955,100.44497,0.64946747,0.008781367
1164,0.0036182124,-0.0015700208,100.01373,100.17662,0.16288757,0.0015700208
1165,0.0033732234,-0.007437856,99.85185,99.9316,0.07975006,0.007437856
1166,0.003920634,0.0063431715,100.08171,100.149,0.06729126,0.0063431715
1167,0.0018204508,-8.33562e-05,100.00984,100.09962,0.089775085,8.33562e-05
1168,0.0013433857,2.78758e-05,99.90061,99.894554,-0.0060577393,2.78758e-05
1169,0.0034844591,0.00017830623,99.86956,100.357475,0.48791504,0.00017830623
1170,0.0030897474,0.000346708,100.00357,99.915115,-0.0884552,0.000346708
1171,0.00108734,-0.00044748138,99.9444,99.73276,-0.2116394,0.00044748138
1172,0.0022344172,-0.0014455111,99.88962,99.86724,-0.022377014,0.0014455111
1173,0.00010632002,3.7920912e-05,99.76532,100.243195,0.47787476,3.7920912e-05
1174,0.0010689625,-0.00063315727,99.55324,99.9426,0.38935852,0.00063315727
1175,0.0011080934,0.0004307828,100.20386,100.29412,0.09026337,0.0004307828
1176,0.0016450293,-0.001141029,100.095,100.1876,0.09259796,0.001141029
1177,0.0038772323,-0.0036393611,100.14405,100.17594,0.03189087,0.0036393611
1178,0.00620849,-0.006576251,100.10033,100.04118,-0.059143066,0.006576251
1179,0.011337618,-0.016094131,100.29347,100.01037,-0.28310394,0.016094131
1180,0.012881258,-0.005007798,100.047066,100.78065,0.73358154,0.005007798
1181,0.017229658,0.009681881,99.94291,99.92856,-0.014350891,0.009681881
1182,0.018653475,0.012527449,100.07336,100.59944,0.5260849,0.012527449
1183,0.017939867,-0.0025731097,99.718864,100.62005,0.9011841,0.0025731097
1184,0.015601799,-0.00998146,100.12366,100.799515,0.67585754,0.00998146
1185,0.010377062,-0.0034449904,99.88205,100.89849,1.0164413,0.0034449904
1186,0.007265719,-0.004365834,100.05298,100.419754,0.3667755,0.004365834
1187,0.0021820595,-0.00037600446,99.824585,100.68795,0.8633652,0.00037600446
1188,0.0011768809,-0.00070300937,99.55028,100.26241,0.7121353,0.00070300937
1189,-0.00016452622,6.17578e-05,99.91521,100.37444,0.45923615,6.17578e-05
1190,0.00044407096,-4.7753274e-06,100.12896,100.32527,0.19631195,4.7753274e-06
1191,-3.3497403e-05,5.300044e-05,100.169655,99.79964,-0.370018,5.300044e-05
1192,0.00018069189,-0.00028657648,100.18169,99.9731,-0.20858765,0.00028657648
1193,0.0033740792,-0.0011181665,100.23782,100.48864,0.25081635,0.0011181665
1194,0.002717632,0.003786486,100.066574,100.026764,-0.03981018,0.003786486
1195,0.004447436,-0.00987034,99.874344,101.10831,1.233963,0.00987034
1196,0.003951184,-0.0011892691,100.24869,100.11679,-0.13189697,0.0011892691
1197,0.005119691,-0.0140372915,99.8527,100.25084,0.39813995,0.0140372915
1198,0.0038281535,-0.00038077706,99.62708,100.00624,0.37915802,0.00038077706
1199,0.008212532,-0.012853155,100.30752,100.103134,-0.20438385,0.012853155
1200,0.008955182,0.010080634,100.327065,99.991,-0.3360672,0.010080634
1201,0.011715614,0.022082997,99.97947,100.25154,0.27207184,0.022082997
1202,0.010396486,0.013698983,99.93841,100.442856,0.50444794,0.013698983
1203,0.012783384,0.0181676,99.94848,100.71129,0.76280975,0.0181676
1204,0.012970171,0.02959319,99.99293,100.50369,0.5107651,0.02959319
1205,0.013743151,0.017467184,99.53756,100.439766,0.9022064,0.017467184
1206,0.014030871,-0.015415923,99.914856,100.38159,0.46673584,0.015415923
1207,0.009863786,-0.014403188,98.90479,101.04094,2.1361465,0.014403188
1208,0.008567751,-0.008062305,99.87645,100.084854,0.20840454,0.008062305
1209,0.0042170305,-0.0058894446,99.39093,100.240486,0.84955597,0.0058894446
1210,-0.0017646521,0.0025649136,99.987175,100.348335,0.36116028,0.0025649136
1211,-0.0035433094,0.0034220465,99.73959,100.489685,0.75009155,0.0034220465
1212,-0.0044760588,0.0075723887,100.1687,100.07656,-0.0921402,0.0075723887
1213,-0.0056531476,-1.3629971e-05,99.771935,100.08033,0.3083954,1.3629971e-05
1214,-0.0015979887,-0.0012323519,100.0881,100.10622,0.018119812,0.0012323519
1215,0.0005836129,-0.00015525927,99.84406,100.42396,0.579895,0.00015525927
1216,0.0025977616,-0.0034742423,100.244385,100.1217,-0.12268829,0.0034742423
1217,0.0053887567,-0.007433699,100.24667,100.524445,0.277771,0.007433699
1218,0.0067354506,-0.000876947,99.985405,100.38649,0.4010849,0.000876947
1219,0.0107843615,-0.008408275,99.96975,99.99747,0.02771759,0.008408275
1220,0.011524769,0.007944231,100.09737,100.41963,0.32226562,0.007944231
1221,0.012002271,-0.0035183667,99.800514,99.98801,0.18749237,0.0035183667
1222,0.012959945,0.0025397448,100.27313,100.000824,-0.27230835,0.0025397448
1223,0.012690252,0.015334893,99.3332,100.793945,1.4607468,0.015334893
1224,0.013009323,0.010116789,99.97583,100.451096,0.4752655,0.010116789
1225,0.008183618,-5.410226e-05,99.615425,100.3531,0.7376785,5.410226e-05
1226,0.0075304755,-0.0058758096,100.12414,100.23382,0.109680176,0.0058758096
1227,0.0056681526,-0.0035864958,100.44249,100.02283,-0.41966248,0.0035864958
1228,0.003778651,0.00018004366,99.99354,100.107666,0.11412811,0.00018004366
1229,0.0036391965,-0.0049104257,100.44636,100.43691,-0.00944519,0.0049104257
1230,0.002936511,0.0027781792,99.961655,100.34775,0.38609314,0.0027781792
1231,0.0030076413,-4.842385e-05,100.27069,100.58759,0.31690216,4.842385e-05
1232,0.00440982,0.0022252665,100.05309,100.00578,-0.047309875,0.0022252665
1233,0.0032687017,-0.0014050647,99.86835,100.403305,0.5349579,0.0014050647
1234,0.003136231,0.0023474914,100.168144,100.431816,0.26367188,0.0023474914
1235,0.00033936853,-5.1944982e-05,99.84564,99.97666,0.13101959,5.1944982e-05
1236,0.0022541268,0.004284082,99.83181,99.93982,0.10800934,0.004284082
1237,0.0021811023,-0.0013609127,99.92202,100.03995,0.11792755,0.0013609127
1238,0.0023899416,-0.0014198003,99.80874,100.295265,0.4865265,0.0014198003
1239,0.005606461,0.00068296824,99.656334,100.29285,0.63651276,0.00068296824
1240,0.007993085,-0.008155841,100.05374,100.21101,0.15727234,0.008155841
1241,0.008029023,0.010895303,100.636406,99.95455,-0.68185425,0.010895303
1242,0.007257115,0.0162495,100.31174,100.348656,0.03691864,0.0162495
1243,0.006696458,0.0046927654,99.7291,100.27764,0.5485382,0.0046927654
1244,0.003585833,0.006382915,99.898865,99.947556,0.048690796,0.006382915
1245,0.00277914,0.002655713,99.88326,100.43542,0.55215454,0.002655713
1246,0.00020506498,0.00011186155,99.4424,100.03177,0.5893707,0.00011186155
1247,0.0027194219,0.00077220186,100.12243,100.313576,0.19114685,0.00077220186
1248,0.0027265425,0.001271862,99.83169,100.898384,1.0666962,0.001271862
1249,0.003550332,0.002780308,99.600174,100.43579,0.83561707,0.002780308
1250,0.0036225533,0.001019249,100.34939,100.03008,-0.31930542,0.001019249
1251,0.0030321782,0.0012142587,99.947395,99.98155,0.0341568,0.0012142587
1252,0.0031721632,-0.0042969408,99.6303,100.11807,0.48777008,0.0042969408
1253,0.0014828236,0.00061855034,99.778534,99.97064,0.19210815,0.00061855034
1254,0.004564273,0.0004589267,99.620285,100.296906,0.6766205,0.0004589267
1255,0.0026550032,-0.00016063306,99.88825,100.21259,0.32434082,0.00016063306
1256,0.0054569067,-0.0040320205,100.7408,100.19871,-0.54209137,0.0040320205
1257,0.005432771,0.009882459,100.07003,100.39555,0.32552338,0.009882459
1258,0.0062362845,-0.00062138465,100.16295,100.445435,0.28248596,0.00062138465
1259,0.0044616875,0.0033285539,100.48568,100.25568,-0.23000336,0.0033285539
1260,0.0029240642,-0.0049536023,99.71419,100.2028,0.4886093,0.0049536023
1261,0.0014776406,0.0002764299,100.38998,100.16156,-0.22841644,0.0002764299
1262,0.00022469737,0.00015983904,99.45036,100.422104,0.9717407,0.00015983904
1263,0.00026621524,0.00045615423,99.59296,100.30855,0.71559143,0.00045615423
1264,-0.0013443646,-0.00044804826,99.6348,100.07911,0.44430542,0.00044804826
1265,-0.00028258527,5.9263566e-05,99.7418,100.2626,0.52080536,5.9263566e-05
1266,-0.0019677877,-0.00045554675,100.48451,100.24633,-0.23818207,0.00045554675
1267,-0.0026787594,-0.003054956,99.87427,100.39516,0.5208893,0.003054956
1268,-0.001657985,0.00061278255,99.99552,99.56091,-0.43460846,0.00061278255
1269,-0.0014500102,0.0011915193,99.691154,99.97469,0.28353882,0.0011915193
1270,-0.00059609284,0.00033222407,100.01126,100.0731,0.061836243,0.00033222407
1271,-0.0001423491,-0.00012031569,100.60185,99.8191,-0.782753,0.00012031569
1272,-0.00017375292,3.691465e-05,99.74277,100.45712,0.71435547,3.691465e-05
1273,-0.0043311524,-0.0035528895,99.94017,99.893364,-0.046806335,0.0035528895
1274,-0.001631415,-0.0003682339,99.8401,100.58676,0.7466583,0.0003682339
1275,-0.0031417867,-0.0031365296,100.098946,100.26303,0.16408539,0.0031365296
1276,0.0008583546,0.00039802413,100.07299,100.41216,0.33917236,0.00039802413
1277,0.0015460601,-0.0015381908,100.098885,100.45154,0.3526535,0.0015381908
1278,0.0056846924,0.002336309,100.11413,100.35103,0.23690033,0.002336309
1279,0.008439749,-0.0024611508,100.13076,99.86637,-0.26438904,0.0024611508
1280,0.012438663,0.0009856718,99.77955,100.27309,0.4935379,0.0009856718
1281,0.013439669,0.015678102,100.287155,100.15405,-0.13310242,0.015678102
1282,0.015354535,0.011828662,100.09443,100.11522,0.0207901,0.011828662
1283,0.014626456,0.0006321763,100.18828,100.46515,0.27687073,0.0006321763
1284,0.012123618,0.031160956,100.22278,99.918526,-0.30425262,0.031160956
1285,0.00932053,0.014837246,100.38128,99.80202,-0.5792618,0.014837246
1286,0.008394954,0.006837767,100.15475,99.670876,-0.48387146,0.006837767
1287,0.0040131574,0.006383575,99.950935,99.93117,-0.019767761,0.006383575
1288,0.0043596956,0.0044817342,99.91004,100.01483,0.104789734,0.0044817342
1289,0.0019093701,0.00069005386,100.36827,100.270836,-0.097435,0.00069005386
1290,0.0018408835,-6.800897e-06,99.78458,100.25309,0.4685135,6.800897e-06
1291,0.0022447244,0.0004447,99.61721,100.1083,0.49108887,0.0004447
1292,0.0029954205,-0.003384603,99.819,100.0095,0.19049835,0.003384603
1293,0.0040849755,-0.0018515942,99.89359,100.35196,0.4583664,0.0018515942
1294,0.0029290402,0.004360103,100.13576,100.84838,0.7126236,0.004360103
1295,0.0050457213,-0.0021168417,100.0333,100.86354,0.83023834,0.0021168417
1296,0.003741534,0.0027447036,100.14689,100.446465,0.2995758,0.0027447036
1297,0.0061162924,0.00043888448,100.1688,100.452705,0.28390503,0.00043888448
1298,0.0043554786,0.00806184,100.11247,100.4525,0.34002686,0.00806184
1299,0.0068136253,0.010537371,99.837425,100.117,0.27957153,0.010537371
1300,0.0070048063,0.0030371065,100.012115,100.59522,0.583107,0.0030371065
1301,0.0047491393,0.00033083127,100.202576,100.32937,0.12679291,0.00033083127
1302,0.004574552,0.0040848195,100.04195,100.19683,0.15488434,0.0040848195
1303,0.0035346318,0.0036274984,100.37324,100.59126,0.21802521,0.0036274984
1304,0.0015564054,0.0018343466,100.40214,100.27839,-0.12374878,0.0018343466
1305,0.0013967045,0.002326032,100.387856,100.109695,-0.2781601,0.002326032
1306,-0.0018988822,-0.0022726895,99.81518,99.8909,0.07572174,0.0022726895
1307,0.00024110568,0.00018896662,99.96082,99.95956,-0.0012664795,0.00018896662
1308,-0.00048912806,-0.00012233919,99.63755,100.136795,0.4992447,0.00012233919
1309,0.0021489132,-0.0006633217,100.06074,100.04288,-0.017860413,0.0006633217
1310,0.0032211586,0.0031650523,99.934906,100.40962,0.4747162,0.0031650523
1311,0.003909109,0.0061126575,100.138176,100.24941,0.11123657,0.0061126575
1312,0.007184877,0.0031856913,99.6851,100.75355,1.0684509,0.0031856913
1313,0.0043624146,0.0021315946,99.672104,100.39298,0.7208786,0.0021315946
1314,0.004513865,-0.009327957,99.879814,100.388115,0.5083008,0.009327957
1315,0.0039169355,0.0027315568,100.13854,99.98866,-0.14987946,0.0027315568
1316,0.007288386,-0.006401406,100.29483,100.220055,-0.074775696,0.006401406
1317,0.008007457,0.0052876994,100.06989,100.04515,-0.024742126,0.0052876994
1318,0.011709969,0.012759277,100.31258,100.102356,-0.21022034,0.012759277
1319,0.012182528,0.02425637,100.091866,100.06547,-0.026397705,0.02425637
1320,0.014800241,0.008799712,99.75171,100.51702,0.7653122,0.008799712
1321,0.014754506,0.0020950204,100.38323,100.169556,-0.21367645,0.0020950204
1322,0.013657421,0.01614276,100.12146,100.641205,0.5197449,0.01614276
1323,0.011871098,0.0060257833,100.24351,100.508194,0.26468658,0.0060257833
1324,0.012040446,0.012057786,99.56632,100.248604,0.6822815,0.012057786
1325,0.008997623,0.01670947,100.14356,100.56854,0.42498016,0.01670947
1326,0.0060510156,0.0048772446,99.970314,99.93176,-0.03855133,0.0048772446
1327,0.003544804,0.0031253132,100.16412,100.17854,0.014419556,0.0031253132
1328,0.004989797,0.0022001,99.98314,100.33477,0.35163116,0.0022001
1329,0.0049826717,0.0029063548,99.95085,100.135666,0.18481445,0.0029063548
1330,0.006742213,-0.004312698,100.252205,100.194,-0.05820465,0.004312698
1331,0.009152858,-3.60308e-05,99.90394,99.52665,-0.37728882,3.60308e-05
1332,0.011414866,0.019189736,100.03375,99.837395,-0.19635773,0.019189736
1333,0.011271807,-0.007590913,100.09708,99.74343,-0.35364532,0.007590913
1334,0.012911692,0.0032980442,99.92049,100.04298,0.12248993,0.0032980442
1335,0.010302869,-0.00073207566,100.37716,100.17129,-0.20587158,0.00073207566
1336,0.01103151,-0.0057992474,100.37067,100.60522,0.23455048,0.0057992474
1337,0.009581665,-0.019489983,100.32149,100.3946,0.07311249,0.019489983
1338,0.010131611,-0.016458364,99.960625,100.25286,0.29223633,0.016458364
1339,0.008043572,-0.009726637,100.25448,100.07114,-0.18334198,0.009726637
1340,0.008557754,-0.016411802,99.977615,100.4128,0.4351883,0.016411802
1341,0.0039027603,-0.007955302,99.5799,100.2072,0.62729645,0.007955302
1342,0.0046534934,-0.0066736042,100.04084,100.40376,0.36292267,0.0066736042
1343,0.0026195592,-0.0019023048,99.73583,100.42767,0.6918411,0.0019023048
1344,0.0014106099,-0.0014304941,99.87822,100.25005,0.3718338,0.0014304941
1345,0.0045870193,-0.00364323,100.13948,99.87662,-0.26286316,0.00364323
1346,0.0060382783,-0.0033967698,99.93305,100.06328,0.13022614,0.0033967698
1347,0.00956615,0.0064789425,100.425095,100.10829,-0.31680298,0.0064789425
1348,0.011586696,0.00087346474,99.95218,100.505516,0.5533371,0.00087346474
1349,0.01483721,0.0006693467,100.183304,100.47712,0.2938156,0.0006693467
1350,0.015473235,0.009734134,99.67746,100.73938,1.0619202,0.009734134
1351,0.017143728,0.0045206994,99.6887,100.43092,0.74222565,0.0045206994
1352,0.015447689,0.013619403,99.86239,100.416916,0.5545273,0.013619403
1353,0.015262808,0.007600138,100.084656,100.36805,0.28339386,0.007600138
1354,0.013584916,0.0040592393,99.77142,100.407646,0.63622284,0.0040592393
1355,0.012490136,0.0045806123,99.89735,99.80644,-0.090904236,0.0045806123
1356,0.009457344,0.015690008,100.06329,100.282646,0.21935272,0.015690008
1357,0.007506201,-0.007535983,100.36553,99.84661,-0.5189209,0.007535983
1358,0.0057566487,0.004060601,100.49681,100.03955,-0.45726013,0.004060601
1359,0.005421811,0.0040875487,100.28465,99.99734,-0.28731537,0.0040875487
1360,0.003298842,-0.005385021,99.85067,100.073685,0.22301483,0.005385021
1361,0.005932652,0.003315141,99.67771,99.84214,0.16442871,0.003315141
1362,0.0077184117,-0.0059432685,99.99733,100.66333,0.66600037,0.0059432685
1363,0.008786429,-0.012463533,99.61962,100.28548,0.6658554,0.012463533
1364,0.0099846255,-0.00086153834,100.10062,100.26467,0.16405487,0.00086153834
1365,0.009364605,-0.008941553,100.10753,100.47125,0.36372375,0.008941553
1366,0.007973172,-0.0054382645,100.3465,100.09202,-0.25447845,0.0054382645
1367,0.00823875,0.0011771312,99.657196,100.08301,0.42581177,0.0011771312
1368,0.00680034,-0.0050896136,100.23118,99.62276,-0.6084213,0.0050896136
1369,0.006151845,-0.017818458,100.20003,99.85094,-0.34909058,0.017818458
1370,0.0060817087,-0.0014420047,100.24341,99.97341,-0.26999664,0.0014420047
1371,0.0031971617,-0.0019075759,99.84672,100.05282,0.20610046,0.0019075759
1372,0.005131849,0.002609206,99.74932,100.83301,1.0836868,0.002609206
1373,0.00523447,0.00090263237,99.536865,100.03204,0.49517822,0.00090263237
1374,0.0077099083,0.0045474726,100.00089,100.39435,0.3934555,0.0045474726
1375,0.008513611,0.008248284,100.574585,100.601234,0.026649475,0.008248284
1376,0.0088889245,0.016377589,100.37354,100.60794,0.23439789,0.016377589
1377,0.010800428,0.010116449,99.872055,100.322845,0.4507904,0.010116449
1378,0.006032859,0.004689061,99.85023,99.87589,0.025665283,0.004689061
1379,0.004117667,-0.0044941045,99.39475,100.53158,1.1368256,0.0044941045
1380,-0.001967369,-0.0015783329,99.669426,100.014275,0.34484863,0.0015783329
1381,-0.0016704971,0.001035037,100.14129,99.94117,-0.20011902,0.001035037
1382,-0.004912123,-0.0028487383,99.76701,100.28271,0.51569366,0.0028487383
1383,-0.0021854811,0.0014294898,99.97828,100.00529,0.027008057,0.0014294898
1384,-0.0019923036,0.0016283554,100.23876,100.50223,0.26346588,0.0016283554
1385,-0.0022663553,0.0024064458,99.941414,99.93657,-0.0048446655,0.0024064458
1386,-0.001699735,0.00060954335,100.356636,100.23884,-0.11779785,0.00060954335
1387,-0.0006186353,0.0005056173,100.08471,100.198074,0.11336517,0.0005056173
1388,0.0013807176,0.0007585795,99.83779,100.16168,0.3238907,0.0007585795
1389,0.0011809245,0.0009938327,100.681816,100.42285,-0.25896454,0.0009938327
1390,0.0035774363,0.0044837915,99.995605,99.713036,-0.2825699,0.0044837915
1391,0.0038259467,0.0069715083,100.64353,99.96335,-0.6801834,0.0069715083
1392,0.006612038,0.009622175,100.10947,99.67386,-0.4356079,0.009622175
1393,0.0073890355,0.0034547667,100.10207,100.066284,-0.03578949,0.0034547667
1394,0.009988642,0.0025792124,100.08805,99.97526,-0.11279297,0.0025792124
1395,0.007769668,0.0042896187,99.803894,99.65229,-0.1516037,0.0042896187
1396,0.007876248,0.0018051924,99.63988,100.231384,0.59150696,0.0018051924
1397,0.008629095,-0.0062240795,100.01822,99.996796,-0.02142334,0.0062240795
1398,0.0074677253,-0.0045093447,100.008316,99.97285,-0.035469055,0.0045093447
1399,0.0069894157,0.0008905789,100.05409,100.65421,0.60012054,0.0008905789
1400,0.005153765,0.0007142466,99.675804,100.42577,0.7499695,0.0007142466
1401,0.0043417583,-0.0012600295,99.94474,100.174965,0.23022461,0.0012600295
1402,0.0013831712,0.00044435152,100.58973,100.60546,0.015731812,0.00044435152
1403,0.0043014763,-0.003728744,99.83583,100.46933,0.63349915,0.003728744
1404,0.0012770172,0.00061140937,100.23062,100.32295,0.09233093,0.00061140937
1405,0.001765256,0.0021664698,100.33048,100.405876,0.07539368,0.0021664698
1406,0.004275814,0.002374916,100.018936,100.068886,0.049949646,0.002374916
1407,0.0028248131,0.0028764296,100.24016,99.87621,-0.363945,0.0028764296
1408,0.0058512297,0.0011933699,99.963684,100.31654,0.3528595,0.0011933699
1409,0.0071205785,0.01248885,99.957054,100.41747,0.4604187,0.01248885
1410,0.008267514,-0.0026810705,99.794205,100.5951,0.8008957,0.0026810705
1411,0.008526049,0.009528855,100.460304,100.38987,-0.07043457,0.009528855
1412,0.008446194,0.0028456538,99.95238,100.32675,0.3743744,0.0028456538
1413,0.00902316,0.0052998257,100.237144,100.15154,-0.08560181,0.0052998257
1414,0.007542614,0.003330837,99.673965,100.378555,0.70458984,0.003330837
1415,0.006234684,-0.0010186698,100.03692,100.33227,0.29534912,0.0010186698
1416,0.0047189887,0.000797243,100.25436,99.89524,-0.3591156,0.000797243
1417,0.0034782086,0.0070548067,100.29836,100.36747,0.069107056,0.0070548067
1418,0.0015454448,-0.00044258553,100.023285,100.05258,0.029296875,0.00044258553
1419,0.0039068977,0.0038938737,100.19522,100.614525,0.4193039,0.0038938737
1420,0.0075773713,-0.012095172,100.28287,100.14718,-0.13568878,0.012095172
1421,0.009957511,0.0034813865,100.055626,100.5942,0.5385742,0.0034813865
1422,0.0099158315,0.00861658,99.75731,100.40292,0.6456146,0.00861658
1423,0.008938756,-0.0046953633,99.63238,99.99265,0.36027527,0.0046953633
1424,0.009532302,0.011311273,99.72431,100.589966,0.865654,0.011311273
1425,0.0077426527,0.013500011,100.176865,99.807915,-0.3689499,0.013500011
1426,0.0034322776,0.005020557,99.752815,100.183365,0.43054962,0.005020557
1427,0.0010243042,0.0013810707,99.62067,100.20472,0.58405304,0.0013810707
1428,0.0015228294,0.0017659036,99.79775,100.3619,0.56414795,0.0017659036
1429,-0.0017343858,-0.00020650566,100.157166,99.913666,-0.24349976,0.00020650566
1430,-0.00051022554,0.0005353316,100.09949,100.42519,0.32570648,0.0005353316
1431,-0.0018525582,0.0032483,100.04128,100.25194,0.21065521,0.0032483
1432,-0.0032378417,0.0057796407,100.06428,100.80048,0.73620605,0.0057796407
1433,-0.0050119376,-0.004145063,100.20481,100.71073,0.5059204,0.004145063
1434,-0.005222622,0.00647023,100.16909,100.49357,0.32447815,0.00647023
1435,-0.008083564,0.0001677153,100.56775,100.17085,-0.39689636,0.0001677153
1436,-0.0034348594,0.0020719361,99.87808,100.60427,0.72618866,0.0020719361
1437,-0.0049842633,0.004255546,99.992134,100.52347,0.5313339,0.004255546
1438,-0.00081940467,-0.00038129548,100.22279,100.61481,0.39201355,0.00038129548
1439,0.002456339,-0.00044584557,99.87381,100.0522,0.1783905,0.00044584557
1440,0.008057609,0.0027802098,99.69498,100.337944,0.6429672,0.0027802098
1441,0.010954756,-0.001495123,99.920334,100.22517,0.30483246,0.001495123
1442,0.010368559,-0.003316181,100.03649,100.446465,0.40997314,0.003316181
1443,0.010627285,0.0017360036,100.07844,100.41159,0.33315277,0.0017360036
1444,0.009665728,-0.012198635,99.742226,100.26001,0.5177841,0.012198635
1445,0.007861833,-0.013322805,99.87297,99.62249,-0.25048065,0.013322805
1446,0.0063857073,-0.014244214,100.25142,100.58252,0.33110046,0.014244214
1447,0.0040499666,-0.00871859,99.85175,99.40305,-0.44869995,0.00871859
1448,0.0014611743,-0.0025568106,99.50125,100.04711,0.5458603,0.0025568106
1449,0.0014380869,-0.0037548172,100.38541,99.64818,-0.7372284,0.0037548172
1450,-0.0017152473,-0.0016310099,99.931854,100.193634,0.2617798,0.0016310099
1451,-0.0006108446,0.0015648694,100.27589,100.57842,0.302536,0.0015648694
1452,-0.001157409,0.0026931232,99.69472,100.710495,1.0157776,0.0026931232
1453,0.00036421436,-0.00030722583,100.07995,100.461685,0.38173676,0.00030722583
1454,0.0047340575,-0.007910423,100.14182,100.76258,0.62075806,0.007910423
1455,0.0066077746,-0.0009455221,100.22245,100.189354,-0.033096313,0.0009455221
1456,0.00770869,-0.0022450334,99.84846,100.7594,0.9109421,0.0022450334
1457,0.00938653,-0.010396186,100.25521,100.35111,0.09590149,0.010396186
1458,0.010533352,-0.0034393151,99.787346,100.39537,0.6080246,0.0034393151
1459,0.011436268,-0.004638725,99.76476,100.66396,0.89920044,0.004638725
1460,0.012062329,-0.01044147,99.76779,100.225716,0.4579239,0.01044147
1461,0.011847598,0.013240473,100.15639,100.16149,0.005104065,0.013240473
1462,0.011175077,-0.0012035234,99.77839,100.114174,0.3357849,0.0012035234
1463,0.01133908,-0.004269088,100.34862,100.43451,0.08589172,0.004269088
1464,0.008281622,-0.003848011,100.14333,100.25302,0.109687805,0.003848011
1465,0.0061182086,-0.0053253197,99.95162,100.05468,0.10305786,0.0053253197
1466,0.0025935313,-0.0051089115,100.055534,100.27454,0.2190094,0.0051089115
1467,0.0012304932,0.0010594556,99.99136,100.001854,0.0104904175,0.0010594556
1468,-0.00010953989,-2.4473038e-05,99.91549,100.19772,0.2822342,2.4473038e-05
1469,0.0031449029,0.0012648082,99.85498,100.24039,0.3854065,0.0012648082
1470,0.0025354084,-0.00038042912,99.60083,100.38875,0.7879181,0.00038042912
1471,0.0031083685,-7.3194286e-05,99.80662,100.32551,0.5188904,7.3194286e-05
1472,0.004631385,-0.0018958712,99.831566,100.36327,0.53170776,0.0018958712
1473,0.004102119,0.000674227,100.01924,100.09721,0.07797241,0.000674227
1474,0.0030939514,-0.0015721539,100.0635,100.44309,0.3795929,0.0015721539
1475,0.0016254567,-0.0040181368,99.74748,100.71157,0.96408844,0.0040181368
1476,0.00056069484,-0.00076322234,99.92277,99.94256,0.01979065,0.00076322234
1477,-0.0006323038,-0.00023781652,100.06492,100.708954,0.64403534,0.00023781652
1478,-0.0015802805,-0.0020433813,100.02979,100.416214,0.3864212,0.0020433813
1479,-0.0035173232,-0.0008954243,99.82031,100.9521,1.1317902,0.0008954243
1480,-0.0036868292,-0.007217058,100.20525,100.835045,0.62979126,0.007217058
1481,-0.0033360694,-0.0037061144,99.717155,99.98671,0.26955414,0.0037061144
1482,-0.003320072,0.0005954691,100.627045,100.125755,-0.50128937,0.0005954691
1483,-0.0030676562,1.6224103e-05,99.353386,100.36235,1.0089645,1.6224103e-05
1484,-0.00096481096,1.6720995e-05,100.32308,100.35563,0.032546997,1.6720995e-05
1485,0.00080337474,-0.00022618551,99.7624,100.036446,0.27404785,0.00022618551
1486,0.0019021634,0.0010764793,100.134445,100.51668,0.38223267,0.0010764793
1487,0.0030843792,-0.00077719236,100.06319,100.455284,0.39209747,0.00077719236
1488,0.0039112926,-2.7694463e-05,100.27123,100.11918,-0.15205383,2.7694463e-05
1489,0.004019738,-0.0025719341,99.92305,100.01243,0.08937836,0.0025719341
1490,0.0041593257,-0.005031939,100.10223,100.411865,0.30963898,0.005031939
1491,0.003557679,-0.0011909171,100.20842,101.02847,0.8200531,0.0011909171
1492,0.005557344,-0.008130415,99.87987,100.33202,0.45215607,0.008130415
1493,0.0051602833,-0.0012582234,99.63144,100.569885,0.93844604,0.0012582234
1494,0.004448724,-0.0011974584,99.80304,99.94459,0.14154816,0.0011974584
1495,0.0022535,-0.00073426263,99.52657,99.88185,0.35527802,0.00073426263
1496,0.0003468888,-0.00012978294,99.827774,99.31704,-0.51073456,0.00012978294
1497,-0.0019672592,0.0021680132,99.536865,99.79322,0.2563553,0.0021680132
1498,-0.001131637,-0.0016448857,99.89072,100.140884,0.25016785,0.0016448857
1499,-0.0001960408,-6.931968e-05,99.429,100.38553,0.9565277,6.931968e-05
1500,0.0013375549,0.001320298,99.90258,100.45958,0.5569992,0.001320298
1501,0.003402988,-0.0032494823,99.85508,100.43006,0.5749817,0.0032494823
1502,0.0046480517,0.0026494418,99.99846,100.52217,0.52371216,0.0026494418
1503,0.006923811,-0.010089917,100.46585,100.22764,-0.23821259,0.010089917
1504,0.005881814,-0.0013468706,100.13701,100.040794,-0.096214294,0.0013468706
1505,0.005916974,-0.00085830205,99.9793,100.39914,0.41983795,0.00085830205
1506,0.005279913,0.0027213735,100.05087,100.02348,-0.027389526,0.0027213735
1507,0.004361951,0.0015330582,99.792625,100.41289,0.62026215,0.0015330582
1508,0.0038940078,0.0011281766,99.8079,100.09029,0.28238678,0.0011281766
1509,0.0037660878,-0.006694493,99.9963,100.38373,0.38742828,0.006694493
1510,0.0027460274,-0.0023044234,100.05072,99.96613,-0.0845871,0.0023044234
1511,0.0056900424,-0.015561466,100.19357,100.18187,-0.011703491,0.015561466
1512,0.0029818162,-0.00029792913,99.8667,100.21326,0.34655762,0.00029792913
1513,0.005140338,0.0026589956,100.68773,100.460464,-0.2272644,0.0026589956
1514,0.0026362562,0.000405628,99.88914,100.44831,0.5591736,0.000405628
1515,0.0011418767,-0.00093101105,100.370636,100.27003,-0.100608826,0.00093101105
1516,-0.0032764098,-8.4154475e-05,100.03518,100.41654,0.38136292,8.4154475e-05
1517,-0.0029680184,-0.0044519156,100.30643,100.590515,0.28408813,0.0044519156
1518,-0.0039038681,0.0001396853,100.55075,100.050705,-0.5000458,0.0001396853
1519,-0.0015051516,-0.00074503705,100.11313,100.09618,-0.016944885,0.00074503705
1520,-0.0015273348,0.00030002926,100.60142,100.372795,-0.22862244,0.00030002926
1521,0.001777271,-0.0017733043,100.219604,100.26939,0.0497818,0.0017733043
1522,-0.00058542535,0.00046344654,100.30586,100.49382,0.18795776,0.00046344654
1523,0.0039602867,0.0044112215,100.03639,100.44204,0.40564728,0.0044112215
1524,0.0028620143,-0.0029958235,100.019905,100.79454,0.7746353,0.0029958235
1525,0.0058461507,0.0030539366,99.69833,99.99078,0.29244995,0.0030539366
1526,0.002744607,-0.0008263246,100.37286,100.05324,-0.31962585,0.0008263246
1527,0.004318949,0.005350144,100.1575,99.658844,-0.49865723,0.005350144
1528,0.0041844505,0.008129429,99.68777,100.26148,0.5737152,0.008129429
1529,0.00353897,0.0032895075,99.669876,100.23503,0.565155,0.0032895075
1530,0.003981433,0.0038159904,99.80077,100.371346,0.5705719,0.0038159904
1531,0.0021311815,0.0019647013,99.31609,100.58494,1.2688446,0.0019647013
1532,-0.00064578466,0.0016238311,100.067375,100.48527,0.41789246,0.0016238311
1533,-0.00022445517,0.00021551854,99.807076,100.81964,1.0125656,0.00021551854
1534,-0.0012428972,-0.0006130087,100.153275,100.127266,-0.026008606,0.0006130087
1535,-0.0016490989,0.0021830883,99.89604,100.924194,1.0281525,0.0021830883
1536,-0.0046462608,-0.00089695223,100.14538,99.859886,-0.28549194,0.00089695223
1537,-0.004098423,0.0045683743,99.806335,100.26665,0.4603119,0.0045683743
1538,-0.006525924,-0.0042361426,99.838326,99.88855,0.050224304,0.0042361426
1539,-0.0043004914,-0.0122804325,99.93975,100.24854,0.3087921,0.0122804325
1540,-0.0032077737,-0.011282362,100.04351,99.973015,-0.070495605,0.011282362
1541,-0.0024773804,-0.0019907502,100.44733,100.1803,-0.2670288,0.0019907502
1542,-0.0025194183,0.003246289,100.20447,100.16575,-0.038719177,0.003246289
1543,0.00022978731,-3.9897688e-05,100.10067,100.45491,0.35424042,3.9897688e-05
1544,0.00082840095,-0.0006489464,100.08419,100.028,-0.05619049,0.0006489464
1545,0.0023202468,-0.0010017594,99.939,99.84385,-0.09515381,0.0010017594
1546,0.0007867331,0.00024649454,99.91156,100.323166,0.41160583,0.00024649454
1547,0.003232248,6.177204e-05,99.98708,99.81603,-0.17105103,6.177204e-05
1548,-0.0010164599,-0.0006658515,99.973885,100.66867,0.6947861,0.0006658515
1549,0.0016064417,0.00013949555,100.12816,99.71894,-0.40921783,0.00013949555
1550,-0.0013177528,-0.0016674817,99.8413,99.73042,-0.11087799,0.0016674817
1551,0.0009740216,0.0018634622,99.913605,99.98568,0.07207489,0.0018634622
1552,-9.4292685e-05,-2.5529069e-05,99.76608,100.0247,0.2586136,2.5529069e-05
1553,0.0015492986,0.00055079,99.66788,100.226234,0.55835724,0.00055079
1554,0.0027216338,-0.0025406627,99.535576,100.16858,0.63300323,0.0025406627
1555,0.0026563252,-0.0023545611,99.34728,100.111176,0.7638931,0.0023545611
1556,0.0048011146,-0.0013332407,99.78003,99.78848,0.008453369,0.0013332407
1557,0.004017591,0.0011711095,99.99408,99.8793,-0.11477661,0.0011711095
1558,0.00534027,0.0020782417,99.96449,100.19366,0.22916412,0.0020782417
1559,0.00235462,0.005077836,100.0942,100.55228,0.45807648,0.005077836
1560,0.002233439,-0.0029992592,100.05991,100.30865,0.24873352,0.0029992592
1561,0.0033202348,0.0025268265,100.4455,100.61604,0.17053986,0.0025268265
1562,0.004306732,-0.0066327536,99.69246,99.94891,0.25645447,0.0066327536
1563,0.005801391,0.0028056828,100.22137,100.45437,0.23300171,0.0028056828
1564,0.005662107,-0.0024143956,99.97249,99.48409,-0.4883957,0.0024143956
1565,0.01018067,0.008255172,100.32527,100.14617,-0.17910004,0.008255172
1566,0.008925971,-0.00798889,100.29508,99.996704,-0.298378,0.00798889
1567,0.011319869,-0.0056944536,100.54239,100.04658,-0.49581146,0.0056944536
1568,0.009226076,0.00080251065,99.85408,100.457726,0.6036453,0.00080251065
1569,0.012206909,0.0031742856,100.01369,99.70161,-0.31208038,0.0031742856
1570,0.013427859,-0.0059016766,99.79982,99.98973,0.18991089,0.0059016766
1571,0.017794868,-0.0074551236,100.08063,100.01087,-0.069755554,0.0074551236
1572,0.020137578,-0.018598994,100.02099,100.4329,0.411911,0.018598994
1573,0.021956291,-0.016827455,100.2447,99.58376,-0.66093445,0.016827455
1574,0.02476622,-0.014475198,100.372025,100.168015,-0.20401001,0.014475198
1575,0.023854902,0.008238196,99.84038,100.30573,0.46535492,0.008238196
1576,0.02426297,0.00013939876,99.992134,100.13192,0.13978577,0.00013939876
1577,0.021746097,0.015626123,100.00662,100.32209,0.31546783,0.015626123
1578,0.018834518,0.018183492,100.21136,100.06251,-0.14884949,0.018183492
1579,0.017493725,0.011901947,100.18526,100.01866,-0.16659546,0.011901947
1580,0.016936382,-0.0019117821,100.020935,100.15718,0.13624573,0.0019117821
1581,0.016346082,0.020005086,99.93456,99.96336,0.028800964,0.020005086
1582,0.014374302,-0.002485736,100.06877,100.48302,0.4142456,0.002485736
1583,0.011748405,-0.013989114,99.956764,100.446526,0.48976135,0.013989114
1584,0.012007187,-0.006117667,100.19478,99.93562,-0.25915527,0.006117667
1585,0.011052293,-0.003080706,100.07998,99.93668,-0.14329529,0.003080706
1586,0.010218942,-0.0008210474,99.73235,100.14136,0.4090042,0.0008210474
1587,0.010103672,0.010921412,99.76896,100.47799,0.70903015,0.010921412
1588,0.010148149,0.009167555,99.67798,100.50926,0.83128357,0.009167555
1589,0.009534222,6.2111656e-05,99.522934,100.62783,1.1048965,6.2111656e-05
1590,0.011390897,-0.00039488598,99.42981,100.1396,0.7097931,0.00039488598
1591,0.011167863,-0.0040829713,99.67064,100.53923,0.8685913,0.0040829713
1592,0.0143457595,0.0018999765,99.95499,99.94954,-0.0054473877,0.0018999765
1593,0.0117876455,0.020009434,100.02648,100.21262,0.18614197,0.020009434
1594,0.010922921,0.0004228196,100.5071,99.96079,-0.5463104,0.0004228196
1595,0.010402233,-0.006619431,99.93903,100.17578,0.23674774,0.006619431
1596,0.011201154,0.0027454547,100.21855,100.33049,0.11193848,0.0027454547
1597,0.011008706,-0.0046684947,99.63174,100.87449,1.2427521,0.0046684947
1598,0.009478164,0.0019512534,99.67505,100.4585,0.7834549,0.0019512534
1599,0.008054068,-0.010333896,99.878075,100.1667,0.28862762,0.010333896
1600,0.008147758,-0.002080335,100.0468,100.09288,0.046081543,0.002080335
1601,0.007537498,0.0026533871,100.178856,100.645226,0.46636963,0.0026533871
1602,0.009304105,-0.0005478564,99.92321,100.419304,0.49609375,0.0005478564
1603,0.010363414,-0.0026405125,99.96809,100.79831,0.8302231,0.0026405125
1604,0.012681359,-0.013610527,99.82063,100.36441,0.54377747,0.013610527
1605,0.013111575,-0.027538935,99.68473,100.6272,0.94246674,0.027538935
1606,0.012414528,-0.0048437356,100.0092,100.58063,0.5714264,0.0048437356
1607,0.009025493,-0.02020355,99.73681,100.24692,0.51010895,0.02020355
1608,0.009064425,0.019486252,99.88905,100.84383,0.95477295,0.019486252
1609,0.005019673,0.00031467283,99.488716,100.50257,1.013855,0.00031467283
1610,0.0041702334,0.0037187845,100.153206,100.028885,-0.124320984,0.0037187845
1611,0.0016413447,-0.00093129027,99.987076,99.45437,-0.5327072,0.00093129027
1612,0.0027332874,0.004780297,99.903114,99.976746,0.07363129,0.004780297
1613,0.0024859738,0.0045334985,100.170395,100.31962,0.14922333,0.0045334985
1614,0.005590131,0.0071218354,100.13172,99.91421,-0.21751404,0.0071218354
1615,0.0090368325,-0.0022098494,99.816666,99.99249,0.17582703,0.0022098494
1616,0.009686805,0.010749951,99.98791,99.71412,-0.27378845,0.010749951
1617,0.011046064,0.007493306,100.06818,100.15051,0.082336426,0.007493306
1618,0.0128915515,0.018688083,100.5856,99.902534,-0.6830673,0.018688083
1619,0.012449302,-0.0016569325,100.25321,100.266304,0.013092041,0.0016569325
1620,0.0133955395,0.028369617,99.73982,100.0913,0.35147858,0.028369617
1621,0.012878875,0.0038020061,100.12524,100.65419,0.52895355,0.0038020061
1622,0.009923408,0.010083045,99.73443,100.38814,0.6537094,0.010083045
1623,0.007383325,0.00058918895,100.37677,100.24092,-0.135849,0.00058918895
1624,0.0024518939,-0.0016865756,99.88498,100.04065,0.15567017,0.0016865756
1625,-0.0012116747,0.0027285423,100.095055,100.78796,0.6929016,0.0027285423
1626,-0.0032669161,0.0031283803,100.00073,100.42225,0.42151642,0.0031283803
1627,-0.0029956172,-0.000110156725,99.65714,100.513504,0.8563614,0.000110156725
1628,-0.0035204953,4.0673232e-05,99.984566,100.48577,0.50120544,4.0673232e-05
1629,-0.0021555724,-0.0017877349,99.61762,100.07772,0.46009827,0.0017877349
1630,-0.000106915744,-6.822485e-05,100.18004,100.14888,-0.031158447,6.822485e-05
1631,0.0039671604,-0.0004072552,100.19606,100.461494,0.26543427,0.0004072552
1632,0.008051055,-0.0039874963,100.16928,100.19936,0.030082703,0.0039874963
1633,0.008855183,-0.0035331866,99.81372,100.2603,0.44657898,0.0035331866
1634,0.011335019,-0.007691959,100.20386,100.03221,-0.17164612,0.007691959
1635,0.011504241,-0.0093762325,99.856384,100.19607,0.33968353,0.0093762325
1636,0.010920624,-0.02062749,100.12557,100.1857,0.06012726,0.02062749
1637,0.01175047,-0.005306038,100.08596,100.18556,0.099601746,0.005306038
1638,0.010614847,-0.022246001,99.69603,100.00888,0.31285095,0.022246001
1639,0.0085179545,-0.014257618,99.798355,100.426056,0.6277008,0.014257618
1640,0.009422338,-0.002343746,99.15593,100.333855,1.1779251,0.002343746
1641,0.005842896,0.001086195,100.07979,100.14418,0.06439209,0.001086195
1642,0.0064597423,0.004005761,99.74687,100.16833,0.42145538,0.004005761
1643,0.0040574814,4.5301465e-05,99.96884,100.35049,0.3816452,4.5301465e-05
1644,0.0039874637,-0.0032923073,99.86724,100.40901,0.54177094,0.0032923073
1645,-0.0013548706,0.0017624588,99.83819,100.28909,0.45090485,0.0017624588
1646,-0.00219172,0.0014828233,100.07947,100.61904,0.53957367,0.0014828233
1647,-0.0033698273,0.0045035984,100.18812,100.188065,-5.340576e-05,0.0045035984
1648,-0.0023076101,0.0019406999,99.82879,100.20289,0.37409973,0.0019406999
1649,-0.0015013688,0.0002087217,99.58472,100.113396,0.5286789,0.0002087217
1650,3.4202763e-05,7.643724e-05,99.65249,99.83802,0.18553162,7.643724e-05
1651,-0.0004329452,-0.00011509968,100.02544,100.23801,0.21257019,0.00011509968
1652,0.0028759523,0.0046226857,100.33623,99.98152,-0.3547058,0.0046226857
1653,0.0014715503,-0.00030147386,100.27026,100.44924,0.17897797,0.00030147386
1654,0.0016425294,0.0020907442,99.67398,100.500824,0.82684326,0.0020907442
1655,0.0021185707,0.00046328528,99.77584,100.11908,0.34323883,0.00046328528
1656,0.0039569405,0.0020073226,99.78735,100.1518,0.36444855,0.0020073226
1657,0.004439853,0.00572721,100.202896,100.3444,0.14150238,0.00572721
1658,0.0070712552,0.008407028,99.981476,100.09512,0.11364746,0.008407028
1659,0.0061324397,-0.0019610857,99.93205,100.26944,0.33738708,0.0019610857
1660,0.006538617,-0.0025475982,99.66259,100.204056,0.54146576,0.0025475982
1661,0.005123913,0.0040237475,99.54129,100.22188,0.68058777,0.0040237475
1662,0.004489411,0.0015835472,100.07804,100.31343,0.23538971,0.0015835472
1663,0.0040442967,0.0062832013,100.02067,100.343185,0.3225174,0.0062832013
1664,0.0021239033,0.0036896747,99.8076,99.81505,0.007446289,0.0036896747
1665,0.0035085827,0.005962182,100.232445,100.18948,-0.04296112,0.005962182
1666,0.0016773031,0.0021269189,99.996574,100.16715,0.170578,0.0021269189
1667,0.005293386,0.0002744053,99.98197,100.438385,0.45641327,0.0002744053
1668,0.004737303,-0.0009515833,100.295906,100.45453,0.15862274,0.0009515833
1669,0.005153918,-0.0047259014,100.33637,100.62251,0.28614044,0.0047259014
1670,0.005830265,0.005687845,100.02547,100.50286,0.4773941,0.005687845
1671,0.0031498617,0.0008325054,99.960144,100.54879,0.58864594,0.0008325054
1672,0.006321787,0.008847941,100.15683,100.02673,-0.13009644,0.008847941
1673,0.0050545866,0.013174187,99.95324,100.19473,0.24149323,0.013174187
1674,0.006273243,0.015671527,100.04222,100.410866,0.3686447,0.015671527
1675,0.00654399,0.0048260554,99.913376,100.51901,0.6056366,0.0048260554
1676,0.008740586,-0.0012215921,99.749405,100.4247,0.67529297,0.0012215921
1677,0.011711367,-0.00041475243,99.721565,99.817924,0.09635925,0.00041475243
1678,0.013208933,0.0037589504,100.09136,100.115036,0.023674011,0.0037589504
1679,0.014131819,-0.0023326415,100.34119,100.36326,0.022071838,0.0023326415
1680,0.015949348,0.0014173383,100.03372,100.049324,0.015602112,0.0014173383
1681,0.014097907,-0.005243407,100.02632,100.41392,0.38759613,0.005243407
1682,0.011093043,-0.011939761,99.26037,100.060905,0.8005371,0.011939761
1683,0.0069713434,0.0026340547,100.40099,100.066505,-0.33448792,0.0026340547
1684,0.0055358303,-0.0021074377,100.278076,99.97492,-0.303154,0.0021074377
1685,0.0053298776,0.005509452,100.69951,99.94491,-0.7546005,0.005509452
1686,0.0052360925,0.0024698153,99.83642,100.15488,0.31845856,0.0024698153
1687,0.0030167757,0.0003081623,99.59253,99.76649,0.17395782,0.0003081623
1688,0.0022252263,-0.0009971624,100.06131,100.02867,-0.03263855,0.0009971624
1689,-0.000100527424,4.7150997e-06,100.280914,99.85788,-0.42303467,4.7150997e-06
1690,-0.00071213825,0.00063203066,100.10595,100.237816,0.13186646,0.00063203066
1691,-0.0054310844,-0.0038674274,100.14975,100.28962,0.13986969,0.0038674274
1692,-0.006816798,0.0113284495,99.85871,101.06874,1.2100296,0.0113284495
1693,-0.009594741,-0.014490929,99.617874,100.58545,0.9675751,0.014490929
1694,-0.009423057,-0.003761922,100.026054,100.73466,0.7086029,0.003761922
1695,-0.011674664,0.010620223,100.15736,100.27011,0.11275482,0.010620223
1696,-0.008830009,0.01419432,99.522835,100.48713,0.96429443,0.01419432
1697,-0.008502432,-0.0011352448,99.61867,100.06269,0.44402313,0.0011352448
1698,-0.0061199605,-0.01123178,99.450096,100.0419,0.5918045,0.01123178
1699,-0.0049507385,-0.011245179,99.723465,100.525925,0.8024597,0.011245179
1700,-0.00084682653,-0.0007797252,99.99898,99.85724,-0.14173889,0.0007797252
1701,-0.00028129888,-0.00013900713,100.03746,100.34304,0.30558014,0.00013900713
1702,0.0029595285,0.0016487011,100.15411,100.33279,0.17867279,0.0016487011
1703,0.0016746982,0.00077158585,99.69902,100.46859,0.7695694,0.00077158585
1704,0.00845926,0.005445028,100.181114,100.295456,0.114341736,0.005445028
1705,0.010629124,-0.0029956144,100.43859,100.378975,-0.05961609,0.0029956144
1706,0.015423991,-0.0095443465,100.08439,100.422134,0.33774567,0.0095443465
1707,0.014777127,-0.024168817,100.517365,100.24822,-0.26914215,0.024168817
1708,0.012664819,-0.0030961826,99.53948,100.39968,0.860199,0.0030961826
1709,0.010129798,-0.008834517,100.4308,100.24897,-0.18183136,0.008834517
1710,0.0062876176,-0.0072097317,99.60713,100.351074,0.74394226,0.0072097317
1711,0.0043772194,-0.0052278964,100.076355,100.12132,0.04496765,0.0052278964
1712,0.0028436224,-0.0035897235,99.69254,100.030174,0.33763123,0.0035897235
1713,0.0018632292,-0.0030755429,99.658195,100.38243,0.72423553,0.0030755429
1714,0.00030877918,0.00042260255,99.666595,100.40581,0.73921204,0.00042260255
1715,-0.0018946197,-0.00014531497,99.95028,100.25078,0.30049896,0.00014531497
1716,-0.00077614374,-0.0006759547,100.08602,100.56585,0.47982788,0.0006759547
1717,0.0010581407,-0.00027469549,100.02272,100.485504,0.4627838,0.00027469549
1718,0.0059764264,-0.002217076,99.76973,100.33861,0.5688782,0.002217076
1719,0.009428818,-0.0068056793,99.99095,100.342,0.35105133,0.0068056793
1720,0.011294958,-0.009646879,99.734566,100.66686,0.93229675,0.009646879
1721,0.013683637,0.0024504156,99.83951,100.25616,0.41664886,0.0024504156
1722,0.013220491,0.017086608,99.5499,100.17937,0.6294708,0.017086608
1723,0.0140931485,-0.00306363,99.67524,100.519455,0.8442154,0.00306363
1724,0.014398153,0.012953457,99.381386,100.36925,0.98786163,0.012953457
1725,0.014136869,0.025550893,99.32623,100.7763,1.4500656,0.025550893
1726,0.015060949,0.010522678,99.63008,100.24403,0.61395264,0.010522678
1727,0.016830936,0.019922435,99.62149,100.66388,1.0423889,0.019922435
1728,0.019076483,-0.00076828897,99.50658,100.579575,1.072998,0.00076828897
1729,0.020016024,0.012934875,99.82093,100.496605,0.67567444,0.012934875
1730,0.022348717,-0.0012838228,99.49438,100.23858,0.74420166,0.0012838228
1731,0.023307297,0.010928143,100.29775,100.08511,-0.21263885,0.010928143
1732,0.02210789,0.0003293929,100.2435,99.93953,-0.30397034,0.0003293929
1733,0.022038134,0.013096043,100.32467,100.02369,-0.3009796,0.013096043
1734,0.01805021,-0.015282297,100.13339,100.06157,-0.07182312,0.015282297
1735,0.0151525885,0.0059096306,99.9778,100.43385,0.4560547,0.0059096306
1736,0.012997474,-0.009257543,100.10219,100.54205,0.4398651,0.009257543
1737,0.012725414,-0.012621302,99.862274,100.49134,0.62906647,0.012621302
1738,0.011496091,-0.014950101,100.040665,100.472115,0.4314499,0.014950101
1739,0.010784658,-0.004040739,100.05603,100.062294,0.006263733,0.004040739
1740,0.008374736,0.0042925375,99.54616,99.88484,0.33868408,0.0042925375
1741,0.0066930084,-0.006156607,99.605034,100.771286,1.1662521,0.006156607
1742,0.0058497167,-0.0030158763,99.820145,100.85891,1.038765,0.0030158763
1743,0.004686473,-0.009086159,100.10053,100.3017,0.20116425,0.009086159
1744,0.0055815717,0.012001662,99.74418,100.38305,0.63887024,0.012001662
1745,0.006259579,-0.0028591433,99.907814,100.28017,0.3723526,0.0028591433
1746,0.005979403,0.016812544,99.94768,99.443695,-0.50398254,0.016812544
1747,0.0068072886,0.0071247993,100.349655,100.27046,-0.079193115,0.0071247993
1748,0.0077726264,0.0062689353,100.67006,99.922295,-0.7477646,0.0062689353
1749,0.008080144,0.00024702115,100.513916,100.25374,-0.2601776,0.00024702115
1750,0.007658004,0.004519532,100.368034,100.40932,0.041282654,0.004519532
1751,0.0067856163,0.012854972,100.05642,100.426254,0.3698349,0.012854972
1752,0.0054331813,0.0067957635,100.01622,100.51251,0.4962921,0.0067957635
1753,0.0031517511,0.005297646,100.40662,100.10987,-0.2967453,0.005297646
1754,0.00042618072,0.0004310872,100.01386,100.27283,0.25896454,0.0004310872
1755,-0.0014055949,-0.0009013079,100.51702,100.43212,-0.0848999,0.0009013079
1756,-0.003683709,0.003964006,100.310555,100.12005,-0.19050598,0.003964006
1757,-0.005274814,0.008482663,100.1969,100.33149,0.13459015,0.008482663
1758,-0.005488346,0.008741286,100.17592,100.507385,0.33146667,0.008741286
1759,-0.0067155985,0.004023968,99.82288,100.57218,0.7492981,0.004023968
1760,-0.0069843773,-0.0032186338,99.87407,100.26911,0.39504242,0.0032186338
1761,-0.0049540256,0.010388186,99.81649,100.171844,0.3553543,0.010388186
1762,-0.004588519,0.0005084951,99.641655,100.326324,0.6846695,0.0005084951
1763,-0.0023392937,0.0033391023,99.85898,100.388176,0.5291977,0.0033391023
1764,-0.0014566215,-0.00011269795,99.91143,100.54592,0.63449097,0.00011269795
1765,0.0011772094,0.00042935024,100.08588,100.04734,-0.03853607,0.00042935024
1766,0.0042052944,-0.0045119687,99.749596,100.242485,0.4928894,0.0045119687
1767,0.0076036174,-0.011581677,99.87297,99.828636,-0.04433441,0.011581677
1768,0.009111258,0.015259237,100.02543,100.65269,0.6272583,0.015259237
1769,0.009552684,-0.0006178268,100.24224,100.3696,0.12735748,0.0006178268
1770,0.012697716,-0.0012725322,99.93724,100.28534,0.34809875,0.0012725322
1771,0.015453325,-0.011360493,99.70977,100.340096,0.6303253,0.011360493
1772,0.014874371,-0.0033192774,100.4971,100.38954,-0.107559204,0.0033192774
1773,0.015663357,0.0014390128,100.33687,100.36046,0.023590088,0.0014390128
1774,0.015596688,-0.010674519,100.19763,100.450195,0.25256348,0.010674519
1775,0.016310666,0.0045132237,99.70699,100.420944,0.7139511,0.0045132237
1776,0.017566355,-0.018133642,100.09926,100.60052,0.50125885,0.018133642
1777,0.017650058,-0.0055581396,99.818115,99.98861,0.17049408,0.0055581396
1778,0.016789583,-0.015470548,99.93847,100.21768,0.27921295,0.015470548
1779,0.016106572,-0.0047371937,99.77911,100.04102,0.26190948,0.0047371937
1780,0.014245568,0.0069613364,100.351074,100.04618,-0.3048935,0.0069613364
1781,0.015499324,0.025484558,100.05631,100.1769,0.12059021,0.025484558
1782,0.012265869,-0.026612569,100.23942,100.48768,0.2482605,0.026612569
1783,0.015041853,0.0027850713,99.73195,100.29329,0.56134033,0.0027850713
1784,0.0109750815,-0.0056697647,100.265625,100.1998,-0.065826416,0.0056697647
1785,0.009686461,0.0056372713,99.92615,99.954475,0.028327942,0.0056372713
1786,0.00773915,0.0012449971,100.23478,99.83254,-0.40223694,0.0012449971
1787,0.009100523,0.015909243,99.94588,99.948944,0.0030670166,0.015909243
1788,0.0077910544,0.005163065,99.95507,100.1527,0.19763184,0.005163065
1789,0.009070356,0.011008698,100.26823,100.47664,0.20841217,0.011008698
1790,0.0068177856,0.01552181,100.016914,99.964,-0.05291748,0.01552181
1791,0.0070975935,-0.0020523912,100.28712,100.128784,-0.15833282,0.0020523912
1792,0.008316664,0.0105789555,100.16338,100.37048,0.20709991,0.0105789555
1793,0.00892151,0.0021641897,100.593544,100.34817,-0.24537659,0.0021641897
1794,0.01039239,-0.012775958,99.81018,100.58349,0.7733078,0.012775958
1795,0.012249283,0.010830089,100.41049,100.095276,-0.31521606,0.010830089
1796,0.0140900435,-0.016745308,100.0931,100.246605,0.15350342,0.016745308
1797,0.0153570995,-0.013720482,100.21518,100.03168,-0.1835022,0.013720482
1798,0.016224498,-0.0038515616,99.962,100.54226,0.58026123,0.0038515616
1799,0.018010762,0.007989337,99.93835,100.32551,0.38716125,0.007989337
1800,0.014397852,0.009355081,99.95025,100.42575,0.475502,0.009355081
1801,0.016864918,0.00078936573,100.047905,100.365944,0.31803894,0.00078936573
1802,0.014424561,-0.014338001,99.625626,100.38065,0.7550278,0.014338001
1803,0.0134690935,0.0054623955,99.872215,100.840034,0.9678192,0.0054623955
1804,0.012431477,0.0064057764,99.68758,100.00999,0.32241058,0.0064057764
1805,0.010737912,0.0012082671,99.75293,100.23068,0.4777527,0.0012082671
1806,0.011362822,0.009495355,100.30304,100.0412,-0.26184082,0.009495355
1807,0.011970608,-0.0061306343,99.94215,99.72387,-0.21827698,0.0061306343
1808,0.013103231,-0.003965563,99.56148,100.37448,0.81300354,0.003965563
1809,0.018215299,-0.00028255425,100.04234,100.003784,-0.03855896,0.00028255425
1810,0.018346637,0.009885444,99.94531,99.43645,-0.50886536,0.009885444
1811,0.015003093,0.0035376195,100.027336,99.86301,-0.16432953,0.0035376195
1812,0.0129632205,0.011466341,100.165634,99.881805,-0.28382874,0.011466341
1813,0.011964259,0.008449054,100.27204,100.25063,-0.021408081,0.008449054
1814,0.011832695,0.0027168125,99.90189,99.927444,0.025550842,0.0027168125
1815,0.014057817,-0.008643416,99.88976,100.048775,0.15901184,0.008643416
1816,0.013407714,-0.0014185682,100.11065,100.36146,0.25080872,0.0014185682
1817,0.015290161,-0.0024082584,99.9001,100.39913,0.49903107,0.0024082584
1818,0.015411735,-0.009767391,99.83808,100.304245,0.46616364,0.009767391
1819,0.01634457,-0.01910622,100.078514,100.47233,0.3938141,0.01910622
1820,0.017692897,-0.02074782,100.56065,100.20369,-0.3569641,0.02074782
1821,0.017113987,-0.01122137,100.27275,100.43832,0.16556549,0.01122137
1822,0.018070726,-0.009826492,99.944595,100.31215,0.3675537,0.009826492
1823,0.01523933,0.032024022,99.69325,100.46119,0.7679367,0.032024022
1824,0.0121016465,0.00491271,99.765205,100.62643,0.8612213,0.00491271
1825,0.011456165,0.01792772,99.8807,100.17066,0.28996277,0.01792772
1826,0.008313614,0.015904028,99.712555,100.50341,0.7908554,0.015904028
1827,0.008723201,0.019941587,100.37797,100.07647,-0.3014984,0.019941587
1828,0.006745157,0.015664652,100.63935,100.29998,-0.33937073,0.015664652
1829,0.006520703,0.0023346448,100.2766,100.00704,-0.26956177,0.0023346448
1830,0.0039984714,-0.008361224,100.21797,100.35289,0.13491821,0.008361224
1831,0.00732492,-0.004919688,100.126114,100.67202,0.54590607,0.004919688
1832,0.008632541,-0.013673648,100.0357,100.36116,0.32546234,0.013673648
1833,0.010400476,-0.014803273,100.438416,100.36858,-0.06983185,0.014803273
1834,0.011203088,-0.0043492895,100.13031,100.10832,-0.021987915,0.0043492895
1835,0.011850391,-0.014140772,100.70284,99.69302,-1.009819,0.014140772
1836,0.013102238,-0.017383773,100.41849,100.12638,-0.29210663,0.017383773
1837,0.013907672,-0.009584115,99.90358,100.544716,0.64113617,0.009584115
1838,0.013018854,-0.0011863686,100.29967,100.21705,-0.08261871,0.0011863686
1839,0.010095559,0.012593776,100.1017,100.616325,0.51462555,0.012593776
1840,0.006115673,0.0012552474,99.908966,99.63141,-0.27755737,0.0012552474
1841,0.0037083372,-0.00056148454,100.12773,99.9208,-0.20693207,0.00056148454
1842,-0.0018715599,0.003680614,100.23697,99.6422,-0.59477234,0.003680614
1843,-0.0053594513,-0.0023391875,100.499664,100.387825,-0.111839294,0.0023391875
1844,-0.006350871,0.0008842665,100.36382,99.84262,-0.5212021,0.0008842665
1845,-0.0051730443,-0.004547681,100.3714,99.837975,-0.5334244,0.004547681
1846,-0.0015332884,0.0005337005,100.070946,99.574104,-0.49684143,0.0005337005
1847,-0.0012286892,0.0005849125,100.27689,100.11955,-0.157341,0.0005849125
1848,0.001861895,0.000772371,100.38495,100.14111,-0.24383545,0.000772371
1849,0.0020967522,-0.00022720463,100.09661,100.32702,0.23040771,0.00022720463
1850,0.0043524387,0.0018195714,100.04545,100.74863,0.7031784,0.0018195714
1851,0.005396072,0.0061822697,99.53044,100.47289,0.9424515,0.0061822697
1852,0.004894636,-0.0036485598,99.92301,100.05869,0.13568115,0.0036485598
1853,0.0028354707,0.002685425,100.052635,100.43051,0.37787628,0.002685425
1854,-4.5879337e-05,2.0703304e-05,99.553314,100.49083,0.93751526,2.0703304e-05
1855,-0.000445496,-0.00064553344,99.92764,100.675575,0.74793243,0.00064553344
1856,-0.0024277347,0.0018056049,100.225945,100.86373,0.63778687,0.0018056049
1857,-0.0026184483,0.00257508,100.04124,100.11864,0.07740021,0.00257508
1858,-0.0034521716,0.0057023615,99.81673,100.753044,0.93631744,0.0057023615
1859,-0.0023739412,-0.0029081986,100.01323,100.05076,0.03752899,0.0029081986
1860,0.0011455199,-0.00062889926,100.15026,100.6399,0.48963928,0.00062889926
1861,0.0014520071,0.005048058,99.90992,100.0705,0.1605835,0.005048058
1862,0.0041880747,0.002447673,99.82274,100.43736,0.614624,0.002447673
1863,0.0062592058,0.008106561,99.966545,100.0882,0.121658325,0.008106561
1864,0.0068639955,-0.005507575,99.70142,100.17397,0.47254944,0.005507575
1865,0.008205821,0.0042122207,100.17861,99.56788,-0.61073303,0.0042122207
1866,0.005779181,-0.008418217,100.056366,100.54349,0.48712158,0.008418217
1867,0.007036765,-0.018065045,100.27547,100.12784,-0.14762878,0.018065045
1868,0.005057032,-0.0014779337,99.81119,99.5901,-0.2210846,0.0014779337
1869,0.0033535613,-0.004411236,99.80189,100.09195,0.29006195,0.004411236
1870,0.004569057,-0.0031846038,100.0866,99.91043,-0.17617035,0.0031846038
1871,0.006765685,-0.005884387,100.43522,100.44381,0.008590698,0.005884387
1872,0.00697478,0.003282968,100.34227,100.13425,-0.20802307,0.003282968
1873,0.009147522,0.0011329742,100.02971,100.69077,0.66106415,0.0011329742
1874,0.008532274,-0.0003408638,100.67781,100.10126,-0.57655334,0.0003408638
1875,0.010111782,0.0025950896,100.21652,100.106544,-0.10997772,0.0025950896
1876,0.011924773,-0.0021145304,100.181114,100.21243,0.031318665,0.0021145304
1877,0.01160763,-0.018698065,99.855576,100.12683,0.2712555,0.018698065
1878,0.013533844,-0.024962481,99.35271,100.53372,1.181015,0.024962481
1879,0.013209281,-0.0041096476,99.65188,100.15889,0.5070114,0.0041096476
1880,0.010437403,0.006722041,99.76041,100.656715,0.8963089,0.006722041
1881,0.009480134,0.0051123356,100.02244,100.43671,0.4142685,0.0051123356
1882,0.006137857,0.003325739,100.00291,100.53359,0.5306854,0.003325739
1883,0.0043244376,0.0028114635,100.393845,100.1519,-0.24194336,0.0028114635
1884,0.0010753827,0.0013126387,100.2009,100.755775,0.55487823,0.0013126387
1885,-0.00088623445,-0.0008447274,99.94662,100.59012,0.6435013,0.0008447274
1886,-0.0012370882,-0.0031384944,100.01632,100.00508,-0.011238098,0.0031384944
1887,0.0009982957,0.0013893766,100.036064,100.27149,0.23542786,0.0013893766
1888,0.00034512847,0.00056326226,100.20076,100.393974,0.19321442,0.00056326226
1889,0.0023139247,0.0007918783,99.91743,100.09635,0.17892456,0.0007918783
1890,6.83259e-05,-5.4214856e-06,99.81897,100.41537,0.5963974,5.4214856e-06
1891,0.0008503378,-0.0013267888,99.71898,100.77799,1.0590134,0.0013267888
1892,0.00035804597,-0.0005192595,99.83466,100.42973,0.5950699,0.0005192595
1893,0.00023645797,-0.000119604614,99.282074,100.599434,1.3173599,0.000119604614
1894,-0.0012983128,-0.0003592343,100.05138,100.32447,0.27309418,0.0003592343
1895,-0.00081655825,-6.622387e-05,100.02179,100.599335,0.57754517,6.622387e-05
1896,-0.0015166975,0.003284983,100.450165,100.21438,-0.23578644,0.003284983
1897,0.0024873745,-0.0024842983,100.05705,100.44627,0.3892212,0.0024842983
1898,0.0045234184,-0.0012149882,100.256805,100.140274,-0.11653137,0.0012149882
1899,0.008448246,0.0009795278,100.131805,100.36542,0.23361206,0.0009795278
1900,0.010241435,0.012832388,100.30332,100.1098,-0.19351959,0.012832388
1901,0.011946262,0.008060028,99.899445,100.12554,0.2260971,0.008060028
1902,0.013467482,0.019721068,100.45333,100.4714,0.018066406,0.019721068
1903,0.014211848,-0.0027148188,100.3908,100.110756,-0.28004456,0.0027148188
1904,0.013156959,-0.00717632,99.891335,99.36501,-0.5263214,0.00717632
1905,0.011124603,0.01275512,100.008125,99.95591,-0.052215576,0.01275512
1906,0.010019446,-0.007728748,100.2993,99.94092,-0.35838318,0.007728748
1907,0.0062765637,-5.9005724e-05,100.45295,99.90926,-0.5436859,5.9005724e-05
1908,0.0077317413,-0.00025084798,100.16269,100.54395,0.38126373,0.00025084798
1909,0.008378638,0.00872512,100.238,100.292404,0.054405212,0.00872512
1910,0.010546619,0.015405771,99.84149,100.33289,0.49140167,0.015405771
1911,0.012153475,0.0007755697,100.39449,100.34312,-0.051376343,0.0007755697
1912,0.011837738,-0.011788382,99.88348,100.25489,0.37141418,0.011788382
1913,0.013373102,-0.014219879,100.10369,100.28483,0.18113708,0.014219879
1914,0.011637925,0.0026753675,99.67288,99.93226,0.25937653,0.0026753675
1915,0.011079312,0.0065208054,100.24079,100.36363,0.12284088,0.0065208054
1916,0.011560077,0.008840398,99.8885,100.17648,0.28798676,0.008840398
1917,0.00987308,0.010838925,100.086845,100.09387,0.0070266724,0.010838925
1918,0.008972654,0.0030018166,99.96357,100.60156,0.63799286,0.0030018166
1919,0.004362378,-0.0010745504,99.6448,100.41627,0.7714691,0.0010745504
1920,0.002109353,-0.0014580028,99.71953,100.26952,0.5499954,0.0014580028
1921,-0.0010737069,0.0021775775,99.90334,100.40821,0.50486755,0.0021775775
1922,-0.0034245024,0.0016321867,99.54536,100.51025,0.9648895,0.0016321867
1923,-0.0071159885,-0.005472413,99.72172,100.776146,1.0544281,0.005472413
1924,-0.007597716,0.0008677858,99.69891,100.37514,0.67622375,0.0008677858
1925,-0.008108583,0.007984397,99.85279,100.511314,0.65852356,0.007984397
1926,-0.00628209,0.002065782,100.11802,100.24957,0.13155365,0.002065782
1927,-0.0045571346,0.007714852,99.47899,100.25954,0.7805481,0.007714852
1928,-0.0011356417,0.0018202579,100.06,100.26976,0.20976257,0.0018202579
1929,0.0009485169,-0.0023727203,100.00019,100.58136,0.5811691,0.0023727203
1930,0.001188266,-0.00078341033,100.10288,100.49692,0.39403534,0.00078341033
1931,0.0026483748,-0.006055973,99.82786,100.27812,0.45026398,0.006055973
1932,0.0015100962,-0.0017214781,100.181854,100.07625,-0.10560608,0.0017214781
1933,0.0019185178,0.0008563481,100.30848,100.22996,-0.07852173,0.0008563481
1934,0.0019521845,0.0012909014,100.11932,99.927864,-0.19145966,0.0012909014
1935,0.0013273901,0.00089351623,100.02004,100.58002,0.5599747,0.00089351623
1936,0.000483435,-0.00018648102,100.042915,100.219154,0.17623901,0.00018648102
1937,0.0005408121,-0.0001283731,99.81178,100.91021,1.0984268,0.0001283731
1938,0.0021270919,0.0008892273,99.8195,100.385826,0.5663223,0.0008892273
1939,0.0016252801,-5.623494e-05,99.816666,100.3133,0.49663544,5.623494e-05
1940,0.0019567402,0.0007346105,99.48448,100.55077,1.0662918,0.0007346105
1941,0.0040228064,0.0016229668,100.0511,99.753876,-0.29722595,0.0016229668
1942,0.0055832965,0.0010344817,99.56784,100.09141,0.5235672,0.0010344817
1943,0.0069212094,0.0032924016,100.12176,100.11847,-0.003288269,0.0032924016
1944,0.008875975,0.009539162,99.90575,100.26513,0.35938263,0.009539162
1945,0.012239531,0.022236444,99.728584,100.05523,0.3266449,0.022236444
1946,0.012737896,0.013380026,100.15951,100.271164,0.11165619,0.013380026
1947,0.01307884,-0.005314235,100.18327,100.37905,0.1957779,0.005314235
1948,0.013323073,0.0064776298,100.2604,100.10763,-0.152771,0.0064776298
1949,0.010720631,-0.0015480844,100.07699,100.0499,-0.02709198,0.0015480844
1950,0.008928739,0.01056515,100.41514,100.36173,-0.05340576,0.01056515
1951,0.007371908,0.009085393,99.84657,100.49092,0.64434814,0.009085393
1952,0.003978981,-0.007116017,100.23994,100.47418,0.2342453,0.007116017
1953,0.0010498562,-0.0017102679,99.390396,100.10507,0.7146759,0.0017102679
1954,-0.00017735548,0.00046295783,100.12121,100.215126,0.09391785,0.00046295783
1955,-0.001183443,0.0005332067,99.558914,100.24486,0.6859436,0.0005332067
1956,-0.00023579161,0.00012620488,100.32341,100.40127,0.07785797,0.00012620488
1957,-0.0022387963,-0.002562459,100.10653,100.35048,0.24394989,0.002562459
1958,-0.001825719,0.0011542566,100.005585,100.47392,0.468338,0.0011542566
1959,-0.0050644423,-0.0065312413,100.03895,100.18415,0.14520264,0.0065312413
1960,-0.0036174317,-0.00110424,100.01547,100.71218,0.6967087,0.00110424
1961,-0.003475837,-0.0061584734,99.876625,100.65202,0.77539825,0.0061584734
1962,-0.000154057,3.4132997e-06,99.35815,99.92094,0.5627899,3.4132997e-06
1963,-0.0015786428,0.0012253616,99.97858,100.41824,0.43966675,0.0012253616
1964,0.0008688242,-0.00057880505,99.94297,100.6763,0.7333298,0.00057880505
1965,0.0038415913,0.003282026,100.026596,100.57913,0.552536,0.003282026
1966,0.0042471844,0.00011666235,100.30974,99.929985,-0.3797531,0.00011666235
1967,0.009454901,0.009018038,99.91572,99.92037,0.0046539307,0.009018038
1968,0.0114404205,0.010004,99.70666,99.83083,0.124176025,0.010004
1969,0.015221715,-0.020151054,99.71915,99.89158,0.17243195,0.020151054
1970,0.013957816,-0.0016056648,100.02203,100.1744,0.15236664,0.0016056648
1971,0.014696602,-0.0035036816,99.86575,100.41995,0.5541992,0.0035036816
1972,0.015516056,0.017956644,100.131065,100.1457,0.014633179,0.017956644
1973,0.012042615,0.009493333,100.16384,100.23781,0.07396698,0.009493333
1974,0.012051889,-0.027877351,99.89047,100.2922,0.40172577,0.027877351
1975,0.008409628,0.002312432,99.74917,100.803,1.053833,0.002312432
1976,0.007446069,-0.018406462,100.071976,100.0733,0.0013275146,0.018406462
1977,0.003234953,-0.0010420287,99.93022,100.70052,0.7703018,0.0010420287
1978,0.0022922168,-0.0020194526,99.66013,100.801414,1.1412811,0.0020194526
1979,0.00029007584,-3.796547e-05,100.098366,100.11075,0.012382507,3.796547e-05
1980,0.0010110019,0.0003324272,100.12747,100.385895,0.25842285,0.0003324272
1981,0.0014872986,-0.00036616283,100.25114,100.40323,0.15209198,0.00036616283
1982,0.002517955,-0.0018501242,99.671196,100.32108,0.6498871,0.0018501242
1983,0.0021230732,-0.00085686013,100.0246,99.90868,-0.11591339,0.00085686013
1984,0.002360366,-0.0006692053,100.11958,100.056694,-0.0628891,0.0006692053
1985,0.0015601764,-3.7376817e-06,100.37893,99.88006,-0.49887085,3.7376817e-06
1986,0.0006329175,0.00047888816,99.68642,99.9198,0.23338318,0.00047888816
1987,-0.0014196456,-0.00032283642,100.191345,100.056435,-0.13491058,0.00032283642
1988,-0.0016779175,-0.00082546915,100.024315,99.963844,-0.06047058,0.00082546915
1989,-0.0022967225,-0.001733885,100.25983,99.89488,-0.36494446,0.001733885
1990,0.0013095359,0.00058116677,99.90235,99.804474,-0.0978775,0.00058116677
1991,0.0016286825,0.0019871644,100.032196,100.4309,0.39870453,0.0019871644
1992,0.0040533994,-0.0050709243,99.56333,100.282486,0.71915436,0.0050709243
1993,0.0039235107,-0.0014585592,99.37261,100.100555,0.7279434,0.0014585592
1994,0.0037203562,-0.0053526512,99.52076,100.40282,0.8820572,0.0053526512
1995,0.003891658,0.0008312279,99.532555,100.19183,0.65927887,0.0008312279
1996,0.0028333387,0.0008068202,99.73247,100.66757,0.93510437,0.0008068202
1997,0.004178024,0.006365139,99.551315,100.50964,0.95832825,0.006365139
1998,0.004289604,-0.0073896195,100.22984,100.484535,0.25469208,0.0073896195
1999,0.0025135123,-0.00053559383,100.09093,100.48211,0.39118195,0.00053559383
2000,0.0023881148,-0.0051137293,100.12194,101.01206,0.89012146,0.0051137293
